# Blender 5.1.2
# www.blender.org
mtllib Player.mtl
o 球.004
v 0.018424 -0.059358 0.432200
v 0.018424 0.027366 0.423693
v 0.018424 0.187629 0.357382
v 0.018424 0.385327 -0.012142
v 0.105145 -0.059355 0.423659
v 0.103478 0.027369 0.415315
v 0.098543 0.110766 0.390538
v 0.090530 0.187632 0.350280
v 0.079745 0.255013 0.296087
v 0.066604 0.310320 0.230043
v 0.051611 0.351426 0.154685
v 0.035343 0.376753 0.072909
v 0.188532 -0.059345 0.398364
v 0.185264 0.027378 0.390506
v 0.175584 0.110775 0.367168
v 0.159864 0.187640 0.329247
v 0.138709 0.255020 0.278201
v 0.112931 0.310325 0.215989
v 0.083522 0.351430 0.145004
v 0.051611 0.376755 0.067974
v 0.265383 -0.059329 0.357286
v 0.260638 0.027394 0.350218
v 0.246584 0.110790 0.329218
v 0.223763 0.187654 0.295093
v 0.193050 0.255031 0.249154
v 0.155627 0.310334 0.193168
v 0.112931 0.351436 0.129285
v 0.066603 0.376758 0.059960
v 0.332743 -0.059308 0.302005
v 0.326703 0.027415 0.295999
v 0.308817 0.110810 0.278145
v 0.279771 0.187671 0.249128
v 0.240681 0.255046 0.210065
v 0.193050 0.310346 0.162455
v 0.138709 0.351444 0.108130
v 0.079745 0.376762 0.049175
v 0.388024 -0.059282 0.234645
v 0.380922 0.027440 0.229933
v 0.359890 0.110834 0.215912
v 0.325735 0.187693 0.193120
v 0.279771 0.255065 0.162434
v 0.223763 0.310360 0.125032
v 0.159864 0.351454 0.082352
v 0.090530 0.376767 0.036034
v 0.429101 -0.059252 0.157795
v 0.421210 0.027470 0.154559
v 0.397840 0.110861 0.144912
v 0.359890 0.187718 0.129222
v 0.308817 0.255086 0.108092
v 0.246584 0.310377 0.082336
v 0.175584 0.351466 0.052943
v 0.098543 0.376773 0.021041
v 0.454397 -0.059220 0.074407
v 0.446020 0.027501 0.072774
v 0.421210 0.110891 0.067871
v 0.380922 0.187744 0.059887
v 0.326703 0.255109 0.049128
v 0.260638 0.310395 0.036008
v 0.185264 0.351478 0.021032
v 0.103478 0.376780 0.004773
v 0.462938 -0.059186 -0.012314
v 0.454397 0.027534 -0.012280
v 0.429101 0.110922 -0.012248
v 0.388024 0.187772 -0.012218
v 0.332743 0.255132 -0.012192
v 0.265383 0.310413 -0.012171
v 0.188532 0.351491 -0.012155
v 0.105145 0.376786 -0.012145
v 0.454397 -0.059153 -0.099034
v 0.446020 0.027567 -0.097334
v 0.421210 0.110953 -0.092367
v 0.380922 0.187800 -0.084323
v 0.326703 0.255156 -0.073513
v 0.260638 0.310432 -0.060350
v 0.185264 0.351504 -0.045341
v 0.103478 0.376793 -0.029063
v 0.429101 -0.059121 -0.182421
v 0.421210 0.027598 -0.179119
v 0.397840 0.110982 -0.169407
v 0.359890 0.187827 -0.153658
v 0.308817 0.255179 -0.132477
v 0.246584 0.310450 -0.106678
v 0.175584 0.351516 -0.077252
v 0.098543 0.376799 -0.045332
v 0.388024 -0.059091 -0.259272
v 0.380922 0.027627 -0.254493
v 0.359890 0.111010 -0.240408
v 0.325735 0.187851 -0.217557
v 0.279771 0.255200 -0.186818
v 0.223763 0.310466 -0.149374
v 0.159864 0.351527 -0.106662
v 0.090530 0.376805 -0.060324
v 0.332743 -0.059065 -0.326632
v 0.326703 0.027653 -0.320559
v 0.308817 0.111034 -0.302640
v 0.279771 0.187873 -0.273564
v 0.240681 0.255218 -0.234449
v 0.193050 0.310481 -0.186797
v 0.138709 0.351537 -0.132439
v 0.079745 0.376810 -0.073466
v 0.265383 -0.059044 -0.381913
v 0.260638 0.027674 -0.374778
v 0.246584 0.111053 -0.353713
v 0.223763 0.187891 -0.319529
v 0.193050 0.255233 -0.273538
v 0.155627 0.310493 -0.217509
v 0.112931 0.351545 -0.153594
v 0.066603 0.376814 -0.084250
v 0.188532 -0.059028 -0.422990
v 0.185264 0.027689 -0.415066
v 0.175584 0.111068 -0.391664
v 0.159864 0.187904 -0.353684
v 0.138709 0.255244 -0.302585
v 0.112931 0.310501 -0.240331
v 0.083522 0.351551 -0.169314
v 0.051611 0.376817 -0.092264
v 0.105144 -0.059018 -0.448286
v 0.103478 0.027699 -0.439875
v 0.098543 0.111077 -0.415034
v 0.090530 0.187912 -0.374716
v 0.079745 0.255251 -0.320471
v 0.066603 0.310507 -0.254384
v 0.051611 0.351555 -0.178994
v 0.035343 0.376819 -0.097199
v 0.018424 -0.059015 -0.456827
v 0.018424 0.027702 -0.448252
v 0.018424 0.111080 -0.422925
v 0.018424 0.187915 -0.381818
v 0.018424 0.255254 -0.326511
v 0.018424 0.310509 -0.259129
v 0.018424 0.351556 -0.182263
v 0.018424 0.376820 -0.098865
v -0.068296 -0.059018 -0.448286
v -0.066630 0.027699 -0.439875
v -0.061695 0.111077 -0.415034
v -0.053681 0.187912 -0.374716
v -0.042896 0.255251 -0.320471
v -0.029755 0.310507 -0.254384
v -0.014762 0.351555 -0.178994
v 0.001506 0.376819 -0.097199
v -0.151684 -0.059028 -0.422990
v -0.148415 0.027689 -0.415066
v -0.138735 0.111068 -0.391664
v -0.123015 0.187904 -0.353683
v -0.101860 0.255244 -0.302585
v -0.076083 0.310501 -0.240331
v -0.046673 0.351551 -0.169314
v -0.014762 0.376817 -0.092264
v -0.228534 -0.059044 -0.381913
v -0.223789 0.027674 -0.374778
v -0.209736 0.111053 -0.353713
v -0.186914 0.187891 -0.319529
v -0.156202 0.255233 -0.273538
v -0.118779 0.310493 -0.217509
v -0.076083 0.351545 -0.153594
v -0.029755 0.376814 -0.084250
v -0.295894 -0.059065 -0.326632
v -0.289855 0.027653 -0.320559
v -0.271968 0.111034 -0.302640
v -0.242922 0.187873 -0.273564
v -0.203833 0.255218 -0.234449
v -0.156202 0.310481 -0.186797
v -0.101860 0.351537 -0.132439
v -0.042896 0.376810 -0.073466
v -0.351175 -0.059091 -0.259272
v -0.344074 0.027627 -0.254493
v -0.323041 0.111010 -0.240408
v -0.288887 0.187851 -0.217556
v -0.242922 0.255200 -0.186818
v -0.186914 0.310466 -0.149373
v -0.123015 0.351527 -0.106662
v -0.053681 0.376805 -0.060324
v -0.392253 -0.059121 -0.182421
v -0.384362 0.027598 -0.179119
v -0.360992 0.110982 -0.169407
v -0.323041 0.187827 -0.153658
v -0.271968 0.255179 -0.132477
v -0.209736 0.310450 -0.106678
v -0.138735 0.351516 -0.077252
v -0.061695 0.376799 -0.045331
v -0.417548 -0.059153 -0.099033
v -0.409171 0.027567 -0.097334
v -0.384362 0.110953 -0.092367
v -0.344073 0.187800 -0.084323
v -0.289855 0.255156 -0.073513
v -0.223789 0.310432 -0.060350
v -0.148415 0.351504 -0.045341
v -0.066630 0.376793 -0.029063
v -0.426089 -0.059186 -0.012313
v -0.417548 0.027534 -0.012280
v -0.392253 0.110922 -0.012248
v -0.351175 0.187772 -0.012218
v -0.295894 0.255132 -0.012192
v -0.228534 0.310413 -0.012171
v -0.151684 0.351491 -0.012155
v -0.068296 0.376786 -0.012145
v -0.417548 -0.059220 0.074407
v -0.409171 0.027501 0.072774
v -0.384362 0.110891 0.067871
v -0.344073 0.187744 0.059887
v -0.289855 0.255109 0.049128
v -0.223789 0.310395 0.036009
v -0.148415 0.351478 0.021032
v -0.066630 0.376780 0.004773
v -0.392252 -0.059252 0.157795
v -0.384362 0.027470 0.154560
v -0.360992 0.110861 0.144911
v -0.323041 0.187718 0.129222
v -0.271968 0.255086 0.108092
v -0.209735 0.310377 0.082336
v -0.138735 0.351466 0.052943
v -0.061695 0.376773 0.021041
v -0.351175 -0.059282 0.234645
v -0.344073 0.027440 0.229933
v -0.323041 0.110834 0.215912
v -0.288886 0.187693 0.193120
v -0.242922 0.255065 0.162434
v -0.186914 0.310360 0.125032
v -0.123015 0.351454 0.082352
v -0.053681 0.376767 0.036034
v -0.295894 -0.059308 0.302005
v -0.289855 0.027415 0.295999
v -0.271968 0.110810 0.278145
v -0.242922 0.187671 0.249128
v -0.203833 0.255046 0.210065
v -0.156202 0.310346 0.162455
v -0.101860 0.351444 0.108130
v -0.042896 0.376762 0.049175
v -0.228534 -0.059329 0.357286
v -0.223789 0.027394 0.350218
v -0.209736 0.110790 0.329218
v -0.186914 0.187654 0.295093
v -0.156202 0.255031 0.249154
v -0.118778 0.310334 0.193168
v -0.076083 0.351436 0.129285
v -0.029755 0.376758 0.059960
v -0.151683 -0.059345 0.398363
v -0.148415 0.027378 0.390506
v -0.138735 0.110775 0.367168
v -0.123015 0.187640 0.329247
v -0.101860 0.255020 0.278200
v -0.076083 0.310325 0.215989
v -0.046673 0.351430 0.145004
v -0.014762 0.376755 0.067974
v -0.068296 -0.059355 0.423659
v -0.066630 0.027369 0.415315
v -0.061695 0.110766 0.390538
v -0.053681 0.187632 0.350280
v -0.042896 0.255013 0.296087
v -0.029755 0.310320 0.230042
v -0.014762 0.351426 0.154685
v 0.001506 0.376753 0.072909
v 0.018424 0.110763 0.398429
v 0.018424 0.255011 0.302127
v 0.018424 0.310318 0.234788
v 0.018424 0.351425 0.157953
v 0.018424 0.376753 0.074575
v 0.000000 -0.017239 0.000000
v 0.000000 -0.085205 -0.555570
v 0.000000 -0.196472 -0.831469
v 0.000000 -0.196396 -0.831470
v 0.000000 -0.195830 0.000000
v 0.038060 -0.024988 -0.191342
v 0.074658 -0.047937 -0.375330
v 0.108386 -0.085205 -0.544895
v 0.137950 -0.135359 -0.693520
v 0.162212 -0.196472 -0.815493
v 0.162212 -0.196396 -0.815493
v 0.137950 -0.196203 -0.693520
v 0.108386 -0.196045 -0.544895
v 0.074658 -0.195927 -0.375330
v 0.038060 -0.195854 -0.191342
v 0.074658 -0.024988 -0.180240
v 0.146447 -0.047937 -0.353553
v 0.212608 -0.085205 -0.513280
v 0.270598 -0.135359 -0.653281
v 0.318190 -0.196472 -0.768177
v 0.318190 -0.196396 -0.768178
v 0.270598 -0.196203 -0.653281
v 0.212608 -0.196045 -0.513280
v 0.146447 -0.195927 -0.353553
v 0.074658 -0.195854 -0.180240
v 0.108386 -0.024988 -0.162212
v 0.212608 -0.047937 -0.318190
v 0.308658 -0.085205 -0.461940
v 0.392847 -0.135359 -0.587938
v 0.461940 -0.196472 -0.691341
v 0.461940 -0.196396 -0.691342
v 0.392847 -0.196203 -0.587938
v 0.308658 -0.196045 -0.461940
v 0.212608 -0.195927 -0.318190
v 0.108386 -0.195854 -0.162212
v 0.137950 -0.024988 -0.137950
v 0.270598 -0.047937 -0.270598
v 0.392847 -0.085205 -0.392847
v 0.500000 -0.135359 -0.500000
v 0.587938 -0.196472 -0.587938
v 0.587938 -0.196396 -0.587938
v 0.500000 -0.196203 -0.500000
v 0.392847 -0.196045 -0.392847
v 0.270598 -0.195927 -0.270598
v 0.137950 -0.195854 -0.137950
v 0.162212 -0.024988 -0.108386
v 0.318190 -0.047937 -0.212607
v 0.461940 -0.085205 -0.308658
v 0.587938 -0.135359 -0.392847
v 0.691342 -0.196472 -0.461940
v 0.691342 -0.196396 -0.461940
v 0.587938 -0.196203 -0.392847
v 0.461940 -0.196045 -0.308658
v 0.318190 -0.195927 -0.212608
v 0.162212 -0.195854 -0.108386
v 0.180240 -0.024988 -0.074658
v 0.353553 -0.047937 -0.146447
v 0.513280 -0.085205 -0.212607
v 0.653281 -0.135359 -0.270598
v 0.768178 -0.196472 -0.318189
v 0.768178 -0.196396 -0.318189
v 0.653281 -0.196203 -0.270598
v 0.513280 -0.196045 -0.212607
v 0.353553 -0.195927 -0.146447
v 0.180240 -0.195854 -0.074658
v 0.191342 -0.024988 -0.038060
v 0.375330 -0.047937 -0.074658
v 0.544895 -0.085205 -0.108386
v 0.693520 -0.135359 -0.137950
v 0.815493 -0.196472 -0.162212
v 0.815493 -0.196396 -0.162212
v 0.693520 -0.196203 -0.137950
v 0.544895 -0.196045 -0.108386
v 0.375330 -0.195927 -0.074658
v 0.191342 -0.195854 -0.038060
v 0.195090 -0.024988 0.000000
v 0.382683 -0.047937 0.000000
v 0.555570 -0.085205 0.000000
v 0.707107 -0.135359 -0.000000
v 0.831469 -0.196472 0.000000
v 0.831469 -0.196396 0.000000
v 0.707107 -0.196203 -0.000000
v 0.555570 -0.196045 0.000000
v 0.382683 -0.195927 0.000000
v 0.195090 -0.195854 0.000000
v 0.191342 -0.024988 0.038060
v 0.375330 -0.047937 0.074658
v 0.544895 -0.085205 0.108386
v 0.693520 -0.135359 0.137950
v 0.815493 -0.196472 0.162212
v 0.815493 -0.196396 0.162212
v 0.693520 -0.196203 0.137950
v 0.544895 -0.196045 0.108386
v 0.375330 -0.195927 0.074658
v 0.191342 -0.195854 0.038060
v 0.180240 -0.024988 0.074658
v 0.353553 -0.047937 0.146447
v 0.513280 -0.085205 0.212608
v 0.653281 -0.135359 0.270598
v 0.768177 -0.196472 0.318190
v 0.768177 -0.196396 0.318190
v 0.653281 -0.196203 0.270598
v 0.513280 -0.196045 0.212608
v 0.353553 -0.195927 0.146447
v 0.180240 -0.195854 0.074658
v 0.162212 -0.024988 0.108386
v 0.318190 -0.047937 0.212608
v 0.461940 -0.085205 0.308658
v 0.587938 -0.135359 0.392847
v 0.691341 -0.196472 0.461940
v 0.691341 -0.196396 0.461940
v 0.587938 -0.196203 0.392847
v 0.461940 -0.196045 0.308658
v 0.318190 -0.195927 0.212608
v 0.162212 -0.195854 0.108386
v 0.137950 -0.024988 0.137950
v 0.270598 -0.047937 0.270598
v 0.392847 -0.085205 0.392847
v 0.500000 -0.135359 0.500000
v 0.587937 -0.196472 0.587938
v 0.587937 -0.196396 0.587938
v 0.500000 -0.196203 0.500000
v 0.392847 -0.196045 0.392847
v 0.270598 -0.195927 0.270598
v 0.137950 -0.195854 0.137950
v 0.108386 -0.024988 0.162212
v 0.212607 -0.047937 0.318190
v 0.308658 -0.085205 0.461940
v 0.392847 -0.135359 0.587938
v 0.461939 -0.196472 0.691341
v 0.461939 -0.196396 0.691341
v 0.392847 -0.196203 0.587938
v 0.308658 -0.196045 0.461940
v 0.212607 -0.195927 0.318190
v 0.108386 -0.195854 0.162212
v 0.074658 -0.024988 0.180240
v 0.146447 -0.047937 0.353553
v 0.212607 -0.085205 0.513280
v 0.270598 -0.135359 0.653281
v 0.318189 -0.196472 0.768178
v 0.318189 -0.196396 0.768177
v 0.270598 -0.196203 0.653281
v 0.212607 -0.196045 0.513280
v 0.146447 -0.195927 0.353553
v 0.074658 -0.195854 0.180240
v 0.038060 -0.024988 0.191342
v 0.074658 -0.047937 0.375330
v 0.108386 -0.085205 0.544895
v 0.137950 -0.135359 0.693520
v 0.162212 -0.196472 0.815493
v 0.162212 -0.196396 0.815493
v 0.137950 -0.196203 0.693520
v 0.108386 -0.196045 0.544895
v 0.074658 -0.195927 0.375330
v 0.038060 -0.195854 0.191342
v -0.000000 -0.024988 0.195090
v -0.000000 -0.047937 0.382683
v -0.000000 -0.085205 0.555570
v -0.000000 -0.135359 0.707107
v -0.000000 -0.196472 0.831469
v -0.000000 -0.196396 0.831469
v -0.000000 -0.196203 0.707107
v -0.000000 -0.196045 0.555570
v -0.000000 -0.195927 0.382683
v -0.000000 -0.195854 0.195090
v -0.038060 -0.024988 0.191342
v -0.074658 -0.047937 0.375330
v -0.108386 -0.085205 0.544895
v -0.137950 -0.135359 0.693520
v -0.162212 -0.196472 0.815493
v -0.162212 -0.196396 0.815493
v -0.137950 -0.196203 0.693520
v -0.108386 -0.196045 0.544895
v -0.074658 -0.195927 0.375330
v -0.038060 -0.195854 0.191342
v -0.074658 -0.024988 0.180240
v -0.146447 -0.047937 0.353553
v -0.212607 -0.085205 0.513280
v -0.270598 -0.135359 0.653281
v -0.318190 -0.196472 0.768177
v -0.318190 -0.196396 0.768177
v -0.270598 -0.196203 0.653281
v -0.212607 -0.196045 0.513280
v -0.146447 -0.195927 0.353553
v -0.074658 -0.195854 0.180240
v -0.108386 -0.024988 0.162212
v -0.212607 -0.047937 0.318190
v -0.308658 -0.085205 0.461939
v -0.392847 -0.135359 0.587938
v -0.461940 -0.196472 0.691341
v -0.461940 -0.196396 0.691341
v -0.392847 -0.196203 0.587938
v -0.308658 -0.196045 0.461939
v -0.212607 -0.195927 0.318190
v -0.108386 -0.195854 0.162212
v -0.137950 -0.024988 0.137950
v -0.270598 -0.047937 0.270598
v -0.392847 -0.085205 0.392847
v -0.500000 -0.135359 0.500000
v -0.587938 -0.196472 0.587937
v -0.587938 -0.196396 0.587937
v -0.500000 -0.196203 0.500000
v -0.392847 -0.196045 0.392847
v -0.270598 -0.195927 0.270598
v -0.137950 -0.195854 0.137950
v -0.162212 -0.024988 0.108386
v -0.318190 -0.047937 0.212607
v -0.461939 -0.085205 0.308658
v -0.587938 -0.135359 0.392847
v -0.691341 -0.196472 0.461939
v -0.691341 -0.196396 0.461939
v -0.587938 -0.196203 0.392847
v -0.461939 -0.196045 0.308658
v -0.318190 -0.195927 0.212607
v -0.162212 -0.195854 0.108386
v -0.180240 -0.024988 0.074658
v -0.353553 -0.047937 0.146446
v -0.513280 -0.085205 0.212607
v -0.653281 -0.135359 0.270598
v -0.768177 -0.196472 0.318189
v -0.768177 -0.196396 0.318189
v -0.653281 -0.196203 0.270598
v -0.513280 -0.196045 0.212607
v -0.353553 -0.195927 0.146446
v -0.180240 -0.195854 0.074658
v -0.191342 -0.024988 0.038060
v -0.375330 -0.047937 0.074658
v -0.544895 -0.085205 0.108386
v -0.693520 -0.135359 0.137950
v -0.815493 -0.196472 0.162211
v -0.815493 -0.196396 0.162211
v -0.693520 -0.196203 0.137950
v -0.544895 -0.196045 0.108386
v -0.375330 -0.195927 0.074658
v -0.191342 -0.195854 0.038060
v -0.195090 -0.024988 -0.000000
v -0.382683 -0.047937 -0.000000
v -0.555570 -0.085205 -0.000000
v -0.707106 -0.135359 -0.000000
v -0.831469 -0.196472 -0.000000
v -0.831469 -0.196396 -0.000000
v -0.707106 -0.196203 -0.000000
v -0.555570 -0.196045 -0.000000
v -0.382683 -0.195927 -0.000000
v -0.195090 -0.195854 -0.000000
v -0.191342 -0.024988 -0.038060
v -0.375330 -0.047937 -0.074658
v -0.544895 -0.085205 -0.108386
v -0.693520 -0.135359 -0.137950
v -0.815493 -0.196472 -0.162212
v -0.815493 -0.196396 -0.162212
v -0.693520 -0.196203 -0.137950
v -0.544895 -0.196045 -0.108386
v -0.375330 -0.195927 -0.074658
v -0.191342 -0.195854 -0.038060
v -0.180240 -0.024988 -0.074658
v -0.353553 -0.047937 -0.146447
v -0.513279 -0.085205 -0.212607
v -0.653281 -0.135359 -0.270598
v -0.768177 -0.196472 -0.318190
v -0.768177 -0.196396 -0.318190
v -0.653281 -0.196203 -0.270598
v -0.513279 -0.196045 -0.212607
v -0.353553 -0.195927 -0.146447
v -0.180240 -0.195854 -0.074658
v -0.162211 -0.024988 -0.108386
v -0.318189 -0.047937 -0.212607
v -0.461939 -0.085205 -0.308658
v -0.587938 -0.135359 -0.392847
v -0.691341 -0.196472 -0.461940
v -0.691341 -0.196396 -0.461940
v -0.587938 -0.196203 -0.392847
v -0.461939 -0.196045 -0.308658
v -0.318189 -0.195927 -0.212607
v -0.162211 -0.195854 -0.108386
v -0.137950 -0.024988 -0.137950
v -0.270598 -0.047937 -0.270598
v -0.392847 -0.085205 -0.392847
v -0.500000 -0.135359 -0.500000
v -0.587937 -0.196472 -0.587937
v -0.587937 -0.196396 -0.587937
v -0.500000 -0.196203 -0.500000
v -0.392847 -0.196045 -0.392847
v -0.270598 -0.195927 -0.270598
v -0.137950 -0.195854 -0.137950
v -0.108386 -0.024988 -0.162212
v -0.212607 -0.047937 -0.318189
v -0.308658 -0.085205 -0.461939
v -0.392847 -0.135359 -0.587938
v -0.461939 -0.196472 -0.691341
v -0.461939 -0.196396 -0.691341
v -0.392847 -0.196203 -0.587938
v -0.308658 -0.196045 -0.461939
v -0.212607 -0.195927 -0.318189
v -0.108386 -0.195854 -0.162212
v -0.074658 -0.024988 -0.180240
v -0.146446 -0.047937 -0.353553
v -0.212607 -0.085205 -0.513279
v -0.270598 -0.135359 -0.653281
v -0.318189 -0.196472 -0.768177
v -0.318189 -0.196396 -0.768177
v -0.270598 -0.196203 -0.653281
v -0.212607 -0.196045 -0.513279
v -0.146446 -0.195927 -0.353553
v -0.074658 -0.195854 -0.180240
v -0.038060 -0.024988 -0.191341
v -0.074658 -0.047937 -0.375330
v -0.108386 -0.085205 -0.544894
v -0.137950 -0.135359 -0.693520
v -0.162211 -0.196472 -0.815492
v -0.162211 -0.196396 -0.815492
v -0.137950 -0.196203 -0.693520
v -0.108386 -0.196045 -0.544894
v -0.074658 -0.195927 -0.375330
v -0.038060 -0.195854 -0.191341
v 0.000000 -0.024988 -0.195090
v 0.000000 -0.047937 -0.382683
v 0.000000 -0.135359 -0.707106
v 0.000000 -0.196203 -0.707106
v 0.000000 -0.196045 -0.555569
v 0.000000 -0.195927 -0.382683
v 0.000000 -0.195854 -0.195090
v -0.420709 -0.205075 -0.491867
v -0.420709 -0.258124 -0.486642
v -0.420709 -0.356146 -0.446040
v -0.420709 -0.476996 -0.219946
v -0.367660 -0.205075 -0.486642
v -0.368680 -0.258124 -0.481517
v -0.371698 -0.309135 -0.466341
v -0.376601 -0.356147 -0.441695
v -0.383198 -0.397352 -0.408528
v -0.391237 -0.431169 -0.368114
v -0.400408 -0.456297 -0.322006
v -0.410360 -0.471771 -0.271975
v -0.316650 -0.205075 -0.471168
v -0.318649 -0.258124 -0.466341
v -0.324571 -0.309135 -0.452045
v -0.334187 -0.356146 -0.428829
v -0.347128 -0.397352 -0.397587
v -0.362897 -0.431169 -0.359517
v -0.380887 -0.456297 -0.316084
v -0.400408 -0.471771 -0.268957
v -0.269638 -0.205075 -0.446040
v -0.272541 -0.258124 -0.441695
v -0.281138 -0.309135 -0.428829
v -0.295098 -0.356146 -0.407936
v -0.313886 -0.397352 -0.379818
v -0.336779 -0.431169 -0.345557
v -0.362897 -0.456297 -0.306468
v -0.391237 -0.471771 -0.264054
v -0.228432 -0.205075 -0.412223
v -0.232127 -0.258124 -0.408528
v -0.243068 -0.309135 -0.397587
v -0.260837 -0.356147 -0.379818
v -0.284749 -0.397352 -0.355906
v -0.313886 -0.431169 -0.326769
v -0.347128 -0.456297 -0.293527
v -0.383198 -0.471771 -0.257457
v -0.194615 -0.205075 -0.371017
v -0.198960 -0.258124 -0.368114
v -0.211826 -0.309135 -0.359517
v -0.232719 -0.356146 -0.345557
v -0.260837 -0.397352 -0.326769
v -0.295098 -0.431169 -0.303876
v -0.334187 -0.456297 -0.277758
v -0.376601 -0.471771 -0.249418
v -0.169487 -0.205075 -0.324005
v -0.174314 -0.258124 -0.322006
v -0.188610 -0.309135 -0.316084
v -0.211826 -0.356146 -0.306468
v -0.243068 -0.397352 -0.293527
v -0.281138 -0.431169 -0.277758
v -0.324571 -0.456297 -0.259768
v -0.371698 -0.471771 -0.240247
v -0.154013 -0.205075 -0.272995
v -0.159138 -0.258124 -0.271975
v -0.174314 -0.309135 -0.268957
v -0.198960 -0.356146 -0.264054
v -0.232127 -0.397352 -0.257457
v -0.272541 -0.431169 -0.249418
v -0.318649 -0.456298 -0.240247
v -0.368680 -0.471771 -0.230295
v -0.148788 -0.205075 -0.219946
v -0.154013 -0.258124 -0.219946
v -0.169487 -0.309135 -0.219946
v -0.194615 -0.356146 -0.219946
v -0.228432 -0.397352 -0.219946
v -0.269638 -0.431169 -0.219946
v -0.316650 -0.456298 -0.219946
v -0.367660 -0.471771 -0.219946
v -0.154013 -0.205075 -0.166896
v -0.159138 -0.258124 -0.167916
v -0.174314 -0.309135 -0.170935
v -0.198960 -0.356146 -0.175837
v -0.232127 -0.397352 -0.182434
v -0.272541 -0.431169 -0.190473
v -0.318649 -0.456297 -0.199645
v -0.368680 -0.471771 -0.209596
v -0.169487 -0.205075 -0.115886
v -0.174314 -0.258124 -0.117885
v -0.188610 -0.309135 -0.123807
v -0.211826 -0.356146 -0.133423
v -0.243068 -0.397352 -0.146364
v -0.281138 -0.431169 -0.162133
v -0.324571 -0.456298 -0.180124
v -0.371698 -0.471771 -0.199645
v -0.194615 -0.205075 -0.068874
v -0.198960 -0.258124 -0.071777
v -0.211826 -0.309135 -0.080374
v -0.232719 -0.356146 -0.094335
v -0.260837 -0.397352 -0.113122
v -0.295098 -0.431169 -0.136015
v -0.334187 -0.456297 -0.162133
v -0.376601 -0.471771 -0.190473
v -0.228432 -0.205075 -0.027669
v -0.232127 -0.258124 -0.031363
v -0.243068 -0.309135 -0.042305
v -0.260837 -0.356147 -0.060073
v -0.284749 -0.397352 -0.083985
v -0.313886 -0.431169 -0.113122
v -0.347128 -0.456298 -0.146364
v -0.383198 -0.471771 -0.182434
v -0.269638 -0.205075 0.006148
v -0.272541 -0.258124 0.001804
v -0.281138 -0.309135 -0.011062
v -0.295098 -0.356146 -0.031955
v -0.313886 -0.397352 -0.060073
v -0.336779 -0.431169 -0.094335
v -0.362897 -0.456297 -0.133423
v -0.391237 -0.471771 -0.175837
v -0.316650 -0.205075 0.031276
v -0.318649 -0.258124 0.026449
v -0.324571 -0.309135 0.012153
v -0.334187 -0.356146 -0.011062
v -0.347128 -0.397352 -0.042305
v -0.362897 -0.431169 -0.080374
v -0.380887 -0.456297 -0.123807
v -0.400408 -0.471771 -0.170935
v -0.367660 -0.205075 0.046750
v -0.368680 -0.258124 0.041626
v -0.371698 -0.309135 0.026449
v -0.376601 -0.356146 0.001804
v -0.383198 -0.397352 -0.031363
v -0.391237 -0.431169 -0.071777
v -0.400408 -0.456297 -0.117886
v -0.410360 -0.471771 -0.167916
v -0.420709 -0.205075 0.051975
v -0.420709 -0.258124 0.046750
v -0.420709 -0.309135 0.031276
v -0.420709 -0.356146 0.006148
v -0.420709 -0.397352 -0.027669
v -0.420709 -0.431169 -0.068875
v -0.420709 -0.456297 -0.115886
v -0.420709 -0.471771 -0.166897
v -0.473759 -0.205075 0.046750
v -0.472739 -0.258124 0.041626
v -0.469720 -0.309135 0.026449
v -0.464818 -0.356146 0.001804
v -0.458221 -0.397352 -0.031363
v -0.450182 -0.431169 -0.071777
v -0.441010 -0.456297 -0.117886
v -0.431059 -0.471771 -0.167916
v -0.524769 -0.205075 0.031276
v -0.522770 -0.258124 0.026449
v -0.516848 -0.309135 0.012153
v -0.507232 -0.356146 -0.011062
v -0.494291 -0.397352 -0.042305
v -0.478522 -0.431169 -0.080374
v -0.460531 -0.456297 -0.123807
v -0.441010 -0.471771 -0.170935
v -0.571781 -0.205075 0.006148
v -0.568878 -0.258124 0.001804
v -0.560281 -0.309135 -0.011062
v -0.546320 -0.356146 -0.031955
v -0.527533 -0.397352 -0.060073
v -0.504640 -0.431169 -0.094335
v -0.478522 -0.456297 -0.133423
v -0.450182 -0.471771 -0.175837
v -0.612986 -0.205075 -0.027669
v -0.609292 -0.258124 -0.031363
v -0.598350 -0.309135 -0.042305
v -0.580582 -0.356147 -0.060073
v -0.556670 -0.397352 -0.083985
v -0.527533 -0.431169 -0.113122
v -0.494291 -0.456298 -0.146364
v -0.458221 -0.471771 -0.182434
v -0.646803 -0.205075 -0.068875
v -0.642459 -0.258124 -0.071777
v -0.629593 -0.309135 -0.080374
v -0.608700 -0.356146 -0.094335
v -0.580582 -0.397352 -0.113122
v -0.546320 -0.431169 -0.136015
v -0.507232 -0.456297 -0.162133
v -0.464818 -0.471771 -0.190473
v -0.671931 -0.205075 -0.115886
v -0.667104 -0.258124 -0.117886
v -0.652808 -0.309135 -0.123807
v -0.629593 -0.356146 -0.133423
v -0.598350 -0.397352 -0.146364
v -0.560281 -0.431169 -0.162133
v -0.516848 -0.456298 -0.180124
v -0.469720 -0.471771 -0.199645
v -0.687405 -0.205075 -0.166897
v -0.682281 -0.258124 -0.167916
v -0.667104 -0.309135 -0.170935
v -0.642459 -0.356146 -0.175837
v -0.609292 -0.397352 -0.182434
v -0.568878 -0.431169 -0.190473
v -0.522770 -0.456297 -0.199645
v -0.472739 -0.471771 -0.209596
v -0.692630 -0.205075 -0.219946
v -0.687405 -0.258124 -0.219946
v -0.671931 -0.309135 -0.219946
v -0.646803 -0.356146 -0.219946
v -0.612986 -0.397352 -0.219946
v -0.571780 -0.431169 -0.219946
v -0.524769 -0.456298 -0.219946
v -0.473758 -0.471771 -0.219946
v -0.687405 -0.205075 -0.272995
v -0.682281 -0.258124 -0.271976
v -0.667104 -0.309135 -0.268957
v -0.642459 -0.356146 -0.264054
v -0.609292 -0.397352 -0.257457
v -0.568878 -0.431169 -0.249418
v -0.522769 -0.456298 -0.240247
v -0.472739 -0.471771 -0.230295
v -0.671931 -0.205075 -0.324005
v -0.667104 -0.258124 -0.322006
v -0.652808 -0.309135 -0.316084
v -0.629593 -0.356146 -0.306468
v -0.598350 -0.397352 -0.293527
v -0.560281 -0.431169 -0.277758
v -0.516848 -0.456297 -0.259768
v -0.469720 -0.471771 -0.240247
v -0.646803 -0.205075 -0.371017
v -0.642459 -0.258124 -0.368114
v -0.629593 -0.309135 -0.359517
v -0.608700 -0.356146 -0.345557
v -0.580582 -0.397352 -0.326769
v -0.546320 -0.431169 -0.303876
v -0.507232 -0.456297 -0.277758
v -0.464818 -0.471771 -0.249418
v -0.612986 -0.205075 -0.412223
v -0.609292 -0.258124 -0.408528
v -0.598350 -0.309135 -0.397586
v -0.580582 -0.356147 -0.379818
v -0.556670 -0.397352 -0.355906
v -0.527533 -0.431169 -0.326769
v -0.494291 -0.456297 -0.293527
v -0.458221 -0.471771 -0.257457
v -0.571780 -0.205075 -0.446039
v -0.568878 -0.258124 -0.441695
v -0.560281 -0.309135 -0.428829
v -0.546320 -0.356146 -0.407936
v -0.527533 -0.397352 -0.379818
v -0.504640 -0.431169 -0.345557
v -0.478522 -0.456297 -0.306468
v -0.450182 -0.471771 -0.264054
v -0.524769 -0.205075 -0.471168
v -0.522769 -0.258124 -0.466341
v -0.516848 -0.309135 -0.452045
v -0.507232 -0.356146 -0.428829
v -0.494291 -0.397352 -0.397587
v -0.478522 -0.431169 -0.359517
v -0.460531 -0.456297 -0.316084
v -0.441010 -0.471771 -0.268957
v -0.473758 -0.205075 -0.486641
v -0.472739 -0.258124 -0.481517
v -0.469720 -0.309135 -0.466341
v -0.464818 -0.356147 -0.441695
v -0.458221 -0.397352 -0.408528
v -0.450182 -0.431169 -0.368114
v -0.441010 -0.456297 -0.322006
v -0.431059 -0.471771 -0.271975
v -0.420709 -0.309135 -0.471168
v -0.420709 -0.397352 -0.412223
v -0.420709 -0.431169 -0.371017
v -0.420709 -0.456297 -0.324005
v -0.420709 -0.471771 -0.272995
v 0.029476 -0.192114 0.189267
v 0.029476 -0.245164 0.194492
v 0.029476 -0.343186 0.235094
v 0.029476 -0.464035 0.461188
v 0.082525 -0.192114 0.194492
v 0.081506 -0.245164 0.199617
v 0.078487 -0.296174 0.214793
v 0.073585 -0.343186 0.239439
v 0.066987 -0.384392 0.272606
v 0.058949 -0.418208 0.313020
v 0.049777 -0.443337 0.359128
v 0.039825 -0.458811 0.409158
v 0.133536 -0.192114 0.209966
v 0.131536 -0.245164 0.214793
v 0.125615 -0.296174 0.229089
v 0.115998 -0.343186 0.252305
v 0.103057 -0.384392 0.283547
v 0.087289 -0.418208 0.321617
v 0.069298 -0.443337 0.365050
v 0.049777 -0.458811 0.412177
v 0.180547 -0.192114 0.235094
v 0.177644 -0.245164 0.239439
v 0.169048 -0.296174 0.252305
v 0.155087 -0.343186 0.273198
v 0.136300 -0.384392 0.301316
v 0.113407 -0.418208 0.335577
v 0.087289 -0.443337 0.374666
v 0.058949 -0.458811 0.417079
v 0.221753 -0.192114 0.268911
v 0.218059 -0.245164 0.272606
v 0.207117 -0.296174 0.283547
v 0.189349 -0.343186 0.301316
v 0.165437 -0.384392 0.325228
v 0.136300 -0.418208 0.354365
v 0.103057 -0.443337 0.387607
v 0.066987 -0.458811 0.423677
v 0.255570 -0.192114 0.310117
v 0.251226 -0.245164 0.313020
v 0.238360 -0.296174 0.321617
v 0.217466 -0.343186 0.335577
v 0.189349 -0.384392 0.354365
v 0.155087 -0.418208 0.377258
v 0.115998 -0.443337 0.403376
v 0.073585 -0.458811 0.431716
v 0.280698 -0.192114 0.357129
v 0.275871 -0.245164 0.359128
v 0.261575 -0.296174 0.365050
v 0.238360 -0.343186 0.374666
v 0.207117 -0.384392 0.387607
v 0.169048 -0.418209 0.403376
v 0.125615 -0.443337 0.421366
v 0.078487 -0.458811 0.440887
v 0.296172 -0.192114 0.408139
v 0.291048 -0.245164 0.409158
v 0.275871 -0.296174 0.412177
v 0.251226 -0.343186 0.417079
v 0.218059 -0.384392 0.423677
v 0.177644 -0.418208 0.431716
v 0.131536 -0.443337 0.440887
v 0.081506 -0.458811 0.450839
v 0.301397 -0.192114 0.461188
v 0.296172 -0.245164 0.461188
v 0.280698 -0.296174 0.461188
v 0.255570 -0.343186 0.461188
v 0.221753 -0.384392 0.461188
v 0.180547 -0.418208 0.461188
v 0.133536 -0.443337 0.461188
v 0.082525 -0.458811 0.461188
v 0.296172 -0.192114 0.514237
v 0.291048 -0.245164 0.513218
v 0.275871 -0.296174 0.510199
v 0.251226 -0.343186 0.505297
v 0.218059 -0.384392 0.498700
v 0.177644 -0.418208 0.490661
v 0.131536 -0.443337 0.481489
v 0.081506 -0.458811 0.471538
v 0.280698 -0.192114 0.565248
v 0.275871 -0.245164 0.563248
v 0.261575 -0.296174 0.557327
v 0.238360 -0.343186 0.547711
v 0.207117 -0.384392 0.534769
v 0.169048 -0.418208 0.519001
v 0.125615 -0.443337 0.501010
v 0.078487 -0.458811 0.481489
v 0.255570 -0.192114 0.612259
v 0.251226 -0.245164 0.609357
v 0.238360 -0.296174 0.600760
v 0.217466 -0.343186 0.586799
v 0.189349 -0.384392 0.568012
v 0.155087 -0.418208 0.545119
v 0.115998 -0.443337 0.519001
v 0.073585 -0.458811 0.490661
v 0.221753 -0.192114 0.653465
v 0.218059 -0.245164 0.649771
v 0.207117 -0.296174 0.638829
v 0.189349 -0.343186 0.621061
v 0.165437 -0.384392 0.597149
v 0.136299 -0.418208 0.568012
v 0.103057 -0.443337 0.534769
v 0.066987 -0.458811 0.498700
v 0.180547 -0.192114 0.687282
v 0.177644 -0.245164 0.682938
v 0.169048 -0.296174 0.670072
v 0.155087 -0.343186 0.649179
v 0.136300 -0.384392 0.621061
v 0.113407 -0.418208 0.586799
v 0.087288 -0.443337 0.547711
v 0.058949 -0.458811 0.505297
v 0.133536 -0.192114 0.712410
v 0.131536 -0.245164 0.707583
v 0.125615 -0.296174 0.693287
v 0.115998 -0.343186 0.670072
v 0.103057 -0.384392 0.638829
v 0.087288 -0.418208 0.600760
v 0.069298 -0.443337 0.557327
v 0.049777 -0.458811 0.510199
v 0.082525 -0.192114 0.727884
v 0.081506 -0.245164 0.722760
v 0.078487 -0.296174 0.707583
v 0.073585 -0.343186 0.682938
v 0.066987 -0.384392 0.649771
v 0.058949 -0.418209 0.609357
v 0.049777 -0.443337 0.563248
v 0.039825 -0.458811 0.513218
v 0.029476 -0.192114 0.733109
v 0.029476 -0.245164 0.727884
v 0.029476 -0.296174 0.712410
v 0.029476 -0.343186 0.687282
v 0.029476 -0.384392 0.653465
v 0.029476 -0.418208 0.612259
v 0.029476 -0.443337 0.565248
v 0.029476 -0.458811 0.514237
v -0.023573 -0.192114 0.727884
v -0.022554 -0.245164 0.722760
v -0.019535 -0.296174 0.707583
v -0.014633 -0.343186 0.682938
v -0.008035 -0.384392 0.649771
v 0.000004 -0.418209 0.609357
v 0.009175 -0.443337 0.563248
v 0.019127 -0.458811 0.513218
v -0.074584 -0.192114 0.712410
v -0.072584 -0.245164 0.707583
v -0.066662 -0.296174 0.693287
v -0.057046 -0.343186 0.670072
v -0.044105 -0.384392 0.638829
v -0.028336 -0.418208 0.600760
v -0.010346 -0.443337 0.557327
v 0.009175 -0.458811 0.510199
v -0.121595 -0.192114 0.687282
v -0.118692 -0.245164 0.682938
v -0.110095 -0.296174 0.670072
v -0.096135 -0.343186 0.649178
v -0.077347 -0.384392 0.621061
v -0.054455 -0.418208 0.586799
v -0.028336 -0.443337 0.547711
v 0.000004 -0.458811 0.505297
v -0.162801 -0.192114 0.653465
v -0.159106 -0.245164 0.649771
v -0.148165 -0.296174 0.638829
v -0.130396 -0.343186 0.621061
v -0.106484 -0.384392 0.597149
v -0.077347 -0.418208 0.568012
v -0.044105 -0.443337 0.534769
v -0.008035 -0.458811 0.498700
v -0.196618 -0.192114 0.612259
v -0.192274 -0.245164 0.609357
v -0.179407 -0.296174 0.600760
v -0.158514 -0.343186 0.586799
v -0.130397 -0.384392 0.568012
v -0.096135 -0.418208 0.545119
v -0.057046 -0.443337 0.519001
v -0.014633 -0.458811 0.490661
v -0.221746 -0.192114 0.565248
v -0.216919 -0.245164 0.563248
v -0.202623 -0.296174 0.557327
v -0.179407 -0.343186 0.547711
v -0.148165 -0.384392 0.534769
v -0.110095 -0.418208 0.519001
v -0.066662 -0.443337 0.501010
v -0.019535 -0.458811 0.481489
v -0.237220 -0.192114 0.514237
v -0.232095 -0.245164 0.513218
v -0.216919 -0.296174 0.510199
v -0.192274 -0.343186 0.505297
v -0.159106 -0.384392 0.498700
v -0.118692 -0.418208 0.490661
v -0.072584 -0.443337 0.481489
v -0.022554 -0.458811 0.471538
v -0.242445 -0.192114 0.461188
v -0.237220 -0.245164 0.461188
v -0.221746 -0.296174 0.461188
v -0.196618 -0.343186 0.461188
v -0.162801 -0.384392 0.461188
v -0.121595 -0.418208 0.461188
v -0.074584 -0.443337 0.461188
v -0.023573 -0.458811 0.461188
v -0.237220 -0.192114 0.408139
v -0.232095 -0.245164 0.409158
v -0.216919 -0.296174 0.412177
v -0.192273 -0.343186 0.417079
v -0.159106 -0.384392 0.423677
v -0.118692 -0.418208 0.431716
v -0.072584 -0.443337 0.440887
v -0.022554 -0.458811 0.450839
v -0.221746 -0.192114 0.357129
v -0.216919 -0.245164 0.359128
v -0.202623 -0.296174 0.365050
v -0.179407 -0.343186 0.374666
v -0.148165 -0.384392 0.387607
v -0.110095 -0.418209 0.403376
v -0.066662 -0.443337 0.421366
v -0.019535 -0.458811 0.440887
v -0.196618 -0.192114 0.310117
v -0.192273 -0.245164 0.313020
v -0.179407 -0.296174 0.321617
v -0.158514 -0.343186 0.335577
v -0.130396 -0.384392 0.354365
v -0.096135 -0.418208 0.377258
v -0.057046 -0.443337 0.403376
v -0.014633 -0.458811 0.431716
v -0.162801 -0.192114 0.268911
v -0.159106 -0.245164 0.272606
v -0.148165 -0.296174 0.283547
v -0.130396 -0.343186 0.301316
v -0.106484 -0.384392 0.325228
v -0.077347 -0.418208 0.354365
v -0.044105 -0.443337 0.387607
v -0.008035 -0.458811 0.423677
v -0.121595 -0.192114 0.235094
v -0.118692 -0.245164 0.239439
v -0.110095 -0.296174 0.252305
v -0.096135 -0.343186 0.273198
v -0.077347 -0.384392 0.301316
v -0.054454 -0.418208 0.335577
v -0.028336 -0.443337 0.374666
v 0.000004 -0.458811 0.417080
v -0.074583 -0.192114 0.209966
v -0.072584 -0.245164 0.214793
v -0.066662 -0.296174 0.229089
v -0.057046 -0.343186 0.252305
v -0.044105 -0.384392 0.283547
v -0.028336 -0.418208 0.321617
v -0.010346 -0.443337 0.365050
v 0.009175 -0.458811 0.412177
v -0.023573 -0.192114 0.194492
v -0.022554 -0.245164 0.199617
v -0.019535 -0.296174 0.214793
v -0.014633 -0.343186 0.239439
v -0.008035 -0.384392 0.272606
v 0.000004 -0.418208 0.313020
v 0.009175 -0.443337 0.359128
v 0.019127 -0.458811 0.409158
v 0.029476 -0.296174 0.209966
v 0.029476 -0.384392 0.268911
v 0.029476 -0.418208 0.310117
v 0.029476 -0.443337 0.357129
v 0.029476 -0.458811 0.408139
v 0.366535 -0.190362 -0.564453
v 0.366535 -0.243411 -0.559228
v 0.366535 -0.341433 -0.518626
v 0.366535 -0.462283 -0.292532
v 0.419584 -0.190362 -0.559228
v 0.418564 -0.243411 -0.554103
v 0.415546 -0.294421 -0.538927
v 0.410643 -0.341433 -0.514281
v 0.404046 -0.382639 -0.481114
v 0.396007 -0.416456 -0.440700
v 0.386836 -0.441584 -0.394592
v 0.376884 -0.457058 -0.344562
v 0.470594 -0.190362 -0.543754
v 0.468595 -0.243411 -0.538927
v 0.462673 -0.294421 -0.524631
v 0.453057 -0.341433 -0.501415
v 0.440116 -0.382639 -0.470173
v 0.424347 -0.416456 -0.432103
v 0.406357 -0.441584 -0.388670
v 0.386836 -0.457058 -0.341543
v 0.517606 -0.190362 -0.518626
v 0.514703 -0.243411 -0.514281
v 0.506106 -0.294421 -0.501415
v 0.492146 -0.341433 -0.480522
v 0.473358 -0.382639 -0.452404
v 0.450465 -0.416456 -0.418143
v 0.424347 -0.441584 -0.379054
v 0.396007 -0.457058 -0.336641
v 0.558812 -0.190362 -0.484809
v 0.555117 -0.243411 -0.481114
v 0.544176 -0.294421 -0.470173
v 0.526407 -0.341433 -0.452404
v 0.502495 -0.382639 -0.428492
v 0.473358 -0.416456 -0.399355
v 0.440116 -0.441584 -0.366113
v 0.404046 -0.457058 -0.330043
v 0.592629 -0.190362 -0.443603
v 0.588284 -0.243411 -0.440700
v 0.575418 -0.294421 -0.432103
v 0.554525 -0.341433 -0.418143
v 0.526407 -0.382639 -0.399355
v 0.492146 -0.416456 -0.376462
v 0.453057 -0.441584 -0.350344
v 0.410643 -0.457058 -0.322004
v 0.617757 -0.190362 -0.396591
v 0.612930 -0.243411 -0.394592
v 0.598634 -0.294421 -0.388670
v 0.575418 -0.341433 -0.379054
v 0.544176 -0.382639 -0.366113
v 0.506106 -0.416456 -0.350344
v 0.462673 -0.441584 -0.332354
v 0.415546 -0.457058 -0.312833
v 0.633231 -0.190362 -0.345581
v 0.628106 -0.243411 -0.344562
v 0.612930 -0.294421 -0.341543
v 0.588284 -0.341433 -0.336640
v 0.555117 -0.382639 -0.330043
v 0.514703 -0.416456 -0.322004
v 0.468595 -0.441584 -0.312833
v 0.418564 -0.457058 -0.302881
v 0.638456 -0.190362 -0.292532
v 0.633231 -0.243411 -0.292532
v 0.617757 -0.294421 -0.292532
v 0.592629 -0.341433 -0.292532
v 0.558812 -0.382639 -0.292532
v 0.517606 -0.416456 -0.292532
v 0.470594 -0.441584 -0.292532
v 0.419584 -0.457058 -0.292532
v 0.633231 -0.190362 -0.239483
v 0.628106 -0.243411 -0.240502
v 0.612930 -0.294421 -0.243521
v 0.588284 -0.341433 -0.248423
v 0.555117 -0.382639 -0.255020
v 0.514703 -0.416456 -0.263059
v 0.468595 -0.441584 -0.272231
v 0.418564 -0.457058 -0.282182
v 0.617757 -0.190362 -0.188472
v 0.612930 -0.243411 -0.190472
v 0.598634 -0.294421 -0.196393
v 0.575418 -0.341433 -0.206009
v 0.544176 -0.382639 -0.218950
v 0.506106 -0.416456 -0.234719
v 0.462673 -0.441584 -0.252710
v 0.415546 -0.457058 -0.272231
v 0.592629 -0.190362 -0.141461
v 0.588284 -0.243411 -0.144363
v 0.575418 -0.294421 -0.152960
v 0.554525 -0.341433 -0.166921
v 0.526407 -0.382639 -0.185708
v 0.492146 -0.416456 -0.208601
v 0.453057 -0.441584 -0.234719
v 0.410643 -0.457058 -0.263059
v 0.558812 -0.190362 -0.100255
v 0.555117 -0.243411 -0.103949
v 0.544176 -0.294421 -0.114891
v 0.526407 -0.341433 -0.132659
v 0.502495 -0.382639 -0.156571
v 0.473358 -0.416456 -0.185708
v 0.440116 -0.441584 -0.218951
v 0.404046 -0.457058 -0.255020
v 0.517606 -0.190362 -0.066438
v 0.514703 -0.243411 -0.070782
v 0.506106 -0.294421 -0.083648
v 0.492146 -0.341433 -0.104542
v 0.473358 -0.382639 -0.132659
v 0.450465 -0.416456 -0.166921
v 0.424347 -0.441584 -0.206009
v 0.396007 -0.457058 -0.248423
v 0.470594 -0.190362 -0.041310
v 0.468595 -0.243411 -0.046137
v 0.462673 -0.294421 -0.060433
v 0.453057 -0.341433 -0.083648
v 0.440116 -0.382639 -0.114891
v 0.424347 -0.416456 -0.152960
v 0.406357 -0.441584 -0.196393
v 0.386836 -0.457058 -0.243521
v 0.419584 -0.190362 -0.025836
v 0.418564 -0.243411 -0.030960
v 0.415546 -0.294421 -0.046137
v 0.410643 -0.341433 -0.070782
v 0.404046 -0.382639 -0.103949
v 0.396007 -0.416456 -0.144363
v 0.386836 -0.441584 -0.190472
v 0.376884 -0.457058 -0.240502
v 0.366535 -0.190362 -0.020611
v 0.366535 -0.243411 -0.025836
v 0.366535 -0.294421 -0.041310
v 0.366535 -0.341433 -0.066438
v 0.366535 -0.382639 -0.100255
v 0.366535 -0.416456 -0.141461
v 0.366535 -0.441584 -0.188472
v 0.366535 -0.457058 -0.239483
v 0.313485 -0.190362 -0.025836
v 0.314505 -0.243411 -0.030960
v 0.317524 -0.294421 -0.046137
v 0.322426 -0.341433 -0.070782
v 0.329023 -0.382639 -0.103949
v 0.337062 -0.416456 -0.144363
v 0.346234 -0.441584 -0.190472
v 0.356185 -0.457058 -0.240502
v 0.262475 -0.190362 -0.041310
v 0.264475 -0.243411 -0.046137
v 0.270396 -0.294421 -0.060433
v 0.280012 -0.341433 -0.083648
v 0.292953 -0.382639 -0.114891
v 0.308722 -0.416456 -0.152960
v 0.326713 -0.441584 -0.196393
v 0.346234 -0.457058 -0.243521
v 0.215464 -0.190362 -0.066438
v 0.218366 -0.243411 -0.070782
v 0.226963 -0.294421 -0.083648
v 0.240924 -0.341433 -0.104542
v 0.259711 -0.382639 -0.132659
v 0.282604 -0.416456 -0.166921
v 0.308722 -0.441584 -0.206009
v 0.337062 -0.457058 -0.248423
v 0.174258 -0.190362 -0.100255
v 0.177952 -0.243411 -0.103949
v 0.188894 -0.294421 -0.114891
v 0.206662 -0.341433 -0.132659
v 0.230574 -0.382639 -0.156571
v 0.259711 -0.416456 -0.185708
v 0.292953 -0.441584 -0.218951
v 0.329023 -0.457058 -0.255020
v 0.140441 -0.190362 -0.141461
v 0.144785 -0.243411 -0.144363
v 0.157651 -0.294421 -0.152960
v 0.178544 -0.341433 -0.166921
v 0.206662 -0.382639 -0.185708
v 0.240924 -0.416456 -0.208601
v 0.280012 -0.441584 -0.234719
v 0.322426 -0.457058 -0.263059
v 0.115313 -0.190362 -0.188472
v 0.120140 -0.243411 -0.190472
v 0.134436 -0.294421 -0.196393
v 0.157651 -0.341433 -0.206009
v 0.188894 -0.382639 -0.218951
v 0.226963 -0.416456 -0.234719
v 0.270396 -0.441584 -0.252710
v 0.317524 -0.457058 -0.272231
v 0.099839 -0.190362 -0.239483
v 0.104963 -0.243411 -0.240502
v 0.120140 -0.294421 -0.243521
v 0.144785 -0.341433 -0.248423
v 0.177952 -0.382639 -0.255020
v 0.218366 -0.416456 -0.263059
v 0.264475 -0.441584 -0.272231
v 0.314505 -0.457058 -0.282182
v 0.094614 -0.190362 -0.292532
v 0.099839 -0.243411 -0.292532
v 0.115313 -0.294421 -0.292532
v 0.140441 -0.341433 -0.292532
v 0.174258 -0.382639 -0.292532
v 0.215464 -0.416456 -0.292532
v 0.262475 -0.441584 -0.292532
v 0.313486 -0.457058 -0.292532
v 0.099839 -0.190362 -0.345581
v 0.104963 -0.243411 -0.344562
v 0.120140 -0.294421 -0.341543
v 0.144785 -0.341433 -0.336641
v 0.177952 -0.382639 -0.330043
v 0.218366 -0.416456 -0.322004
v 0.264475 -0.441584 -0.312833
v 0.314505 -0.457058 -0.302881
v 0.115313 -0.190362 -0.396591
v 0.120140 -0.243411 -0.394592
v 0.134436 -0.294421 -0.388670
v 0.157651 -0.341433 -0.379054
v 0.188894 -0.382639 -0.366113
v 0.226963 -0.416456 -0.350344
v 0.270396 -0.441584 -0.332354
v 0.317524 -0.457058 -0.312833
v 0.140441 -0.190362 -0.443603
v 0.144785 -0.243411 -0.440700
v 0.157651 -0.294421 -0.432103
v 0.178545 -0.341433 -0.418143
v 0.206662 -0.382639 -0.399355
v 0.240924 -0.416456 -0.376462
v 0.280012 -0.441584 -0.350344
v 0.322426 -0.457058 -0.322004
v 0.174258 -0.190362 -0.484809
v 0.177952 -0.243411 -0.481114
v 0.188894 -0.294421 -0.470173
v 0.206662 -0.341433 -0.452404
v 0.230574 -0.382639 -0.428492
v 0.259711 -0.416456 -0.399355
v 0.292953 -0.441584 -0.366113
v 0.329023 -0.457058 -0.330043
v 0.215464 -0.190362 -0.518626
v 0.218366 -0.243411 -0.514281
v 0.226963 -0.294421 -0.501415
v 0.240924 -0.341433 -0.480522
v 0.259711 -0.382639 -0.452404
v 0.282604 -0.416456 -0.418143
v 0.308722 -0.441584 -0.379054
v 0.337062 -0.457058 -0.336640
v 0.262475 -0.190362 -0.543754
v 0.264475 -0.243411 -0.538927
v 0.270396 -0.294421 -0.524631
v 0.280012 -0.341433 -0.501415
v 0.292953 -0.382639 -0.470173
v 0.308722 -0.416456 -0.432103
v 0.326713 -0.441584 -0.388670
v 0.346234 -0.457058 -0.341543
v 0.313486 -0.190362 -0.559228
v 0.314505 -0.243411 -0.554103
v 0.317524 -0.294421 -0.538927
v 0.322426 -0.341433 -0.514281
v 0.329023 -0.382639 -0.481114
v 0.337062 -0.416456 -0.440700
v 0.346234 -0.441584 -0.394592
v 0.356185 -0.457058 -0.344562
v 0.366535 -0.294421 -0.543754
v 0.366535 -0.382639 -0.484809
v 0.366535 -0.416456 -0.443603
v 0.366535 -0.441584 -0.396591
v 0.366535 -0.457058 -0.345581
vn 0.0865 0.4693 0.8788
vn 0.0759 0.6323 0.7710
vn 0.0624 0.7713 0.6335
vn 0.0464 0.8808 0.4712
vn 0.0286 0.9564 0.2905
vn 0.0097 0.9951 0.0984
vn 0.0975 0.0972 0.9905
vn 0.0938 0.2886 0.9528
vn 0.2779 0.2886 0.9162
vn 0.2563 0.4693 0.8450
vn 0.2248 0.6323 0.7414
vn 0.1847 0.7713 0.6091
vn 0.1374 0.8808 0.4531
vn 0.0846 0.9564 0.2794
vn 0.0286 0.9951 0.0946
vn 0.2889 0.0972 0.9524
vn 0.2230 0.8808 0.4176
vn 0.1374 0.9565 0.2575
vn 0.0464 0.9951 0.0872
vn 0.4691 0.0972 0.8778
vn 0.4513 0.2887 0.8444
vn 0.4162 0.4693 0.7788
vn 0.3651 0.6323 0.6833
vn 0.2999 0.7713 0.5614
vn 0.5601 0.4694 0.6826
vn 0.4913 0.6323 0.5989
vn 0.4036 0.7713 0.4921
vn 0.3002 0.8808 0.3661
vn 0.1850 0.9565 0.2258
vn 0.0625 0.9951 0.0765
vn 0.6314 0.0973 0.7694
vn 0.6073 0.2887 0.7401
vn 0.2254 0.9565 0.1853
vn 0.0761 0.9951 0.0629
vn 0.7693 0.0973 0.6314
vn 0.7400 0.2888 0.6074
vn 0.6825 0.4694 0.5603
vn 0.5987 0.6324 0.4916
vn 0.4918 0.7714 0.4039
vn 0.3658 0.8809 0.3005
vn 0.7786 0.4695 0.4164
vn 0.6831 0.6324 0.3653
vn 0.5611 0.7714 0.3002
vn 0.4173 0.8809 0.2234
vn 0.2571 0.9565 0.1378
vn 0.0869 0.9951 0.0468
vn 0.8777 0.0974 0.4692
vn 0.8443 0.2888 0.4514
vn 0.2790 0.9565 0.0850
vn 0.0942 0.9951 0.0290
vn 0.9524 0.0974 0.2889
vn 0.9161 0.2889 0.2780
vn 0.8448 0.4695 0.2565
vn 0.7412 0.6325 0.2251
vn 0.6088 0.7714 0.1850
vn 0.4528 0.8809 0.1377
vn 0.7708 0.6325 0.0762
vn 0.6332 0.7715 0.0627
vn 0.4709 0.8810 0.0467
vn 0.2902 0.9565 0.0289
vn 0.0980 0.9951 0.0100
vn 0.9904 0.0975 0.0976
vn 0.9527 0.2890 0.0939
vn 0.8786 0.4696 0.0867
vn 0.0980 0.9951 -0.0093
vn 0.9904 0.0976 -0.0975
vn 0.9527 0.2890 -0.0937
vn 0.8786 0.4697 -0.0864
vn 0.7708 0.6326 -0.0757
vn 0.6332 0.7715 -0.0621
vn 0.4709 0.8810 -0.0460
vn 0.2902 0.9566 -0.0282
vn 0.7412 0.6326 -0.2246
vn 0.6088 0.7716 -0.1844
vn 0.4528 0.8810 -0.1370
vn 0.2790 0.9566 -0.0843
vn 0.0942 0.9951 -0.0282
vn 0.9524 0.0977 -0.2889
vn 0.9161 0.2891 -0.2778
vn 0.8448 0.4697 -0.2561
vn 0.0869 0.9952 -0.0460
vn 0.8777 0.0977 -0.4691
vn 0.8443 0.2892 -0.4512
vn 0.7786 0.4698 -0.4160
vn 0.6831 0.6327 -0.3649
vn 0.5611 0.7716 -0.2996
vn 0.4173 0.8811 -0.2227
vn 0.2571 0.9566 -0.1371
vn 0.4918 0.7717 -0.4033
vn 0.3658 0.8811 -0.2998
vn 0.2254 0.9566 -0.1846
vn 0.0761 0.9952 -0.0621
vn 0.7693 0.0978 -0.6313
vn 0.7400 0.2892 -0.6072
vn 0.6825 0.4698 -0.5599
vn 0.5987 0.6328 -0.4911
vn 0.6073 0.2893 -0.7399
vn 0.5601 0.4699 -0.6823
vn 0.4913 0.6328 -0.5985
vn 0.4036 0.7717 -0.4915
vn 0.3002 0.8811 -0.3654
vn 0.1850 0.9566 -0.2250
vn 0.0625 0.9952 -0.0757
vn 0.6314 0.0978 -0.7693
vn 0.2230 0.8811 -0.4170
vn 0.1374 0.9566 -0.2568
vn 0.0464 0.9952 -0.0865
vn 0.4691 0.0979 -0.8777
vn 0.4513 0.2893 -0.8442
vn 0.4162 0.4699 -0.7784
vn 0.3651 0.6328 -0.6828
vn 0.2999 0.7717 -0.5608
vn 0.2779 0.2894 -0.9160
vn 0.2563 0.4700 -0.8447
vn 0.2248 0.6328 -0.7409
vn 0.1847 0.7717 -0.6085
vn 0.1374 0.8811 -0.4525
vn 0.0846 0.9567 -0.2786
vn 0.0286 0.9952 -0.0939
vn 0.2889 0.0979 -0.9523
vn 0.0464 0.8812 -0.4705
vn 0.0286 0.9567 -0.2898
vn 0.0097 0.9952 -0.0976
vn 0.0975 0.0979 -0.9904
vn 0.0938 0.2894 -0.9526
vn 0.0865 0.4700 -0.8784
vn 0.0759 0.6329 -0.7705
vn 0.0624 0.7718 -0.6329
vn -0.0865 0.4700 -0.8784
vn -0.0759 0.6329 -0.7705
vn -0.0624 0.7718 -0.6329
vn -0.0464 0.8812 -0.4705
vn -0.0286 0.9567 -0.2898
vn -0.0097 0.9952 -0.0976
vn -0.0976 0.0979 -0.9904
vn -0.0938 0.2894 -0.9526
vn -0.0846 0.9567 -0.2786
vn -0.0286 0.9952 -0.0939
vn -0.2889 0.0979 -0.9523
vn -0.2779 0.2894 -0.9160
vn -0.2563 0.4700 -0.8447
vn -0.2248 0.6328 -0.7409
vn -0.1847 0.7717 -0.6085
vn -0.1374 0.8811 -0.4525
vn -0.4162 0.4699 -0.7784
vn -0.3651 0.6328 -0.6828
vn -0.2999 0.7717 -0.5608
vn -0.2230 0.8811 -0.4170
vn -0.1374 0.9566 -0.2568
vn -0.0464 0.9952 -0.0865
vn -0.4691 0.0979 -0.8777
vn -0.4513 0.2893 -0.8442
vn -0.1850 0.9566 -0.2250
vn -0.0625 0.9952 -0.0757
vn -0.6314 0.0978 -0.7693
vn -0.6073 0.2893 -0.7399
vn -0.5601 0.4699 -0.6823
vn -0.4913 0.6328 -0.5985
vn -0.4036 0.7717 -0.4915
vn -0.3002 0.8811 -0.3654
vn -0.5987 0.6328 -0.4911
vn -0.4918 0.7717 -0.4033
vn -0.3658 0.8811 -0.2998
vn -0.2254 0.9566 -0.1846
vn -0.0761 0.9952 -0.0621
vn -0.7693 0.0978 -0.6313
vn -0.7400 0.2892 -0.6072
vn -0.6825 0.4698 -0.5599
vn -0.0869 0.9952 -0.0460
vn -0.8777 0.0977 -0.4691
vn -0.8443 0.2892 -0.4512
vn -0.7786 0.4698 -0.4160
vn -0.6831 0.6327 -0.3649
vn -0.5611 0.7716 -0.2996
vn -0.4173 0.8811 -0.2227
vn -0.2571 0.9566 -0.1371
vn -0.6088 0.7716 -0.1844
vn -0.4528 0.8810 -0.1370
vn -0.2790 0.9566 -0.0843
vn -0.0942 0.9951 -0.0282
vn -0.9524 0.0977 -0.2889
vn -0.9161 0.2891 -0.2778
vn -0.8448 0.4697 -0.2561
vn -0.7412 0.6326 -0.2246
vn -0.9904 0.0976 -0.0975
vn -0.9527 0.2890 -0.0937
vn -0.8786 0.4697 -0.0864
vn -0.7708 0.6326 -0.0757
vn -0.6332 0.7715 -0.0621
vn -0.4709 0.8810 -0.0460
vn -0.2902 0.9566 -0.0282
vn -0.0980 0.9951 -0.0093
vn -0.6332 0.7715 0.0627
vn -0.4709 0.8810 0.0467
vn -0.2902 0.9565 0.0289
vn -0.0980 0.9951 0.0100
vn -0.9904 0.0975 0.0976
vn -0.9527 0.2890 0.0939
vn -0.8786 0.4696 0.0867
vn -0.7708 0.6325 0.0762
vn -0.9161 0.2889 0.2780
vn -0.8448 0.4695 0.2565
vn -0.7412 0.6325 0.2251
vn -0.6088 0.7714 0.1850
vn -0.4528 0.8809 0.1377
vn -0.2790 0.9565 0.0850
vn -0.0942 0.9951 0.0290
vn -0.9524 0.0974 0.2889
vn -0.4173 0.8809 0.2234
vn -0.2571 0.9565 0.1378
vn -0.0869 0.9951 0.0468
vn -0.8777 0.0974 0.4692
vn -0.8443 0.2888 0.4514
vn -0.7786 0.4695 0.4164
vn -0.6831 0.6324 0.3653
vn -0.5611 0.7714 0.3002
vn -0.7400 0.2888 0.6074
vn -0.6825 0.4694 0.5603
vn -0.5987 0.6324 0.4916
vn -0.4918 0.7714 0.4039
vn -0.3658 0.8809 0.3005
vn -0.2254 0.9565 0.1853
vn -0.0761 0.9951 0.0629
vn -0.7693 0.0973 0.6314
vn -0.3002 0.8808 0.3661
vn -0.1850 0.9565 0.2258
vn -0.0625 0.9951 0.0765
vn -0.6314 0.0973 0.7694
vn -0.6073 0.2887 0.7401
vn -0.5601 0.4694 0.6826
vn -0.4913 0.6323 0.5989
vn -0.4036 0.7713 0.4921
vn -0.4162 0.4693 0.7788
vn -0.3651 0.6323 0.6833
vn -0.2999 0.7713 0.5614
vn -0.2230 0.8808 0.4176
vn -0.1374 0.9564 0.2575
vn -0.0464 0.9951 0.0872
vn -0.4691 0.0972 0.8778
vn -0.4513 0.2887 0.8444
vn -0.0846 0.9564 0.2794
vn -0.0286 0.9951 0.0946
vn -0.2889 0.0972 0.9524
vn -0.2779 0.2886 0.9162
vn -0.2563 0.4693 0.8450
vn -0.2248 0.6323 0.7414
vn -0.1847 0.7713 0.6091
vn -0.1374 0.8808 0.4531
vn -0.0759 0.6323 0.7710
vn -0.0624 0.7713 0.6335
vn -0.0464 0.8808 0.4712
vn -0.0286 0.9564 0.2905
vn -0.0097 0.9951 0.0984
vn -0.0976 0.0972 0.9905
vn -0.0938 0.2886 0.9528
vn -0.0865 0.4693 0.8788
vn 0.0434 0.8966 -0.4406
vn -0.0001 -1.0000 0.0010
vn -0.0001 -1.0000 0.0007
vn -0.0000 -1.0000 0.0004
vn 0.0039 0.9992 -0.0397
vn -0.0000 -1.0000 0.0001
vn 0.0120 0.9925 -0.1214
vn 0.0207 0.9773 -0.2107
vn 0.0309 0.9489 -0.3141
vn -0.0002 -1.0000 0.0016
vn 0.0916 0.9489 -0.3020
vn -0.0005 -1.0000 0.0015
vn 0.1285 0.8966 -0.4237
vn -0.0003 -1.0000 0.0010
vn -0.0002 -1.0000 0.0007
vn -0.0001 -1.0000 0.0004
vn 0.0116 0.9992 -0.0382
vn 0.0354 0.9925 -0.1168
vn 0.0615 0.9773 -0.2026
vn 0.0188 0.9992 -0.0352
vn -0.0001 -1.0000 0.0001
vn 0.0575 0.9925 -0.1076
vn 0.0998 0.9773 -0.1867
vn 0.1488 0.9489 -0.2783
vn -0.0007 -1.0000 0.0014
vn 0.2087 0.8966 -0.3905
vn -0.0005 -1.0000 0.0009
vn -0.0003 -1.0000 0.0006
vn -0.0002 -1.0000 0.0003
vn -0.0010 -1.0000 0.0012
vn 0.2809 0.8966 -0.3423
vn -0.0007 -1.0000 0.0008
vn -0.0004 -1.0000 0.0005
vn 0.0253 0.9992 -0.0308
vn 0.0774 0.9925 -0.0943
vn 0.1343 0.9773 -0.1636
vn 0.2002 0.9489 -0.2439
vn 0.0308 0.9992 -0.0253
vn 0.0943 0.9925 -0.0774
vn 0.1636 0.9773 -0.1343
vn 0.2439 0.9489 -0.2002
vn -0.0012 -1.0000 0.0010
vn 0.3423 0.8966 -0.2809
vn -0.0008 -1.0000 0.0007
vn -0.0005 -1.0000 0.0004
vn -0.0003 -1.0000 0.0002
vn 0.3905 0.8966 -0.2087
vn -0.0009 -1.0000 0.0005
vn -0.0006 -1.0000 0.0003
vn 0.0352 0.9992 -0.0188
vn 0.1076 0.9925 -0.0575
vn 0.1867 0.9773 -0.0998
vn 0.2783 0.9489 -0.1488
vn -0.0014 -1.0000 0.0007
vn 0.1168 0.9925 -0.0354
vn 0.2026 0.9773 -0.0615
vn 0.3020 0.9489 -0.0916
vn -0.0015 -1.0000 0.0005
vn 0.4237 0.8966 -0.1285
vn -0.0010 -1.0000 0.0003
vn -0.0007 -1.0000 0.0002
vn -0.0004 -1.0000 0.0001
vn 0.0382 0.9992 -0.0116
vn -0.0001 -1.0000 -0.0000
vn -0.0010 -1.0000 0.0001
vn -0.0007 -1.0000 0.0001
vn -0.0004 -1.0000 -0.0000
vn 0.0397 0.9992 -0.0039
vn 0.1214 0.9925 -0.0120
vn 0.2107 0.9773 -0.0207
vn 0.3141 0.9489 -0.0309
vn -0.0016 -1.0000 0.0002
vn 0.4406 0.8966 -0.0434
vn 0.2107 0.9773 0.0208
vn 0.3141 0.9489 0.0309
vn -0.0016 -1.0000 -0.0002
vn 0.4406 0.8966 0.0434
vn -0.0010 -1.0000 -0.0001
vn -0.0007 -1.0000 -0.0001
vn 0.0397 0.9992 0.0039
vn 0.1214 0.9925 0.0120
vn -0.0007 -1.0000 -0.0002
vn -0.0004 -1.0000 -0.0001
vn 0.0382 0.9992 0.0116
vn 0.1168 0.9925 0.0354
vn 0.2026 0.9773 0.0615
vn 0.3020 0.9489 0.0916
vn -0.0015 -1.0000 -0.0005
vn 0.4237 0.8966 0.1285
vn -0.0010 -1.0000 -0.0003
vn 0.1867 0.9773 0.0998
vn 0.2783 0.9489 0.1488
vn -0.0014 -1.0000 -0.0007
vn 0.3905 0.8966 0.2087
vn -0.0009 -1.0000 -0.0005
vn -0.0006 -1.0000 -0.0003
vn -0.0003 -1.0000 -0.0002
vn 0.0352 0.9992 0.0188
vn -0.0001 -1.0000 -0.0001
vn 0.1076 0.9925 0.0575
vn 0.0308 0.9992 0.0253
vn 0.0943 0.9925 0.0774
vn 0.1636 0.9773 0.1343
vn 0.2439 0.9489 0.2002
vn -0.0012 -1.0000 -0.0010
vn 0.3423 0.8966 0.2809
vn -0.0008 -1.0000 -0.0007
vn -0.0005 -1.0000 -0.0004
vn 0.2002 0.9489 0.2439
vn -0.0010 -1.0000 -0.0012
vn 0.2809 0.8966 0.3423
vn -0.0007 -1.0000 -0.0008
vn -0.0004 -1.0000 -0.0005
vn -0.0002 -1.0000 -0.0003
vn 0.0253 0.9992 0.0308
vn 0.0774 0.9925 0.0943
vn 0.1343 0.9773 0.1636
vn 0.0188 0.9992 0.0352
vn 0.0575 0.9925 0.1076
vn 0.0998 0.9773 0.1867
vn 0.1488 0.9489 0.2783
vn -0.0007 -1.0000 -0.0014
vn 0.2087 0.8966 0.3905
vn -0.0005 -1.0000 -0.0009
vn -0.0003 -1.0000 -0.0006
vn 0.0916 0.9489 0.3020
vn -0.0005 -1.0000 -0.0015
vn 0.1285 0.8966 0.4237
vn -0.0003 -1.0000 -0.0010
vn -0.0002 -1.0000 -0.0007
vn -0.0001 -1.0000 -0.0004
vn 0.0116 0.9992 0.0382
vn -0.0000 -1.0000 -0.0001
vn 0.0354 0.9925 0.1168
vn 0.0615 0.9773 0.2026
vn 0.0039 0.9992 0.0397
vn 0.0120 0.9925 0.1214
vn 0.0207 0.9773 0.2107
vn 0.0309 0.9489 0.3141
vn -0.0002 -1.0000 -0.0016
vn 0.0434 0.8966 0.4406
vn -0.0001 -1.0000 -0.0010
vn -0.0001 -1.0000 -0.0007
vn -0.0000 -1.0000 -0.0004
vn 0.0002 -1.0000 -0.0016
vn -0.0434 0.8966 0.4406
vn 0.0001 -1.0000 -0.0010
vn 0.0001 -1.0000 -0.0007
vn -0.0039 0.9992 0.0397
vn -0.0120 0.9925 0.1214
vn -0.0207 0.9773 0.2107
vn -0.0309 0.9489 0.3141
vn -0.0354 0.9925 0.1168
vn -0.0615 0.9773 0.2026
vn -0.0916 0.9489 0.3020
vn 0.0005 -1.0000 -0.0015
vn -0.1285 0.8966 0.4237
vn 0.0003 -1.0000 -0.0010
vn 0.0002 -1.0000 -0.0007
vn 0.0001 -1.0000 -0.0004
vn -0.0116 0.9992 0.0382
vn 0.0005 -1.0000 -0.0009
vn 0.0003 -1.0000 -0.0006
vn 0.0002 -1.0000 -0.0003
vn -0.0188 0.9992 0.0352
vn 0.0001 -1.0000 -0.0001
vn -0.0575 0.9925 0.1076
vn -0.0998 0.9773 0.1867
vn -0.1488 0.9489 0.2783
vn 0.0007 -1.0000 -0.0014
vn -0.2087 0.8966 0.3905
vn -0.0774 0.9925 0.0943
vn -0.1343 0.9773 0.1636
vn -0.2002 0.9489 0.2439
vn 0.0010 -1.0000 -0.0012
vn -0.2809 0.8966 0.3423
vn 0.0007 -1.0000 -0.0008
vn 0.0004 -1.0000 -0.0005
vn -0.0253 0.9992 0.0308
vn 0.0005 -1.0000 -0.0004
vn 0.0003 -1.0000 -0.0002
vn -0.0308 0.9992 0.0253
vn -0.0943 0.9925 0.0774
vn -0.1636 0.9773 0.1343
vn -0.2439 0.9489 0.2002
vn 0.0012 -1.0000 -0.0010
vn -0.3423 0.8966 0.2809
vn 0.0008 -1.0000 -0.0007
vn -0.1867 0.9773 0.0998
vn -0.2783 0.9489 0.1488
vn 0.0014 -1.0000 -0.0007
vn -0.3905 0.8966 0.2087
vn 0.0009 -1.0000 -0.0005
vn 0.0006 -1.0000 -0.0003
vn -0.0352 0.9992 0.0188
vn -0.1076 0.9925 0.0575
vn 0.0007 -1.0000 -0.0002
vn 0.0004 -1.0000 -0.0001
vn -0.0382 0.9992 0.0116
vn 0.0001 -1.0000 -0.0000
vn -0.1168 0.9925 0.0354
vn -0.2026 0.9773 0.0615
vn -0.3020 0.9489 0.0916
vn 0.0015 -1.0000 -0.0005
vn -0.4237 0.8966 0.1285
vn 0.0010 -1.0000 -0.0003
vn -0.2107 0.9773 0.0207
vn -0.3141 0.9489 0.0309
vn 0.0016 -1.0000 -0.0002
vn -0.4406 0.8966 0.0434
vn 0.0010 -1.0000 -0.0001
vn 0.0007 -1.0000 -0.0001
vn 0.0004 -1.0000 -0.0000
vn -0.0397 0.9992 0.0039
vn -0.1214 0.9925 0.0120
vn -0.0397 0.9992 -0.0039
vn -0.1214 0.9925 -0.0120
vn -0.2107 0.9773 -0.0207
vn -0.3141 0.9489 -0.0309
vn 0.0016 -1.0000 0.0002
vn -0.4406 0.8966 -0.0434
vn 0.0010 -1.0000 0.0001
vn 0.0007 -1.0000 0.0001
vn -0.3020 0.9489 -0.0916
vn 0.0015 -1.0000 0.0005
vn -0.4237 0.8966 -0.1285
vn 0.0010 -1.0000 0.0003
vn 0.0007 -1.0000 0.0002
vn 0.0004 -1.0000 0.0001
vn -0.0382 0.9992 -0.0116
vn -0.1168 0.9925 -0.0354
vn -0.2026 0.9773 -0.0615
vn 0.0003 -1.0000 0.0002
vn -0.0352 0.9992 -0.0188
vn 0.0001 -1.0000 0.0001
vn -0.1076 0.9925 -0.0575
vn -0.1867 0.9773 -0.0998
vn -0.2783 0.9489 -0.1488
vn 0.0014 -1.0000 0.0007
vn -0.3905 0.8966 -0.2087
vn 0.0009 -1.0000 0.0005
vn 0.0006 -1.0000 0.0003
vn 0.0012 -1.0000 0.0010
vn -0.3423 0.8966 -0.2809
vn 0.0008 -1.0000 0.0007
vn 0.0005 -1.0000 0.0004
vn -0.0308 0.9992 -0.0253
vn -0.0943 0.9925 -0.0774
vn -0.1636 0.9773 -0.1343
vn -0.2439 0.9489 -0.2002
vn -0.0253 0.9992 -0.0308
vn -0.0774 0.9925 -0.0943
vn -0.1343 0.9773 -0.1636
vn -0.2002 0.9489 -0.2439
vn 0.0010 -1.0000 0.0012
vn -0.2809 0.8966 -0.3423
vn 0.0007 -1.0000 0.0008
vn 0.0004 -1.0000 0.0005
vn 0.0002 -1.0000 0.0003
vn -0.2087 0.8966 -0.3905
vn 0.0005 -1.0000 0.0009
vn 0.0003 -1.0000 0.0006
vn -0.0188 0.9992 -0.0352
vn -0.0575 0.9925 -0.1076
vn -0.0998 0.9773 -0.1867
vn -0.1488 0.9489 -0.2783
vn 0.0007 -1.0000 0.0014
vn -0.0354 0.9925 -0.1168
vn -0.0615 0.9773 -0.2026
vn -0.0916 0.9489 -0.3020
vn 0.0005 -1.0000 0.0015
vn -0.1285 0.8966 -0.4237
vn 0.0003 -1.0000 0.0010
vn 0.0002 -1.0000 0.0007
vn 0.0001 -1.0000 0.0004
vn -0.0116 0.9992 -0.0382
vn 0.0001 -1.0000 0.0010
vn 0.0001 -1.0000 0.0007
vn -0.0039 0.9992 -0.0397
vn -0.0120 0.9925 -0.1214
vn -0.0208 0.9773 -0.2107
vn -0.0309 0.9489 -0.3141
vn 0.0002 -1.0000 0.0016
vn -0.0434 0.8966 -0.4406
vn 0.0865 -0.4696 -0.8786
vn 0.0759 -0.6326 -0.7708
vn 0.0624 -0.7715 -0.6332
vn 0.0464 -0.8810 -0.4709
vn 0.0286 -0.9565 -0.2902
vn 0.0097 -0.9951 -0.0980
vn 0.0975 -0.0976 -0.9904
vn 0.0938 -0.2890 -0.9527
vn 0.2779 -0.2890 -0.9161
vn 0.2563 -0.4696 -0.8448
vn 0.2248 -0.6326 -0.7412
vn 0.1847 -0.7715 -0.6088
vn 0.1374 -0.8810 -0.4528
vn 0.0846 -0.9565 -0.2790
vn 0.0286 -0.9951 -0.0942
vn 0.2889 -0.0975 -0.9524
vn 0.2231 -0.8810 -0.4173
vn 0.1374 -0.9565 -0.2571
vn 0.0464 -0.9951 -0.0869
vn 0.4691 -0.0975 -0.8777
vn 0.4513 -0.2890 -0.8443
vn 0.4162 -0.4696 -0.7786
vn 0.3651 -0.6326 -0.6831
vn 0.2999 -0.7715 -0.5611
vn 0.5601 -0.4696 -0.6825
vn 0.4913 -0.6326 -0.5987
vn 0.4036 -0.7715 -0.4918
vn 0.3002 -0.8810 -0.3658
vn 0.1850 -0.9565 -0.2254
vn 0.0625 -0.9951 -0.0761
vn 0.6314 -0.0975 -0.7693
vn 0.6073 -0.2890 -0.7400
vn 0.2254 -0.9565 -0.1850
vn 0.0761 -0.9951 -0.0625
vn 0.7693 -0.0975 -0.6314
vn 0.7400 -0.2890 -0.6073
vn 0.6825 -0.4696 -0.5601
vn 0.5987 -0.6326 -0.4913
vn 0.4918 -0.7715 -0.4036
vn 0.3658 -0.8810 -0.3002
vn 0.7786 -0.4696 -0.4162
vn 0.6831 -0.6326 -0.3651
vn 0.5611 -0.7715 -0.2999
vn 0.4173 -0.8810 -0.2231
vn 0.2571 -0.9565 -0.1374
vn 0.0869 -0.9951 -0.0464
vn 0.8777 -0.0975 -0.4691
vn 0.8443 -0.2890 -0.4513
vn 0.2790 -0.9565 -0.0846
vn 0.0942 -0.9951 -0.0286
vn 0.9524 -0.0975 -0.2889
vn 0.9161 -0.2890 -0.2779
vn 0.8448 -0.4696 -0.2563
vn 0.7412 -0.6326 -0.2248
vn 0.6088 -0.7715 -0.1847
vn 0.4528 -0.8810 -0.1374
vn 0.7708 -0.6326 -0.0759
vn 0.6332 -0.7715 -0.0624
vn 0.4709 -0.8810 -0.0464
vn 0.2902 -0.9565 -0.0286
vn 0.0980 -0.9951 -0.0097
vn 0.9904 -0.0975 -0.0975
vn 0.9527 -0.2890 -0.0938
vn 0.8786 -0.4696 -0.0865
vn 0.0980 -0.9951 0.0097
vn 0.9904 -0.0975 0.0975
vn 0.9527 -0.2890 0.0938
vn 0.8786 -0.4696 0.0865
vn 0.7708 -0.6326 0.0759
vn 0.6332 -0.7715 0.0624
vn 0.4709 -0.8810 0.0464
vn 0.2902 -0.9565 0.0286
vn 0.7412 -0.6326 0.2248
vn 0.6088 -0.7715 0.1847
vn 0.4528 -0.8810 0.1374
vn 0.2790 -0.9565 0.0846
vn 0.0942 -0.9951 0.0286
vn 0.9524 -0.0975 0.2889
vn 0.9161 -0.2890 0.2779
vn 0.8448 -0.4696 0.2563
vn 0.0869 -0.9951 0.0464
vn 0.8777 -0.0975 0.4691
vn 0.8443 -0.2890 0.4513
vn 0.7786 -0.4696 0.4162
vn 0.6831 -0.6326 0.3651
vn 0.5611 -0.7715 0.2999
vn 0.4173 -0.8810 0.2231
vn 0.2571 -0.9565 0.1374
vn 0.4918 -0.7715 0.4036
vn 0.3658 -0.8810 0.3002
vn 0.2254 -0.9565 0.1850
vn 0.0761 -0.9951 0.0625
vn 0.7693 -0.0975 0.6314
vn 0.7400 -0.2890 0.6073
vn 0.6825 -0.4696 0.5601
vn 0.5987 -0.6326 0.4913
vn 0.6073 -0.2890 0.7400
vn 0.5601 -0.4696 0.6825
vn 0.4913 -0.6326 0.5987
vn 0.4036 -0.7715 0.4918
vn 0.3002 -0.8810 0.3658
vn 0.1850 -0.9565 0.2254
vn 0.0625 -0.9951 0.0761
vn 0.6314 -0.0975 0.7693
vn 0.2230 -0.8810 0.4173
vn 0.1374 -0.9565 0.2571
vn 0.0464 -0.9951 0.0869
vn 0.4691 -0.0975 0.8777
vn 0.4513 -0.2890 0.8443
vn 0.4162 -0.4696 0.7786
vn 0.3651 -0.6326 0.6831
vn 0.2999 -0.7715 0.5611
vn 0.2779 -0.2890 0.9161
vn 0.2563 -0.4696 0.8448
vn 0.2248 -0.6326 0.7412
vn 0.1847 -0.7715 0.6088
vn 0.1374 -0.8810 0.4528
vn 0.0846 -0.9565 0.2790
vn 0.0286 -0.9951 0.0942
vn 0.2889 -0.0975 0.9524
vn 0.0464 -0.8810 0.4709
vn 0.0286 -0.9565 0.2902
vn 0.0096 -0.9951 0.0980
vn 0.0975 -0.0975 0.9904
vn 0.0938 -0.2890 0.9527
vn 0.0865 -0.4696 0.8786
vn 0.0759 -0.6326 0.7708
vn 0.0624 -0.7715 0.6332
vn -0.0865 -0.4696 0.8786
vn -0.0759 -0.6326 0.7708
vn -0.0624 -0.7715 0.6332
vn -0.0464 -0.8810 0.4709
vn -0.0286 -0.9565 0.2902
vn -0.0096 -0.9951 0.0980
vn -0.0976 -0.0975 0.9904
vn -0.0938 -0.2890 0.9527
vn -0.0846 -0.9565 0.2790
vn -0.0286 -0.9951 0.0942
vn -0.2889 -0.0975 0.9524
vn -0.2779 -0.2890 0.9161
vn -0.2563 -0.4696 0.8448
vn -0.2248 -0.6326 0.7412
vn -0.1847 -0.7715 0.6088
vn -0.1374 -0.8810 0.4528
vn -0.4162 -0.4696 0.7786
vn -0.3651 -0.6326 0.6831
vn -0.2999 -0.7715 0.5611
vn -0.2231 -0.8810 0.4173
vn -0.1374 -0.9565 0.2571
vn -0.0464 -0.9951 0.0869
vn -0.4691 -0.0975 0.8777
vn -0.4513 -0.2890 0.8443
vn -0.1850 -0.9565 0.2254
vn -0.0625 -0.9951 0.0761
vn -0.6314 -0.0975 0.7693
vn -0.6073 -0.2890 0.7400
vn -0.5601 -0.4696 0.6825
vn -0.4913 -0.6326 0.5987
vn -0.4036 -0.7715 0.4918
vn -0.3002 -0.8810 0.3658
vn -0.5987 -0.6326 0.4913
vn -0.4918 -0.7715 0.4036
vn -0.3658 -0.8810 0.3002
vn -0.2254 -0.9565 0.1850
vn -0.0761 -0.9951 0.0625
vn -0.7693 -0.0975 0.6314
vn -0.7400 -0.2890 0.6073
vn -0.6825 -0.4696 0.5601
vn -0.0869 -0.9951 0.0464
vn -0.8777 -0.0975 0.4691
vn -0.8443 -0.2890 0.4513
vn -0.7786 -0.4696 0.4162
vn -0.6831 -0.6326 0.3651
vn -0.5611 -0.7715 0.2999
vn -0.4173 -0.8810 0.2231
vn -0.2571 -0.9565 0.1374
vn -0.6088 -0.7715 0.1847
vn -0.4528 -0.8810 0.1374
vn -0.2790 -0.9565 0.0846
vn -0.0942 -0.9951 0.0286
vn -0.9524 -0.0975 0.2889
vn -0.9161 -0.2890 0.2779
vn -0.8448 -0.4696 0.2563
vn -0.7412 -0.6326 0.2248
vn -0.9904 -0.0975 0.0975
vn -0.9527 -0.2890 0.0938
vn -0.8786 -0.4696 0.0865
vn -0.7708 -0.6326 0.0759
vn -0.6332 -0.7715 0.0624
vn -0.4709 -0.8810 0.0464
vn -0.2902 -0.9565 0.0286
vn -0.0980 -0.9951 0.0097
vn -0.6332 -0.7715 -0.0624
vn -0.4709 -0.8810 -0.0464
vn -0.2902 -0.9565 -0.0286
vn -0.0980 -0.9951 -0.0097
vn -0.9904 -0.0975 -0.0975
vn -0.9527 -0.2890 -0.0938
vn -0.8786 -0.4696 -0.0865
vn -0.7708 -0.6326 -0.0759
vn -0.9161 -0.2890 -0.2779
vn -0.8448 -0.4696 -0.2563
vn -0.7412 -0.6326 -0.2248
vn -0.6088 -0.7715 -0.1847
vn -0.4528 -0.8810 -0.1374
vn -0.2790 -0.9565 -0.0846
vn -0.0942 -0.9951 -0.0286
vn -0.9524 -0.0975 -0.2889
vn -0.4173 -0.8810 -0.2231
vn -0.2571 -0.9565 -0.1374
vn -0.0869 -0.9951 -0.0464
vn -0.8777 -0.0975 -0.4691
vn -0.8443 -0.2890 -0.4513
vn -0.7786 -0.4696 -0.4162
vn -0.6831 -0.6326 -0.3651
vn -0.5611 -0.7715 -0.2999
vn -0.7400 -0.2890 -0.6073
vn -0.6825 -0.4696 -0.5601
vn -0.5987 -0.6326 -0.4913
vn -0.4918 -0.7715 -0.4036
vn -0.3658 -0.8810 -0.3002
vn -0.2254 -0.9565 -0.1850
vn -0.0761 -0.9951 -0.0625
vn -0.7693 -0.0975 -0.6314
vn -0.3002 -0.8810 -0.3658
vn -0.1850 -0.9565 -0.2254
vn -0.0625 -0.9951 -0.0761
vn -0.6314 -0.0975 -0.7693
vn -0.6073 -0.2890 -0.7400
vn -0.5601 -0.4696 -0.6825
vn -0.4913 -0.6326 -0.5987
vn -0.4036 -0.7715 -0.4918
vn -0.4162 -0.4696 -0.7786
vn -0.3651 -0.6326 -0.6831
vn -0.2999 -0.7715 -0.5611
vn -0.2231 -0.8810 -0.4173
vn -0.1374 -0.9565 -0.2571
vn -0.0464 -0.9951 -0.0869
vn -0.4691 -0.0975 -0.8777
vn -0.4513 -0.2890 -0.8443
vn -0.0846 -0.9565 -0.2790
vn -0.0286 -0.9951 -0.0942
vn -0.2889 -0.0975 -0.9524
vn -0.2779 -0.2890 -0.9161
vn -0.2563 -0.4696 -0.8448
vn -0.2248 -0.6326 -0.7412
vn -0.1847 -0.7715 -0.6088
vn -0.1374 -0.8810 -0.4528
vn -0.0759 -0.6326 -0.7708
vn -0.0624 -0.7715 -0.6332
vn -0.0464 -0.8810 -0.4709
vn -0.0286 -0.9565 -0.2902
vn -0.0097 -0.9951 -0.0980
vn -0.0976 -0.0975 -0.9904
vn -0.0938 -0.2890 -0.9527
vn -0.0865 -0.4696 -0.8786
vn 0.0975 -0.0975 -0.9904
vn 0.2230 -0.8810 -0.4173
vn 0.4173 -0.8810 -0.2230
vn 0.4173 -0.8810 0.2230
vn 0.2231 -0.8810 0.4173
vn 0.0097 -0.9951 0.0980
vn -0.0097 -0.9951 0.0980
vn -0.0975 -0.0975 0.9904
vn -0.2230 -0.8810 0.4173
vn -0.4173 -0.8810 0.2230
vn -0.9904 -0.0975 -0.0976
vn -0.4173 -0.8810 -0.2230
vn -0.2230 -0.8810 -0.4173
vn 0.9904 -0.0975 0.0976
vt 0.642672 0.601957
vt 0.660984 0.594216
vt 0.660536 0.607981
vt 0.642269 0.614345
vt 0.626741 0.612345
vt 0.626398 0.622880
vt 0.145956 0.727430
vt 0.153770 0.737731
vt 0.141331 0.745901
vt 0.136183 0.733850
vt 0.136216 0.714832
vt 0.129484 0.719253
vt 0.124924 0.700420
vt 0.121492 0.702674
vt 0.112515 0.684749
vt 0.680974 0.589418
vt 0.701872 0.587748
vt 0.701387 0.602646
vt 0.680498 0.604030
vt 0.680145 0.621212
vt 0.660204 0.624165
vt 0.641970 0.628911
vt 0.626144 0.635267
vt 0.127597 0.751529
vt 0.125392 0.738271
vt 0.122051 0.722299
vt 0.117703 0.704227
vt 0.701027 0.620164
vt 0.113999 0.740525
vt 0.114203 0.723852
vt 0.113702 0.705019
vt 0.700805 0.639628
vt 0.679927 0.640302
vt 0.659999 0.642148
vt 0.641785 0.645095
vt 0.625987 0.649030
vt 0.113096 0.754398
vt 0.659929 0.661237
vt 0.641723 0.662275
vt 0.625934 0.663641
vt 0.098385 0.754398
vt 0.102440 0.740525
vt 0.106241 0.723852
vt 0.109643 0.705019
vt 0.700730 0.660291
vt 0.679854 0.660567
vt 0.098472 0.722299
vt 0.105683 0.704227
vt 0.700805 0.681357
vt 0.679927 0.681229
vt 0.659999 0.680700
vt 0.641785 0.679791
vt 0.625987 0.678537
vt 0.084029 0.751529
vt 0.091161 0.738271
vt 0.660204 0.699788
vt 0.641970 0.696970
vt 0.626144 0.693146
vt 0.070580 0.745901
vt 0.080594 0.733849
vt 0.091194 0.719253
vt 0.101972 0.702674
vt 0.701027 0.702018
vt 0.680145 0.701493
vt 0.084686 0.714832
vt 0.098654 0.700420
vt 0.701387 0.721479
vt 0.680498 0.720580
vt 0.660536 0.717768
vt 0.642269 0.713152
vt 0.626398 0.706907
vt 0.058555 0.737731
vt 0.071146 0.727430
vt 0.642672 0.727714
vt 0.626741 0.719292
vt 0.048416 0.727332
vt 0.063180 0.719260
vt 0.079199 0.709204
vt 0.095857 0.697551
vt 0.701872 0.738994
vt 0.680974 0.737758
vt 0.660984 0.733949
vt 0.093688 0.694177
vt 0.755886 0.738136
vt 0.735714 0.739024
vt 0.738563 0.721563
vt 0.758680 0.721010
vt 0.774661 0.734648
vt 0.777293 0.718516
vt 0.791316 0.728696
vt 0.793685 0.714177
vt 0.035475 0.733111
vt 0.026229 0.718732
vt 0.040553 0.715104
vt 0.057002 0.709652
vt 0.074943 0.702586
vt 0.020014 0.702756
vt 0.035267 0.701517
vt 0.052849 0.698977
vt 0.072082 0.695233
vt 0.092229 0.690429
vt 0.740680 0.702139
vt 0.760756 0.701960
vt 0.779248 0.700571
vt 0.795445 0.698027
vt 0.091538 0.686449
vt 0.741983 0.681500
vt 0.762035 0.681717
vt 0.780453 0.681503
vt 0.796529 0.680866
vt 0.017069 0.685795
vt 0.032763 0.687093
vt 0.050881 0.687644
vt 0.070727 0.687427
vt 0.033135 0.672387
vt 0.051174 0.676089
vt 0.070929 0.679468
vt 0.091641 0.682392
vt 0.742423 0.660438
vt 0.762467 0.661060
vt 0.780859 0.662044
vt 0.796895 0.663354
vt 0.017507 0.668502
vt 0.762035 0.640782
vt 0.780453 0.642943
vt 0.796529 0.646163
vt 0.021311 0.651541
vt 0.036371 0.657963
vt 0.053716 0.664757
vt 0.072680 0.671661
vt 0.092534 0.678412
vt 0.741983 0.639763
vt 0.058409 0.654081
vt 0.075913 0.664308
vt 0.094182 0.674663
vt 0.740680 0.620269
vt 0.760756 0.621663
vt 0.779248 0.624933
vt 0.795445 0.629955
vt 0.028336 0.635565
vt 0.042345 0.644376
vt 0.758680 0.604437
vt 0.777293 0.608707
vt 0.016921 0.627986
vt 0.028005 0.612010
vt 0.038311 0.621186
vt 0.050827 0.632148
vt 0.065074 0.644474
vt 0.080504 0.657691
vt 0.096522 0.671290
vt 0.738563 0.602706
vt 0.073454 0.636304
vt 0.086276 0.652063
vt 0.099465 0.668421
vt 0.735714 0.587748
vt 0.755887 0.589766
vt 0.774661 0.594887
vt 0.041940 0.598423
vt 0.050852 0.608958
vt 0.061493 0.621749
vt 0.058192 0.587748
vt 0.065479 0.599351
vt 0.073932 0.613578
vt 0.083228 0.629884
vt 0.093008 0.647641
vt 0.102897 0.666166
vt 0.870174 0.589058
vt 0.890323 0.587748
vt 0.887839 0.605263
vt 0.867738 0.606237
vt 0.851477 0.592938
vt 0.849182 0.609120
vt 0.100440 0.644595
vt 0.106686 0.664614
vt 0.886128 0.624726
vt 0.866060 0.625325
vt 0.847601 0.627101
vt 0.832885 0.613802
vt 0.831462 0.629985
vt 0.081628 0.592733
vt 0.087666 0.607951
vt 0.094018 0.625462
vt 0.846796 0.646190
vt 0.830737 0.647164
vt 0.098680 0.589359
vt 0.102167 0.605082
vt 0.105412 0.623208
vt 0.108288 0.643042
vt 0.110687 0.663822
vt 0.885256 0.645387
vt 0.865204 0.645590
vt 0.116250 0.643042
vt 0.114746 0.663822
vt 0.885256 0.666454
vt 0.865204 0.666252
vt 0.846796 0.665653
vt 0.830737 0.664680
vt 0.115978 0.589359
vt 0.116878 0.605082
vt 0.116970 0.623208
vt 0.132859 0.592733
vt 0.131234 0.607951
vt 0.128250 0.625462
vt 0.124019 0.644595
vt 0.118706 0.664614
vt 0.886128 0.687115
vt 0.866060 0.686516
vt 0.847601 0.684742
vt 0.831462 0.681860
vt 0.122417 0.666166
vt 0.887839 0.706579
vt 0.867738 0.705606
vt 0.849182 0.702724
vt 0.832885 0.698043
vt 0.148673 0.599351
vt 0.144683 0.613578
vt 0.138816 0.629884
vt 0.131298 0.647641
vt 0.156708 0.621749
vt 0.148264 0.636304
vt 0.137806 0.652063
vt 0.125735 0.668421
vt 0.890323 0.724096
vt 0.870174 0.722786
vt 0.851477 0.718907
vt 0.834950 0.712608
vt 0.162813 0.608958
vt 0.571181 0.589372
vt 0.592091 0.587748
vt 0.591600 0.602427
vt 0.570699 0.603770
vt 0.551160 0.594165
vt 0.550707 0.607727
vt 0.532799 0.601940
vt 0.532391 0.614146
vt 0.174735 0.621186
vt 0.166847 0.632148
vt 0.156230 0.644474
vt 0.143293 0.657691
vt 0.128532 0.671290
vt 0.174710 0.644376
vt 0.162408 0.654081
vt 0.147548 0.664308
vt 0.130701 0.674663
vt 0.591215 0.619773
vt 0.570321 0.620782
vt 0.550350 0.623752
vt 0.532070 0.628568
vt 0.516455 0.622780
vt 0.516182 0.635045
vt 0.570061 0.639755
vt 0.550105 0.641624
vt 0.531849 0.644652
vt 0.515995 0.648724
vt 0.179996 0.657963
vt 0.166561 0.664757
vt 0.150409 0.671661
vt 0.132160 0.678412
vt 0.590949 0.639117
vt 0.168529 0.676089
vt 0.151764 0.679468
vt 0.132851 0.682392
vt 0.590814 0.659718
vt 0.569928 0.659959
vt 0.549980 0.660656
vt 0.531737 0.661781
vt 0.515899 0.663290
vt 0.182501 0.672387
vt 0.569928 0.680619
vt 0.549980 0.680117
vt 0.531737 0.679295
vt 0.515899 0.678185
vt 0.182128 0.687093
vt 0.168236 0.687644
vt 0.151563 0.687427
vt 0.132748 0.686449
vt 0.590814 0.680782
vt 0.165694 0.698977
vt 0.149812 0.695233
vt 0.131855 0.690429
vt 0.590949 0.701501
vt 0.570061 0.700940
vt 0.550105 0.699259
vt 0.531849 0.696522
vt 0.515995 0.692836
vt 0.178893 0.701517
vt 0.550350 0.717346
vt 0.532070 0.712800
vt 0.516182 0.706679
vt 0.172919 0.715104
vt 0.161001 0.709652
vt 0.146579 0.702586
vt 0.130207 0.694177
vt 0.591215 0.721078
vt 0.570321 0.720141
vt 0.141988 0.709204
vt 0.127867 0.697551
vt 0.591600 0.738761
vt 0.570699 0.737484
vt 0.550707 0.733683
vt 0.532391 0.727503
vt 0.516455 0.719183
vt 0.164436 0.727332
vt 0.154336 0.719260
vt 0.532799 0.740067
vt 0.516802 0.729867
vt 0.592091 0.753871
vt 0.571181 0.752304
vt 0.551160 0.747643
vt 0.449146 0.197262
vt 0.481599 0.200209
vt 0.481599 0.233720
vt 0.449146 0.236668
vt 0.349200 0.203800
vt 0.385506 0.200209
vt 0.385506 0.233721
vt 0.349200 0.230130
vt 0.307779 0.207897
vt 0.307780 0.226033
vt 0.262837 0.212342
vt 0.262837 0.221588
vt 0.635243 0.502378
vt 0.622361 0.553905
vt 0.609479 0.502378
vt 0.216100 0.216965
vt 0.635242 0.450852
vt 0.609479 0.450852
vt 0.519839 0.203800
vt 0.562396 0.207896
vt 0.562396 0.226032
vt 0.519839 0.230129
vt 0.415304 0.197262
vt 0.415304 0.236668
vt 0.524848 0.255953
vt 0.487974 0.266588
vt 0.407649 0.275316
vt 0.378996 0.266588
vt 0.456643 0.275316
vt 0.344085 0.255954
vt 0.304256 0.243821
vt 0.261041 0.230656
vt 0.596597 0.553905
vt 0.583716 0.502378
vt 0.583716 0.450852
vt 0.565846 0.243820
vt 0.570834 0.553905
vt 0.557952 0.502378
vt 0.257518 0.239198
vt 0.557952 0.450852
vt 0.572614 0.260576
vt 0.534673 0.280279
vt 0.500479 0.297548
vt 0.392633 0.311721
vt 0.366227 0.297549
vt 0.471347 0.311721
vt 0.334052 0.280279
vt 0.482056 0.587748
vt 0.482056 0.639274
vt 0.456293 0.639274
vt 0.456293 0.587748
vt 0.297346 0.260577
vt 0.370834 0.344486
vt 0.347688 0.325412
vt 0.518633 0.325412
vt 0.492693 0.344486
vt 0.319486 0.302172
vt 0.430530 0.639274
vt 0.430530 0.587748
vt 0.287313 0.275656
vt 0.252403 0.246886
vt 0.545071 0.553905
vt 0.532189 0.502378
vt 0.532189 0.450852
vt 0.582439 0.275656
vt 0.548936 0.302171
vt 0.519307 0.553905
vt 0.506426 0.502378
vt 0.245893 0.253423
vt 0.506426 0.450852
vt 0.594943 0.288480
vt 0.567090 0.320789
vt 0.541738 0.349108
vt 0.343089 0.372349
vt 0.324093 0.349108
vt 0.519863 0.372349
vt 0.430530 0.690801
vt 0.404766 0.690801
vt 0.404766 0.639274
vt 0.404766 0.587748
vt 0.274543 0.288481
vt 0.568908 0.367726
vt 0.551810 0.394242
vt 0.300948 0.320789
vt 0.296348 0.367726
vt 0.279149 0.335417
vt 0.379003 0.639274
vt 0.379003 0.587748
vt 0.259528 0.298557
vt 0.238239 0.258560
vt 0.493544 0.553905
vt 0.480662 0.502378
vt 0.480662 0.450852
vt 0.609647 0.298556
vt 0.588437 0.335417
vt 0.310465 0.394242
vt 0.454899 0.502378
vt 0.454899 0.450852
vt 0.625985 0.305496
vt 0.612156 0.345493
vt 0.599097 0.380550
vt 0.274214 0.409321
vt 0.265520 0.380551
vt 0.587309 0.409321
vt 0.254927 0.345493
vt 0.353239 0.639274
vt 0.353239 0.587748
vt 0.242843 0.305497
vt 0.229733 0.262098
vt 0.467781 0.553905
vt 0.232792 0.387088
vt 0.229213 0.350630
vt 0.225131 0.309035
vt 0.220703 0.263902
vt 0.442017 0.553905
vt 0.429135 0.502378
vt 0.429135 0.450852
vt 0.643330 0.309034
vt 0.637336 0.350630
vt 0.631145 0.387088
vt 0.235731 0.417009
vt 0.624994 0.417009
vt 0.661014 0.309034
vt 0.663010 0.350630
vt 0.663821 0.387088
vt 0.196494 0.417009
vt 0.199424 0.387088
vt 0.663417 0.417009
vt 0.202996 0.350630
vt 0.207072 0.309035
vt 0.211497 0.263902
vt 0.416254 0.553905
vt 0.403372 0.502378
vt 0.403372 0.450852
vt 0.177282 0.345493
vt 0.189361 0.305497
vt 0.202468 0.262098
vt 0.390490 0.553905
vt 0.377609 0.502378
vt 0.377609 0.450852
vt 0.678358 0.305496
vt 0.688190 0.345493
vt 0.695869 0.380550
vt 0.158011 0.409321
vt 0.166697 0.380551
vt 0.701101 0.409321
vt 0.694696 0.298556
vt 0.711909 0.335417
vt 0.726058 0.367726
vt 0.121760 0.394242
vt 0.135868 0.367726
vt 0.736600 0.394242
vt 0.153060 0.335417
vt 0.172676 0.298557
vt 0.193962 0.258560
vt 0.364727 0.553905
vt 0.351845 0.502378
vt 0.351845 0.450852
vt 0.157661 0.288481
vt 0.186307 0.253423
vt 0.338964 0.553905
vt 0.326082 0.502378
vt 0.326082 0.450852
vt 0.709400 0.288480
vt 0.733256 0.320789
vt 0.753227 0.349108
vt 0.089136 0.372349
vt 0.108123 0.349109
vt 0.768547 0.372349
vt 0.131261 0.320789
vt 0.751409 0.302171
vt 0.776333 0.325412
vt 0.061391 0.344486
vt 0.084528 0.325412
vt 0.795716 0.344486
vt 0.112723 0.302172
vt 0.144891 0.275656
vt 0.179797 0.246886
vt 0.313200 0.553905
vt 0.300319 0.502378
vt 0.300319 0.450852
vt 0.721905 0.275656
vt 0.134858 0.260577
vt 0.174683 0.239198
vt 0.287437 0.553905
vt 0.274555 0.502378
vt 0.274555 0.450852
vt 0.731730 0.260576
vt 0.765673 0.280279
vt 0.794486 0.297548
vt 0.039592 0.311721
vt 0.065989 0.297549
vt 0.817063 0.311721
vt 0.098157 0.280279
vt 0.775497 0.255953
vt 0.806991 0.266588
vt 0.024576 0.275316
vt 0.053220 0.266588
vt 0.831766 0.275316
vt 0.088124 0.255954
vt 0.319397 0.639274
vt 0.319397 0.690801
vt 0.293633 0.690801
vt 0.293633 0.639274
vt 0.127947 0.243821
vt 0.171160 0.230656
vt 0.261673 0.553905
vt 0.248792 0.502378
vt 0.248792 0.450852
vt 0.738497 0.243820
vt 0.235910 0.553905
vt 0.223028 0.502378
vt 0.169363 0.221588
vt 0.223028 0.450852
vt 0.741947 0.226032
vt 0.780506 0.230129
vt 0.813365 0.233721
vt 0.016921 0.236668
vt 0.046710 0.233721
vt 0.839262 0.236668
vt 0.293633 0.742328
vt 0.267870 0.742328
vt 0.267870 0.690801
vt 0.267870 0.639274
vt 0.293633 0.587748
vt 0.267870 0.587748
vt 0.016921 0.197263
vt 0.046710 0.200209
vt 0.813365 0.200209
vt 0.839262 0.197263
vt 0.083009 0.230130
vt 0.083009 0.203800
vt 0.242107 0.690801
vt 0.242107 0.639274
vt 0.124424 0.226033
vt 0.124424 0.207897
vt 0.169363 0.212342
vt 0.210147 0.553905
vt 0.197265 0.502378
vt 0.197265 0.450852
vt 0.741947 0.207896
vt 0.780506 0.203800
vt 0.171160 0.203274
vt 0.171502 0.502378
vt 0.171502 0.450852
vt 0.738497 0.190109
vt 0.775497 0.177976
vt 0.806990 0.167342
vt 0.024576 0.158614
vt 0.053220 0.167342
vt 0.831766 0.158615
vt 0.088124 0.177976
vt 0.216343 0.690801
vt 0.216343 0.639274
vt 0.127947 0.190109
vt 0.184383 0.553905
vt 0.065989 0.136382
vt 0.098157 0.153651
vt 0.134858 0.173354
vt 0.174683 0.194732
vt 0.158620 0.553905
vt 0.145738 0.502378
vt 0.145738 0.450852
vt 0.731729 0.173353
vt 0.765672 0.153650
vt 0.794486 0.136381
vt 0.039592 0.122209
vt 0.817062 0.122209
vt 0.119975 0.502378
vt 0.119975 0.450852
vt 0.721904 0.158273
vt 0.751409 0.131758
vt 0.776332 0.108518
vt 0.061391 0.089445
vt 0.084528 0.108518
vt 0.795715 0.089445
vt 0.112723 0.131759
vt 0.144891 0.158274
vt 0.179797 0.187045
vt 0.132857 0.553905
vt 0.131261 0.113141
vt 0.157661 0.145450
vt 0.186307 0.180507
vt 0.107093 0.553905
vt 0.094211 0.502378
vt 0.094211 0.450852
vt 0.709400 0.145449
vt 0.733255 0.113140
vt 0.753226 0.084821
vt 0.089135 0.061581
vt 0.108123 0.084822
vt 0.768546 0.061581
vt 0.694696 0.135373
vt 0.711908 0.098512
vt 0.726057 0.066204
vt 0.121760 0.039689
vt 0.135868 0.066204
vt 0.736598 0.039689
vt 0.153060 0.098513
vt 0.172676 0.135374
vt 0.193962 0.175370
vt 0.081330 0.553905
vt 0.068448 0.502378
vt 0.068448 0.450852
vt 0.177282 0.088437
vt 0.189361 0.128433
vt 0.202468 0.171832
vt 0.055566 0.553905
vt 0.042685 0.502378
vt 0.042685 0.450852
vt 0.678358 0.128432
vt 0.688189 0.088436
vt 0.695868 0.053379
vt 0.158010 0.024609
vt 0.166696 0.053380
vt 0.701100 0.024609
vt 0.661013 0.124894
vt 0.663009 0.083300
vt 0.663820 0.046841
vt 0.196494 0.016921
vt 0.199424 0.046842
vt 0.663415 0.016921
vt 0.202996 0.083300
vt 0.207072 0.124895
vt 0.211497 0.170028
vt 0.029803 0.553905
vt 0.016921 0.502378
vt 0.016921 0.450852
vt 0.225131 0.124895
vt 0.220703 0.170028
vt 0.841350 0.502378
vt 0.828468 0.553905
vt 0.815586 0.502378
vt 0.841350 0.450852
vt 0.815586 0.450852
vt 0.643329 0.124894
vt 0.637335 0.083300
vt 0.631143 0.046841
vt 0.235731 0.016921
vt 0.232792 0.046842
vt 0.624992 0.016921
vt 0.229213 0.083300
vt 0.456293 0.724644
vt 0.456293 0.776170
vt 0.430530 0.776170
vt 0.430530 0.724644
vt 0.612155 0.088436
vt 0.599095 0.053379
vt 0.274214 0.024609
vt 0.265520 0.053380
vt 0.587307 0.024609
vt 0.254927 0.088437
vt 0.404766 0.776170
vt 0.404766 0.724644
vt 0.242843 0.128433
vt 0.229733 0.171832
vt 0.802705 0.553905
vt 0.789823 0.502378
vt 0.789823 0.450852
vt 0.625985 0.128432
vt 0.259528 0.135374
vt 0.238238 0.175370
vt 0.776941 0.553905
vt 0.764059 0.502378
vt 0.764059 0.450852
vt 0.609647 0.135373
vt 0.588436 0.098512
vt 0.568906 0.066203
vt 0.310465 0.039689
vt 0.296348 0.066204
vt 0.551809 0.039689
vt 0.404766 0.827697
vt 0.379003 0.827697
vt 0.379003 0.776170
vt 0.379003 0.724644
vt 0.343089 0.061581
vt 0.324093 0.084822
vt 0.541737 0.084821
vt 0.519861 0.061581
vt 0.279149 0.098513
vt 0.300948 0.113141
vt 0.353239 0.776170
vt 0.353240 0.724644
vt 0.274543 0.145450
vt 0.245893 0.180507
vt 0.751178 0.553905
vt 0.738296 0.502378
vt 0.738296 0.450852
vt 0.594943 0.145449
vt 0.567089 0.113140
vt 0.725414 0.553905
vt 0.712533 0.502378
vt 0.252403 0.187045
vt 0.712533 0.450852
vt 0.582438 0.158273
vt 0.548936 0.131758
vt 0.518632 0.108517
vt 0.370834 0.089445
vt 0.347688 0.108518
vt 0.492692 0.089445
vt 0.319486 0.131759
vt 0.287313 0.158274
vt 0.500478 0.136381
vt 0.471346 0.122209
vt 0.366227 0.136381
vt 0.334052 0.153651
vt 0.297346 0.173354
vt 0.257518 0.194732
vt 0.699651 0.553905
vt 0.686769 0.502378
vt 0.686769 0.450852
vt 0.572614 0.173353
vt 0.534672 0.153650
vt 0.392633 0.122209
vt 0.661006 0.502378
vt 0.661006 0.450852
vt 0.565846 0.190108
vt 0.524848 0.177976
vt 0.487974 0.167342
vt 0.407649 0.158614
vt 0.378996 0.167342
vt 0.456642 0.158614
vt 0.344085 0.177976
vt 0.304256 0.190109
vt 0.261041 0.203274
vt 0.673888 0.553905
vt 0.648124 0.553905
vt 0.681658 0.788231
vt 0.669478 0.784630
vt 0.671086 0.776176
vt 0.683106 0.780622
vt 0.880780 0.023088
vt 0.891702 0.016921
vt 0.893201 0.024520
vt 0.882055 0.029550
vt 0.283920 0.788852
vt 0.289076 0.781269
vt 0.296023 0.787167
vt 0.289378 0.793485
vt 0.277843 0.797732
vt 0.281603 0.800923
vt 0.271079 0.807567
vt 0.272996 0.809194
vt 0.263889 0.817981
vt 0.656767 0.782522
vt 0.644012 0.781987
vt 0.645753 0.772836
vt 0.658474 0.773547
vt 0.905356 0.020836
vt 0.918053 0.018640
vt 0.919394 0.029169
vt 0.906619 0.030754
vt 0.894338 0.033446
vt 0.883021 0.037141
vt 0.301690 0.794300
vt 0.293831 0.799090
vt 0.284670 0.804784
vt 0.274560 0.811162
vt 0.930803 0.018018
vt 0.932170 0.028753
vt 0.297108 0.805451
vt 0.286927 0.809165
vt 0.275711 0.813396
vt 0.933048 0.040673
vt 0.920255 0.040860
vt 0.907430 0.041766
vt 0.895068 0.043356
vt 0.883642 0.045570
vt 0.873105 0.041699
vt 0.873593 0.048321
vt 0.907759 0.053449
vt 0.895363 0.053871
vt 0.883893 0.054511
vt 0.873790 0.055346
vt 0.299083 0.812323
vt 0.288288 0.813899
vt 0.276404 0.815809
vt 0.933404 0.053318
vt 0.920604 0.053262
vt 0.288699 0.818802
vt 0.276614 0.818309
vt 0.933223 0.066204
vt 0.920426 0.065900
vt 0.907592 0.065354
vt 0.895213 0.064585
vt 0.883766 0.063623
vt 0.873690 0.062505
vt 0.299681 0.819442
vt 0.906936 0.077023
vt 0.894623 0.075087
vt 0.883264 0.072554
vt 0.873295 0.069522
vt 0.298877 0.826535
vt 0.288146 0.823688
vt 0.276332 0.820800
vt 0.932513 0.078834
vt 0.919730 0.078288
vt 0.286649 0.828368
vt 0.275568 0.823186
vt 0.931301 0.090725
vt 0.918541 0.089950
vt 0.905816 0.088008
vt 0.893615 0.084973
vt 0.882407 0.080962
vt 0.308113 0.829231
vt 0.305346 0.837878
vt 0.296703 0.833329
vt 0.892229 0.093864
vt 0.881228 0.088523
vt 0.300942 0.845813
vt 0.293243 0.839564
vt 0.284265 0.832663
vt 0.274353 0.825375
vt 0.929634 0.101417
vt 0.916906 0.100438
vt 0.904276 0.097887
vt 0.272733 0.827284
vt 0.387198 0.862341
vt 0.400050 0.861540
vt 0.400310 0.872255
vt 0.387453 0.872850
vt 0.374769 0.864714
vt 0.375009 0.874614
vt 0.363240 0.868568
vt 0.363457 0.877478
vt 0.890517 0.101417
vt 0.879772 0.094947
vt 0.295070 0.852731
vt 0.288630 0.844999
vt 0.281087 0.836406
vt 0.353239 0.881332
vt 0.363606 0.887377
vt 0.353366 0.889750
vt 0.287956 0.858365
vt 0.283040 0.849425
vt 0.277237 0.839455
vt 0.270771 0.828838
vt 0.400489 0.884161
vt 0.387629 0.884527
vt 0.375175 0.885613
vt 0.268540 0.829979
vt 0.400581 0.896800
vt 0.387718 0.896924
vt 0.375259 0.897290
vt 0.363682 0.897886
vt 0.353431 0.898688
vt 0.279873 0.862499
vt 0.276689 0.852673
vt 0.272862 0.841693
vt 0.271131 0.864974
vt 0.269820 0.854618
vt 0.268131 0.843032
vt 0.266128 0.830661
vt 0.400581 0.909687
vt 0.387718 0.909563
vt 0.375259 0.909196
vt 0.363682 0.908601
vt 0.353431 0.907800
vt 0.387629 0.921960
vt 0.375175 0.920874
vt 0.363606 0.919110
vt 0.353366 0.916737
vt 0.262066 0.865695
vt 0.262698 0.855185
vt 0.263226 0.843423
vt 0.263628 0.830860
vt 0.400489 0.922326
vt 0.255597 0.854352
vt 0.258334 0.842849
vt 0.261134 0.830568
vt 0.400310 0.934232
vt 0.387453 0.933637
vt 0.375009 0.931874
vt 0.363457 0.929010
vt 0.353239 0.925156
vt 0.253028 0.864635
vt 0.387198 0.944146
vt 0.374769 0.941773
vt 0.363240 0.937919
vt 0.250725 0.873303
vt 0.240536 0.870009
vt 0.244362 0.861834
vt 0.248789 0.852151
vt 0.253644 0.841333
vt 0.258743 0.829795
vt 0.400050 0.944948
vt 0.242535 0.848667
vt 0.249337 0.838933
vt 0.256547 0.828572
vt 0.399718 0.954060
vt 0.386873 0.953084
vt 0.374463 0.950192
vt 0.362965 0.945496
vt 0.231177 0.864795
vt 0.236403 0.857400
vt 0.910788 0.337640
vt 0.899316 0.342323
vt 0.899009 0.333784
vt 0.910511 0.329955
vt 0.223008 0.857861
vt 0.229456 0.851503
vt 0.237077 0.844034
vt 0.245577 0.835742
vt 0.254631 0.826945
vt 0.886922 0.345226
vt 0.874081 0.346239
vt 0.873748 0.336997
vt 0.886595 0.336162
vt 0.242510 0.831881
vt 0.253067 0.824977
vt 0.873475 0.326181
vt 0.886328 0.325553
vt 0.898757 0.323791
vt 0.910284 0.320962
vt 0.216343 0.849473
vt 0.223788 0.844369
vt 0.232624 0.838429
vt 0.898569 0.312727
vt 0.910116 0.311005
vt 0.920468 0.317174
vt 0.920324 0.308706
vt 0.219617 0.836274
vt 0.229347 0.832069
vt 0.240253 0.827500
vt 0.251916 0.822743
vt 0.873272 0.314206
vt 0.886129 0.313808
vt 0.238892 0.822767
vt 0.251222 0.820330
vt 0.873147 0.301532
vt 0.886006 0.301378
vt 0.898454 0.301018
vt 0.910012 0.300467
vt 0.920236 0.299745
vt 0.217103 0.827528
vt 0.227371 0.825197
vt 0.909977 0.289753
vt 0.920206 0.290633
vt 0.216343 0.818466
vt 0.226774 0.818078
vt 0.238481 0.817863
vt 0.251013 0.817830
vt 0.873105 0.288646
vt 0.885965 0.288740
vt 0.898415 0.289114
vt 0.251295 0.815339
vt 0.873147 0.276044
vt 0.886006 0.276380
vt 0.898454 0.277471
vt 0.910012 0.279275
vt 0.920236 0.281722
vt 0.217366 0.809439
vt 0.227578 0.810984
vt 0.239034 0.812977
vt 0.220133 0.800791
vt 0.229751 0.804190
vt 0.240531 0.808297
vt 0.252058 0.812953
vt 0.873272 0.264210
vt 0.886129 0.264773
vt 0.898569 0.266538
vt 0.910116 0.269435
vt 0.920324 0.273354
vt 0.873475 0.253599
vt 0.886328 0.254366
vt 0.898757 0.256734
vt 0.910284 0.260612
vt 0.920468 0.265851
vt 0.224536 0.792856
vt 0.233212 0.797956
vt 0.242915 0.804003
vt 0.253273 0.810764
vt 0.230408 0.785939
vt 0.237825 0.792521
vt 0.246093 0.800259
vt 0.254893 0.808856
vt 0.660554 0.873205
vt 0.647874 0.874447
vt 0.645753 0.865376
vt 0.658474 0.864309
vt 0.673046 0.870052
vt 0.671086 0.861672
vt 0.684869 0.865108
vt 0.683106 0.857567
vt 0.695569 0.858564
vt 0.694070 0.852150
vt 0.656767 0.853833
vt 0.669478 0.851804
vt 0.681658 0.848686
vt 0.692839 0.844598
vt 0.237523 0.780305
vt 0.243415 0.788094
vt 0.249943 0.797210
vt 0.256856 0.807301
vt 0.644012 0.854695
vt 0.249766 0.784846
vt 0.254318 0.794972
vt 0.259086 0.806161
vt 0.642719 0.842814
vt 0.655498 0.842180
vt 0.668283 0.840827
vt 0.680583 0.838807
vt 0.691924 0.836196
vt 0.245606 0.776171
vt 0.654717 0.829797
vt 0.667548 0.829163
vt 0.679921 0.828309
vt 0.691361 0.827269
vt 0.701872 0.833096
vt 0.701429 0.826082
vt 0.256635 0.782901
vt 0.259049 0.793633
vt 0.261498 0.805478
vt 0.641923 0.830188
vt 0.263756 0.782334
vt 0.263954 0.793242
vt 0.263999 0.805279
vt 0.641654 0.817304
vt 0.654453 0.817161
vt 0.667299 0.817259
vt 0.679697 0.817596
vt 0.691171 0.818158
vt 0.701280 0.818924
vt 0.667548 0.805574
vt 0.679921 0.807080
vt 0.691361 0.809215
vt 0.701429 0.811897
vt 0.270858 0.783167
vt 0.268846 0.793816
vt 0.266493 0.805571
vt 0.641923 0.804656
vt 0.654717 0.804756
vt 0.273536 0.795332
vt 0.268884 0.806344
vt 0.642719 0.792731
vt 0.655498 0.793060
vt 0.668283 0.794557
vt 0.680583 0.797165
vt 0.691924 0.800783
vt 0.701872 0.805272
vt 0.277666 0.785368
vt 0.692839 0.793185
vt 0.281116 0.776835
vt 0.150987 0.803636
vt 0.138807 0.800035
vt 0.140415 0.791581
vt 0.152434 0.796027
vt 0.880780 0.141427
vt 0.891702 0.135260
vt 0.893201 0.142858
vt 0.882055 0.147889
vt 0.803291 0.785548
vt 0.808447 0.777965
vt 0.815394 0.783862
vt 0.808749 0.790181
vt 0.797214 0.794428
vt 0.800974 0.797619
vt 0.790451 0.804263
vt 0.792367 0.805890
vt 0.783260 0.814677
vt 0.126095 0.797927
vt 0.113341 0.797392
vt 0.115081 0.788241
vt 0.127802 0.788952
vt 0.905356 0.139175
vt 0.918053 0.136979
vt 0.919394 0.147508
vt 0.906619 0.149093
vt 0.894338 0.151784
vt 0.883021 0.155480
vt 0.821062 0.790996
vt 0.813202 0.795786
vt 0.804041 0.801480
vt 0.793931 0.807858
vt 0.930803 0.136357
vt 0.932170 0.147092
vt 0.816479 0.802146
vt 0.806299 0.805861
vt 0.795082 0.810092
vt 0.933049 0.159011
vt 0.920255 0.159199
vt 0.907430 0.160105
vt 0.895068 0.161695
vt 0.883642 0.163908
vt 0.873105 0.160038
vt 0.873593 0.166660
vt 0.907759 0.171788
vt 0.895363 0.172210
vt 0.883894 0.172850
vt 0.873790 0.173685
vt 0.818455 0.809018
vt 0.807659 0.810594
vt 0.795775 0.812505
vt 0.933404 0.171657
vt 0.920604 0.171601
vt 0.808071 0.815498
vt 0.795985 0.815005
vt 0.933223 0.184543
vt 0.920426 0.184239
vt 0.907592 0.183693
vt 0.895213 0.182924
vt 0.883766 0.181962
vt 0.873690 0.180844
vt 0.819052 0.816138
vt 0.906936 0.195362
vt 0.894623 0.193425
vt 0.883264 0.190893
vt 0.873295 0.187861
vt 0.818248 0.823231
vt 0.807517 0.820384
vt 0.795703 0.817496
vt 0.932513 0.197173
vt 0.919730 0.196627
vt 0.806020 0.825064
vt 0.794940 0.819882
vt 0.931301 0.209063
vt 0.918541 0.208289
vt 0.905816 0.206347
vt 0.893615 0.203312
vt 0.882407 0.199301
vt 0.827484 0.825926
vt 0.824717 0.834574
vt 0.816075 0.830025
vt 0.892229 0.212203
vt 0.881228 0.206862
vt 0.820314 0.842509
vt 0.812614 0.836260
vt 0.803636 0.829358
vt 0.793725 0.822071
vt 0.929634 0.219756
vt 0.916906 0.218776
vt 0.904276 0.216226
vt 0.792105 0.823979
vt 0.468381 0.862341
vt 0.481233 0.861540
vt 0.481494 0.872255
vt 0.468637 0.872850
vt 0.455952 0.864715
vt 0.456193 0.874614
vt 0.444424 0.868569
vt 0.444640 0.877478
vt 0.890517 0.219756
vt 0.879772 0.213285
vt 0.814442 0.849426
vt 0.808001 0.841695
vt 0.800459 0.833102
vt 0.434423 0.881332
vt 0.444789 0.887377
vt 0.434550 0.889750
vt 0.807327 0.855060
vt 0.802411 0.846121
vt 0.796608 0.836151
vt 0.790142 0.825534
vt 0.481673 0.884161
vt 0.468812 0.884527
vt 0.456358 0.885613
vt 0.787911 0.826674
vt 0.481764 0.896800
vt 0.468902 0.896924
vt 0.456443 0.897291
vt 0.444865 0.897886
vt 0.434614 0.898688
vt 0.799244 0.859194
vt 0.796060 0.849369
vt 0.792234 0.838389
vt 0.790502 0.861670
vt 0.789191 0.851314
vt 0.787502 0.839728
vt 0.785500 0.827357
vt 0.481764 0.909687
vt 0.468902 0.909563
vt 0.456443 0.909196
vt 0.444865 0.908601
vt 0.434614 0.907800
vt 0.468812 0.921960
vt 0.456358 0.920874
vt 0.444789 0.919110
vt 0.434550 0.916738
vt 0.781437 0.862391
vt 0.782070 0.851881
vt 0.782597 0.840119
vt 0.782999 0.827556
vt 0.481673 0.922326
vt 0.774968 0.851048
vt 0.777705 0.839545
vt 0.780505 0.827264
vt 0.481494 0.934232
vt 0.468637 0.933637
vt 0.456193 0.931874
vt 0.444640 0.929010
vt 0.434423 0.925156
vt 0.772399 0.861331
vt 0.468381 0.944146
vt 0.455952 0.941773
vt 0.444424 0.937919
vt 0.770096 0.869999
vt 0.759907 0.866705
vt 0.763734 0.858530
vt 0.768160 0.848847
vt 0.773016 0.838029
vt 0.778114 0.826491
vt 0.481233 0.944948
vt 0.761906 0.845363
vt 0.768708 0.835629
vt 0.775918 0.825267
vt 0.480902 0.954060
vt 0.468057 0.953084
vt 0.455646 0.950192
vt 0.444149 0.945496
vt 0.750548 0.861491
vt 0.755774 0.854096
vt 0.899010 0.974479
vt 0.887538 0.979162
vt 0.887231 0.970624
vt 0.898733 0.966795
vt 0.742379 0.854557
vt 0.748827 0.848199
vt 0.756448 0.840730
vt 0.764948 0.832438
vt 0.774002 0.823641
vt 0.875144 0.982066
vt 0.862302 0.983079
vt 0.861970 0.973837
vt 0.874817 0.973001
vt 0.761881 0.828577
vt 0.772438 0.821672
vt 0.861697 0.963020
vt 0.874549 0.962393
vt 0.886979 0.960631
vt 0.898506 0.957801
vt 0.735714 0.846169
vt 0.743160 0.841065
vt 0.751995 0.835125
vt 0.886791 0.949567
vt 0.898337 0.947844
vt 0.908689 0.954014
vt 0.908546 0.945546
vt 0.738988 0.832970
vt 0.748718 0.828765
vt 0.759624 0.824196
vt 0.771287 0.819439
vt 0.861494 0.951045
vt 0.874350 0.950648
vt 0.758263 0.819462
vt 0.770594 0.817026
vt 0.861369 0.938371
vt 0.874228 0.938217
vt 0.886676 0.937858
vt 0.898234 0.937306
vt 0.908457 0.936584
vt 0.736475 0.824224
vt 0.746743 0.821893
vt 0.898198 0.926592
vt 0.908428 0.927473
vt 0.735714 0.815162
vt 0.746145 0.814773
vt 0.757852 0.814559
vt 0.770384 0.814526
vt 0.861327 0.925486
vt 0.874187 0.925579
vt 0.886637 0.925953
vt 0.770666 0.812035
vt 0.813004 0.903841
vt 0.813004 0.955368
vt 0.787241 0.955368
vt 0.787241 0.903841
vt 0.874228 0.913220
vt 0.886676 0.914310
vt 0.898234 0.916114
vt 0.908457 0.918562
vt 0.736737 0.806134
vt 0.746949 0.807680
vt 0.758405 0.809673
vt 0.739504 0.797487
vt 0.749123 0.800886
vt 0.759902 0.804993
vt 0.771429 0.809649
vt 0.761478 0.955368
vt 0.761478 0.903841
vt 0.874350 0.901613
vt 0.886791 0.903377
vt 0.898337 0.906274
vt 0.908546 0.910194
vt 0.735714 0.955368
vt 0.735714 0.903841
vt 0.874549 0.891205
vt 0.886979 0.893573
vt 0.898506 0.897451
vt 0.908689 0.902690
vt 0.743908 0.789552
vt 0.752583 0.794652
vt 0.762286 0.800698
vt 0.772644 0.807460
vt 0.749780 0.782635
vt 0.757196 0.789217
vt 0.765464 0.796955
vt 0.774264 0.805551
vt 0.267870 0.907145
vt 0.267870 0.958672
vt 0.242107 0.958672
vt 0.242107 0.907145
vt 0.142374 0.885457
vt 0.129882 0.888610
vt 0.127802 0.879714
vt 0.140415 0.877077
vt 0.154197 0.880513
vt 0.152434 0.872972
vt 0.164898 0.873969
vt 0.163398 0.867555
vt 0.126095 0.869238
vt 0.138807 0.867209
vt 0.150987 0.864091
vt 0.162167 0.860003
vt 0.756894 0.777001
vt 0.762786 0.784790
vt 0.769314 0.793906
vt 0.776227 0.803997
vt 0.216343 0.958672
vt 0.216343 0.907145
vt 0.769137 0.781542
vt 0.773689 0.791668
vt 0.778457 0.802856
vt 0.113341 0.870100
vt 0.112047 0.858218
vt 0.124827 0.857585
vt 0.137612 0.856232
vt 0.149911 0.854212
vt 0.161253 0.851601
vt 0.764978 0.772866
vt 0.124046 0.845202
vt 0.136876 0.844568
vt 0.149249 0.843714
vt 0.160690 0.842674
vt 0.171200 0.848501
vt 0.170758 0.841487
vt 0.776006 0.779597
vt 0.778420 0.790329
vt 0.780869 0.802174
vt 0.111251 0.845593
vt 0.783128 0.779030
vt 0.783325 0.789938
vt 0.783370 0.801974
vt 0.110982 0.832709
vt 0.123782 0.832566
vt 0.136628 0.832664
vt 0.149026 0.833001
vt 0.160500 0.833563
vt 0.170608 0.834329
vt 0.136876 0.820979
vt 0.149249 0.822485
vt 0.160690 0.824620
vt 0.170758 0.827302
vt 0.790229 0.779863
vt 0.788217 0.790512
vt 0.785864 0.802267
vt 0.111251 0.820061
vt 0.124046 0.820161
vt 0.792907 0.792028
vt 0.788255 0.803040
vt 0.112047 0.808136
vt 0.124827 0.808465
vt 0.137612 0.809962
vt 0.149911 0.812569
vt 0.161253 0.816188
vt 0.171200 0.820677
vt 0.797037 0.782064
vt 0.162167 0.808590
vt 0.800488 0.773531
vt 0.056926 0.803636
vt 0.044746 0.800035
vt 0.046354 0.791581
vt 0.058373 0.796027
vt 0.869001 0.779034
vt 0.879923 0.772866
vt 0.881423 0.780465
vt 0.870276 0.785496
vt 0.583475 0.800395
vt 0.588631 0.792812
vt 0.595578 0.798709
vt 0.588933 0.805028
vt 0.577399 0.809275
vt 0.581158 0.812466
vt 0.570635 0.819110
vt 0.572552 0.820737
vt 0.563444 0.829524
vt 0.032034 0.797927
vt 0.019280 0.797392
vt 0.021020 0.788241
vt 0.033742 0.788952
vt 0.893578 0.776781
vt 0.906275 0.774586
vt 0.907615 0.785115
vt 0.894841 0.786699
vt 0.882559 0.789391
vt 0.871243 0.793087
vt 0.601246 0.805843
vt 0.593387 0.810633
vt 0.584226 0.816327
vt 0.574116 0.822705
vt 0.919025 0.773963
vt 0.920392 0.784698
vt 0.596664 0.816993
vt 0.586483 0.820708
vt 0.575266 0.824939
vt 0.921270 0.796618
vt 0.908477 0.796805
vt 0.895652 0.797711
vt 0.883289 0.799302
vt 0.871864 0.801515
vt 0.861327 0.797644
vt 0.861814 0.804266
vt 0.895981 0.809394
vt 0.883585 0.809816
vt 0.872115 0.810457
vt 0.862012 0.811292
vt 0.598639 0.823865
vt 0.587844 0.825441
vt 0.575960 0.827352
vt 0.921626 0.809263
vt 0.908825 0.809208
vt 0.588255 0.830345
vt 0.576170 0.829852
vt 0.921445 0.822149
vt 0.908648 0.821846
vt 0.895814 0.821299
vt 0.883435 0.820530
vt 0.871988 0.819568
vt 0.861912 0.818450
vt 0.599236 0.830985
vt 0.895158 0.832968
vt 0.882845 0.831032
vt 0.871486 0.828499
vt 0.861517 0.825468
vt 0.598433 0.838078
vt 0.587702 0.835231
vt 0.575887 0.832343
vt 0.920735 0.834780
vt 0.907952 0.834234
vt 0.586204 0.839911
vt 0.575124 0.834729
vt 0.919523 0.846670
vt 0.906763 0.845895
vt 0.894038 0.843953
vt 0.881837 0.840918
vt 0.870629 0.836907
vt 0.607668 0.840773
vt 0.604902 0.849421
vt 0.596259 0.844872
vt 0.880450 0.849809
vt 0.869449 0.844468
vt 0.600498 0.857356
vt 0.592799 0.851107
vt 0.583821 0.844205
vt 0.573909 0.836918
vt 0.917856 0.857363
vt 0.905128 0.856383
vt 0.892498 0.853832
vt 0.572289 0.838826
vt 0.958124 0.588549
vt 0.970976 0.587748
vt 0.971236 0.598463
vt 0.958379 0.599058
vt 0.945695 0.590922
vt 0.945935 0.600821
vt 0.934166 0.594776
vt 0.934382 0.603685
vt 0.878739 0.857363
vt 0.867994 0.850892
vt 0.594626 0.864273
vt 0.588185 0.856542
vt 0.580643 0.847949
vt 0.924165 0.607539
vt 0.934532 0.613585
vt 0.924292 0.615958
vt 0.587512 0.869907
vt 0.582596 0.860968
vt 0.576793 0.850998
vt 0.570326 0.840381
vt 0.971415 0.610368
vt 0.958555 0.610735
vt 0.946101 0.611821
vt 0.568096 0.841521
vt 0.971506 0.623008
vt 0.958644 0.623131
vt 0.946185 0.623498
vt 0.934608 0.624094
vt 0.924357 0.624895
vt 0.579428 0.874041
vt 0.576244 0.864216
vt 0.572418 0.853236
vt 0.570686 0.876517
vt 0.569376 0.866161
vt 0.567687 0.854575
vt 0.565684 0.842204
vt 0.971506 0.635895
vt 0.958644 0.635771
vt 0.946185 0.635404
vt 0.934608 0.634809
vt 0.924357 0.634008
vt 0.958555 0.648167
vt 0.946101 0.647081
vt 0.934532 0.645318
vt 0.924292 0.642945
vt 0.561622 0.877238
vt 0.562254 0.866728
vt 0.562781 0.854966
vt 0.563183 0.842403
vt 0.971415 0.648534
vt 0.555153 0.865895
vt 0.557890 0.854392
vt 0.560690 0.842111
vt 0.971236 0.660440
vt 0.958379 0.659845
vt 0.945935 0.658081
vt 0.934383 0.655218
vt 0.924165 0.651364
vt 0.552583 0.876178
vt 0.958124 0.670354
vt 0.945695 0.667981
vt 0.934166 0.664127
vt 0.550281 0.884846
vt 0.540091 0.881552
vt 0.543918 0.873377
vt 0.548344 0.863694
vt 0.553200 0.852876
vt 0.558299 0.841338
vt 0.970976 0.671155
vt 0.542091 0.860210
vt 0.548893 0.850476
vt 0.556103 0.840115
vt 0.970644 0.680268
vt 0.957799 0.679292
vt 0.945389 0.676400
vt 0.933891 0.671704
vt 0.530733 0.876338
vt 0.535959 0.868943
vt 0.912876 0.534892
vt 0.901404 0.539575
vt 0.901096 0.531037
vt 0.912599 0.527208
vt 0.522564 0.869404
vt 0.529012 0.863046
vt 0.536633 0.855577
vt 0.545133 0.847285
vt 0.554186 0.838488
vt 0.889009 0.542479
vt 0.876168 0.543492
vt 0.875835 0.534250
vt 0.888683 0.533415
vt 0.542066 0.843424
vt 0.552622 0.836519
vt 0.875562 0.523434
vt 0.888415 0.522806
vt 0.900844 0.521044
vt 0.912372 0.518215
vt 0.515899 0.861016
vt 0.523344 0.855912
vt 0.532179 0.849972
vt 0.900657 0.509980
vt 0.912203 0.508258
vt 0.922555 0.514427
vt 0.922412 0.505959
vt 0.519173 0.847817
vt 0.528902 0.843612
vt 0.539808 0.839043
vt 0.551472 0.834286
vt 0.875359 0.511458
vt 0.888216 0.511061
vt 0.538448 0.834309
vt 0.550778 0.831873
vt 0.875234 0.498785
vt 0.888094 0.498631
vt 0.900541 0.498271
vt 0.912099 0.497720
vt 0.922323 0.496997
vt 0.516659 0.839070
vt 0.526927 0.836740
vt 0.912064 0.487006
vt 0.922293 0.487886
vt 0.515899 0.830009
vt 0.526330 0.829620
vt 0.538036 0.829406
vt 0.550568 0.829373
vt 0.875192 0.485899
vt 0.888052 0.485993
vt 0.900502 0.486366
vt 0.550851 0.826882
vt 0.875234 0.473297
vt 0.888094 0.473633
vt 0.900541 0.474724
vt 0.912099 0.476527
vt 0.922323 0.478975
vt 0.516922 0.820981
vt 0.527133 0.822527
vt 0.538590 0.824520
vt 0.519688 0.812334
vt 0.529307 0.815733
vt 0.540087 0.819840
vt 0.551614 0.824496
vt 0.875359 0.461463
vt 0.888216 0.462026
vt 0.900657 0.463790
vt 0.912203 0.466688
vt 0.922412 0.470607
vt 0.875562 0.450852
vt 0.888415 0.451619
vt 0.900844 0.453987
vt 0.912372 0.457865
vt 0.922555 0.463104
vt 0.524092 0.804399
vt 0.532767 0.809499
vt 0.542470 0.815545
vt 0.552829 0.822307
vt 0.529964 0.797482
vt 0.537381 0.804064
vt 0.545648 0.811802
vt 0.554449 0.820398
vt 0.035822 0.888610
vt 0.023141 0.889852
vt 0.021021 0.880781
vt 0.033742 0.879714
vt 0.048313 0.885457
vt 0.046354 0.877077
vt 0.060137 0.880513
vt 0.058373 0.872972
vt 0.070837 0.873969
vt 0.069337 0.867555
vt 0.032034 0.869238
vt 0.044746 0.867209
vt 0.056926 0.864091
vt 0.068107 0.860003
vt 0.537078 0.791848
vt 0.542971 0.799637
vt 0.549499 0.808753
vt 0.556412 0.818844
vt 0.019280 0.870100
vt 0.549322 0.796389
vt 0.553873 0.806515
vt 0.558642 0.817703
vt 0.017987 0.858219
vt 0.030766 0.857585
vt 0.043551 0.856232
vt 0.055851 0.854211
vt 0.067192 0.851601
vt 0.545162 0.787713
vt 0.029985 0.845202
vt 0.042815 0.844568
vt 0.055188 0.843714
vt 0.066629 0.842674
vt 0.077139 0.848501
vt 0.076697 0.841487
vt 0.556190 0.794444
vt 0.558604 0.805176
vt 0.561054 0.817020
vt 0.017190 0.845593
vt 0.563312 0.793877
vt 0.563510 0.804785
vt 0.563555 0.816821
vt 0.016921 0.832709
vt 0.029721 0.832566
vt 0.042567 0.832664
vt 0.054965 0.833001
vt 0.066439 0.833563
vt 0.076548 0.834329
vt 0.042815 0.820979
vt 0.055188 0.822485
vt 0.066629 0.824620
vt 0.076697 0.827302
vt 0.570414 0.794710
vt 0.568402 0.805359
vt 0.566048 0.817114
vt 0.017190 0.820061
vt 0.029985 0.820161
vt 0.573091 0.806875
vt 0.568439 0.817887
vt 0.017987 0.808136
vt 0.030766 0.808465
vt 0.043551 0.809962
vt 0.055851 0.812569
vt 0.067192 0.816188
vt 0.077139 0.820677
vt 0.577222 0.796911
vt 0.068107 0.808590
vt 0.580672 0.788378
s 0
usemtl マテリアル
f 3/1/1 253/2/1 7/3/1 8/4/1
f 254/5/2 3/1/2 8/4/2 9/6/2
f 255/7/3 254/8/3 9/9/3 10/10/3
f 256/11/4 255/7/4 10/10/4 11/12/4
f 257/13/5 256/11/5 11/12/5 12/14/5
f 4/15/6 257/13/6 12/14/6
f 2/16/7 1/17/7 5/18/7 6/19/7
f 253/2/8 2/16/8 6/19/8 7/3/8
f 7/3/9 6/19/9 14/20/9 15/21/9
f 8/4/10 7/3/10 15/21/10 16/22/10
f 9/6/11 8/4/11 16/22/11 17/23/11
f 10/10/12 9/9/12 17/24/12 18/25/12
f 11/12/13 10/10/13 18/25/13 19/26/13
f 12/14/14 11/12/14 19/26/14 20/27/14
f 4/15/15 12/14/15 20/27/15
f 6/19/16 5/18/16 13/28/16 14/20/16
f 19/26/17 18/25/17 26/29/17 27/30/17
f 20/27/18 19/26/18 27/30/18 28/31/18
f 4/15/19 20/27/19 28/31/19
f 14/20/20 13/28/20 21/32/20 22/33/20
f 15/21/21 14/20/21 22/33/21 23/34/21
f 16/22/22 15/21/22 23/34/22 24/35/22
f 17/23/23 16/22/23 24/35/23 25/36/23
f 18/25/24 17/24/24 25/37/24 26/29/24
f 24/35/25 23/34/25 31/38/25 32/39/25
f 25/36/26 24/35/26 32/39/26 33/40/26
f 26/29/27 25/37/27 33/41/27 34/42/27
f 27/30/28 26/29/28 34/42/28 35/43/28
f 28/31/29 27/30/29 35/43/29 36/44/29
f 4/15/30 28/31/30 36/44/30
f 22/33/31 21/32/31 29/45/31 30/46/31
f 23/34/32 22/33/32 30/46/32 31/38/32
f 36/44/33 35/43/33 43/47/33 44/48/33
f 4/15/34 36/44/34 44/48/34
f 30/46/35 29/45/35 37/49/35 38/50/35
f 31/38/36 30/46/36 38/50/36 39/51/36
f 32/39/37 31/38/37 39/51/37 40/52/37
f 33/40/38 32/39/38 40/52/38 41/53/38
f 34/42/39 33/41/39 41/54/39 42/55/39
f 35/43/40 34/42/40 42/55/40 43/47/40
f 40/52/41 39/51/41 47/56/41 48/57/41
f 41/53/42 40/52/42 48/57/42 49/58/42
f 42/55/43 41/54/43 49/59/43 50/60/43
f 43/47/44 42/55/44 50/60/44 51/61/44
f 44/48/45 43/47/45 51/61/45 52/62/45
f 4/15/46 44/48/46 52/62/46
f 38/50/47 37/49/47 45/63/47 46/64/47
f 39/51/48 38/50/48 46/64/48 47/56/48
f 52/62/49 51/61/49 59/65/49 60/66/49
f 4/15/50 52/62/50 60/66/50
f 46/64/51 45/63/51 53/67/51 54/68/51
f 47/56/52 46/64/52 54/68/52 55/69/52
f 48/57/53 47/56/53 55/69/53 56/70/53
f 49/58/54 48/57/54 56/70/54 57/71/54
f 50/60/55 49/59/55 57/72/55 58/73/55
f 51/61/56 50/60/56 58/73/56 59/65/56
f 57/71/57 56/70/57 64/74/57 65/75/57
f 58/73/58 57/72/58 65/76/58 66/77/58
f 59/65/59 58/73/59 66/77/59 67/78/59
f 60/66/60 59/65/60 67/78/60 68/79/60
f 4/15/61 60/66/61 68/79/61
f 54/68/62 53/67/62 61/80/62 62/81/62
f 55/69/63 54/68/63 62/81/63 63/82/63
f 56/70/64 55/69/64 63/82/64 64/74/64
f 4/15/65 68/79/65 76/83/65
f 62/84/66 61/85/66 69/86/66 70/87/66
f 63/88/67 62/84/67 70/87/67 71/89/67
f 64/90/68 63/88/68 71/89/68 72/91/68
f 65/76/69 64/92/69 72/93/69 73/94/69
f 66/77/70 65/76/70 73/94/70 74/95/70
f 67/78/71 66/77/71 74/95/71 75/96/71
f 68/79/72 67/78/72 75/96/72 76/83/72
f 73/94/73 72/93/73 80/97/73 81/98/73
f 74/95/74 73/94/74 81/98/74 82/99/74
f 75/96/75 74/95/75 82/99/75 83/100/75
f 76/83/76 75/96/76 83/100/76 84/101/76
f 4/15/77 76/83/77 84/101/77
f 70/87/78 69/86/78 77/102/78 78/103/78
f 71/89/79 70/87/79 78/103/79 79/104/79
f 72/91/80 71/89/80 79/104/80 80/105/80
f 4/15/81 84/101/81 92/106/81
f 78/103/82 77/102/82 85/107/82 86/108/82
f 79/104/83 78/103/83 86/108/83 87/109/83
f 80/105/84 79/104/84 87/109/84 88/110/84
f 81/98/85 80/97/85 88/111/85 89/112/85
f 82/99/86 81/98/86 89/112/86 90/113/86
f 83/100/87 82/99/87 90/113/87 91/114/87
f 84/101/88 83/100/88 91/114/88 92/106/88
f 90/113/89 89/112/89 97/115/89 98/116/89
f 91/114/90 90/113/90 98/116/90 99/117/90
f 92/106/91 91/114/91 99/117/91 100/118/91
f 4/15/92 92/106/92 100/118/92
f 86/108/93 85/107/93 93/119/93 94/120/93
f 87/109/94 86/108/94 94/120/94 95/121/94
f 88/110/95 87/109/95 95/121/95 96/122/95
f 89/112/96 88/111/96 96/123/96 97/115/96
f 95/121/97 94/120/97 102/124/97 103/125/97
f 96/122/98 95/121/98 103/125/98 104/126/98
f 97/115/99 96/123/99 104/127/99 105/128/99
f 98/116/100 97/115/100 105/128/100 106/129/100
f 99/117/101 98/116/101 106/129/101 107/130/101
f 100/118/102 99/117/102 107/130/102 108/131/102
f 4/15/103 100/118/103 108/131/103
f 94/120/104 93/119/104 101/132/104 102/124/104
f 107/130/105 106/129/105 114/133/105 115/134/105
f 108/131/106 107/130/106 115/134/106 116/135/106
f 4/15/107 108/131/107 116/135/107
f 102/124/108 101/132/108 109/136/108 110/137/108
f 103/125/109 102/124/109 110/137/109 111/138/109
f 104/126/110 103/125/110 111/138/110 112/139/110
f 105/128/111 104/127/111 112/140/111 113/141/111
f 106/129/112 105/128/112 113/141/112 114/133/112
f 111/138/113 110/137/113 118/142/113 119/143/113
f 112/140/114 111/144/114 119/145/114 120/146/114
f 113/141/115 112/140/115 120/146/115 121/147/115
f 114/133/116 113/141/116 121/147/116 122/148/116
f 115/134/117 114/133/117 122/148/117 123/149/117
f 116/135/118 115/134/118 123/149/118 124/150/118
f 4/15/119 116/135/119 124/150/119
f 110/137/120 109/136/120 117/151/120 118/142/120
f 123/149/121 122/148/121 130/152/121 131/153/121
f 124/150/122 123/149/122 131/153/122 132/154/122
f 4/15/123 124/150/123 132/154/123
f 118/142/124 117/151/124 125/155/124 126/156/124
f 119/143/125 118/142/125 126/156/125 127/157/125
f 120/146/126 119/145/126 127/158/126 128/159/126
f 121/147/127 120/146/127 128/159/127 129/160/127
f 122/148/128 121/147/128 129/160/128 130/152/128
f 128/159/129 127/158/129 135/161/129 136/162/129
f 129/160/130 128/159/130 136/162/130 137/163/130
f 130/152/131 129/160/131 137/163/131 138/164/131
f 131/153/132 130/152/132 138/164/132 139/165/132
f 132/154/133 131/153/133 139/165/133 140/166/133
f 4/15/134 132/154/134 140/166/134
f 126/167/135 125/168/135 133/169/135 134/170/135
f 127/171/136 126/167/136 134/170/136 135/172/136
f 140/166/137 139/165/137 147/173/137 148/174/137
f 4/15/138 140/166/138 148/174/138
f 134/170/139 133/169/139 141/175/139 142/176/139
f 135/172/140 134/170/140 142/176/140 143/177/140
f 136/178/141 135/172/141 143/177/141 144/179/141
f 137/163/142 136/162/142 144/180/142 145/181/142
f 138/164/143 137/163/143 145/181/143 146/182/143
f 139/165/144 138/164/144 146/182/144 147/173/144
f 144/179/145 143/177/145 151/183/145 152/184/145
f 145/181/146 144/180/146 152/185/146 153/186/146
f 146/182/147 145/181/147 153/186/147 154/187/147
f 147/173/148 146/182/148 154/187/148 155/188/148
f 148/174/149 147/173/149 155/188/149 156/189/149
f 4/15/150 148/174/150 156/189/150
f 142/176/151 141/175/151 149/190/151 150/191/151
f 143/177/152 142/176/152 150/191/152 151/183/152
f 156/189/153 155/188/153 163/192/153 164/193/153
f 4/15/154 156/189/154 164/193/154
f 150/191/155 149/190/155 157/194/155 158/195/155
f 151/183/156 150/191/156 158/195/156 159/196/156
f 152/184/157 151/183/157 159/196/157 160/197/157
f 153/186/158 152/185/158 160/198/158 161/199/158
f 154/187/159 153/186/159 161/199/159 162/200/159
f 155/188/160 154/187/160 162/200/160 163/192/160
f 161/199/161 160/198/161 168/201/161 169/202/161
f 162/200/162 161/199/162 169/202/162 170/203/162
f 163/192/163 162/200/163 170/203/163 171/204/163
f 164/193/164 163/192/164 171/204/164 172/205/164
f 4/15/165 164/193/165 172/205/165
f 158/195/166 157/194/166 165/206/166 166/207/166
f 159/196/167 158/195/167 166/207/167 167/208/167
f 160/197/168 159/196/168 167/208/168 168/209/168
f 4/15/169 172/205/169 180/210/169
f 166/207/170 165/206/170 173/211/170 174/212/170
f 167/208/171 166/207/171 174/212/171 175/213/171
f 168/209/172 167/208/172 175/213/172 176/214/172
f 169/202/173 168/201/173 176/215/173 177/216/173
f 170/203/174 169/202/174 177/216/174 178/217/174
f 171/204/175 170/203/175 178/217/175 179/218/175
f 172/205/176 171/204/176 179/218/176 180/210/176
f 178/217/177 177/216/177 185/219/177 186/220/177
f 179/218/178 178/217/178 186/220/178 187/221/178
f 180/210/179 179/218/179 187/221/179 188/222/179
f 4/15/180 180/210/180 188/222/180
f 174/212/181 173/211/181 181/223/181 182/224/181
f 175/213/182 174/212/182 182/224/182 183/225/182
f 176/214/183 175/213/183 183/225/183 184/226/183
f 177/216/184 176/215/184 184/227/184 185/219/184
f 182/228/185 181/229/185 189/230/185 190/231/185
f 183/232/186 182/228/186 190/231/186 191/233/186
f 184/234/187 183/232/187 191/233/187 192/235/187
f 185/219/188 184/227/188 192/236/188 193/237/188
f 186/220/189 185/219/189 193/237/189 194/238/189
f 187/221/190 186/220/190 194/238/190 195/239/190
f 188/222/191 187/221/191 195/239/191 196/240/191
f 4/15/192 188/222/192 196/240/192
f 194/238/193 193/237/193 201/241/193 202/242/193
f 195/239/194 194/238/194 202/242/194 203/243/194
f 196/240/195 195/239/195 203/243/195 204/244/195
f 4/15/196 196/240/196 204/244/196
f 190/231/197 189/230/197 197/245/197 198/246/197
f 191/233/198 190/231/198 198/246/198 199/247/198
f 192/235/199 191/233/199 199/247/199 200/248/199
f 193/249/200 192/235/200 200/248/200 201/250/200
f 199/247/201 198/246/201 206/251/201 207/252/201
f 200/248/202 199/247/202 207/252/202 208/253/202
f 201/250/203 200/248/203 208/253/203 209/254/203
f 202/242/204 201/241/204 209/255/204 210/256/204
f 203/243/205 202/242/205 210/256/205 211/257/205
f 204/244/206 203/243/206 211/257/206 212/258/206
f 4/15/207 204/244/207 212/258/207
f 198/246/208 197/245/208 205/259/208 206/251/208
f 211/257/209 210/256/209 218/260/209 219/261/209
f 212/258/210 211/257/210 219/261/210 220/262/210
f 4/15/211 212/258/211 220/262/211
f 206/251/212 205/259/212 213/263/212 214/264/212
f 207/252/213 206/251/213 214/264/213 215/265/213
f 208/253/214 207/252/214 215/265/214 216/266/214
f 209/254/215 208/253/215 216/266/215 217/267/215
f 210/256/216 209/255/216 217/268/216 218/260/216
f 215/265/217 214/264/217 222/269/217 223/270/217
f 216/266/218 215/265/218 223/270/218 224/271/218
f 217/267/219 216/266/219 224/271/219 225/272/219
f 218/260/220 217/268/220 225/273/220 226/274/220
f 219/261/221 218/260/221 226/274/221 227/275/221
f 220/262/222 219/261/222 227/275/222 228/276/222
f 4/15/223 220/262/223 228/276/223
f 214/264/224 213/263/224 221/277/224 222/269/224
f 227/275/225 226/274/225 234/278/225 235/279/225
f 228/276/226 227/275/226 235/279/226 236/280/226
f 4/15/227 228/276/227 236/280/227
f 222/269/228 221/277/228 229/281/228 230/282/228
f 223/270/229 222/269/229 230/282/229 231/283/229
f 224/271/230 223/270/230 231/283/230 232/284/230
f 225/272/231 224/271/231 232/284/231 233/285/231
f 226/274/232 225/273/232 233/286/232 234/278/232
f 232/284/233 231/283/233 239/287/233 240/288/233
f 233/285/234 232/284/234 240/288/234 241/289/234
f 234/278/235 233/286/235 241/290/235 242/291/235
f 235/279/236 234/278/236 242/291/236 243/292/236
f 236/280/237 235/279/237 243/292/237 244/293/237
f 4/15/238 236/280/238 244/293/238
f 230/282/239 229/281/239 237/294/239 238/295/239
f 231/283/240 230/282/240 238/295/240 239/287/240
f 244/293/241 243/292/241 251/296/241 252/297/241
f 4/15/242 244/293/242 252/297/242
f 238/295/243 237/294/243 245/298/243 246/299/243
f 239/287/244 238/295/244 246/299/244 247/300/244
f 240/288/245 239/287/245 247/300/245 248/301/245
f 241/289/246 240/288/246 248/301/246 249/302/246
f 242/291/247 241/290/247 249/303/247 250/304/247
f 243/292/248 242/291/248 250/304/248 251/296/248
f 249/302/249 248/301/249 3/305/249 254/306/249
f 250/304/250 249/303/250 254/8/250 255/7/250
f 251/296/251 250/304/251 255/7/251 256/11/251
f 252/297/252 251/296/252 256/11/252 257/13/252
f 4/15/253 252/297/253 257/13/253
f 246/299/254 245/298/254 1/307/254 2/308/254
f 247/300/255 246/299/255 2/308/255 253/309/255
f 248/301/256 247/300/256 253/309/256 3/305/256
f 260/310/257 575/311/257 266/312/257 267/313/257
f 577/314/258 576/315/258 269/316/258 270/317/258
f 578/318/259 577/314/259 270/317/259 271/319/259
f 579/320/260 578/318/260 271/319/260 272/321/260
f 573/322/261 258/323/261 263/324/261
f 262/325/262 579/320/262 272/321/262
f 574/326/263 573/322/263 263/324/263 264/327/263
f 259/328/264 574/329/264 264/330/264 265/331/264
f 575/311/265 259/328/265 265/331/265 266/312/265
f 576/315/266 261/332/266 268/333/266 269/316/266
f 266/312/267 265/331/267 275/334/267 276/335/267
f 269/316/268 268/333/268 278/336/268 279/337/268
f 267/313/269 266/312/269 276/335/269 277/338/269
f 270/317/270 269/316/270 279/337/270 280/339/270
f 271/319/271 270/317/271 280/339/271 281/340/271
f 272/321/272 271/319/272 281/340/272 282/341/272
f 263/324/273 258/342/273 273/343/273
f 262/325/262 272/321/262 282/341/262
f 264/327/274 263/324/274 273/343/274 274/344/274
f 265/331/275 264/330/275 274/345/275 275/334/275
f 273/343/276 258/346/276 283/347/276
f 262/325/277 282/341/277 292/348/277
f 274/344/278 273/343/278 283/347/278 284/349/278
f 275/334/279 274/345/279 284/350/279 285/351/279
f 276/335/280 275/334/280 285/351/280 286/352/280
f 279/337/281 278/336/281 288/353/281 289/354/281
f 277/338/282 276/335/282 286/352/282 287/355/282
f 280/339/283 279/337/283 289/354/283 290/356/283
f 281/357/284 280/358/284 290/359/284 291/360/284
f 282/341/285 281/340/285 291/361/285 292/348/285
f 289/354/286 288/353/286 298/362/286 299/363/286
f 287/355/287 286/352/287 296/364/287 297/365/287
f 290/356/288 289/354/288 299/363/288 300/366/288
f 291/360/289 290/359/289 300/367/289 301/368/289
f 292/348/285 291/361/285 301/369/285 302/370/285
f 283/347/290 258/371/290 293/372/290
f 262/325/277 292/348/277 302/370/277
f 284/349/291 283/347/291 293/372/291 294/373/291
f 285/351/292 284/350/292 294/374/292 295/375/292
f 286/352/293 285/351/293 295/375/293 296/364/293
f 293/372/294 258/376/294 303/377/294
f 262/325/277 302/370/277 312/378/277
f 294/373/295 293/372/295 303/377/295 304/379/295
f 295/375/296 294/374/296 304/380/296 305/381/296
f 296/364/297 295/375/297 305/381/297 306/382/297
f 299/363/298 298/362/298 308/383/298 309/384/298
f 297/365/299 296/364/299 306/382/299 307/385/299
f 300/367/300 299/386/300 309/387/300 310/388/300
f 301/368/301 300/367/301 310/388/301 311/389/301
f 302/370/302 301/369/302 311/390/302 312/378/302
f 307/385/303 306/382/303 316/391/303 317/392/303
f 310/393/304 309/384/304 319/394/304 320/395/304
f 311/389/305 310/388/305 320/396/305 321/397/305
f 312/378/302 311/390/302 321/398/302 322/399/302
f 303/377/306 258/400/306 313/401/306
f 262/325/277 312/378/277 322/399/277
f 304/379/307 303/377/307 313/401/307 314/402/307
f 305/381/308 304/380/308 314/403/308 315/404/308
f 306/382/309 305/381/309 315/404/309 316/391/309
f 309/384/310 308/383/310 318/405/310 319/394/310
f 314/402/311 313/401/311 323/406/311 324/407/311
f 315/404/312 314/403/312 324/408/312 325/409/312
f 316/391/313 315/404/313 325/409/313 326/410/313
f 319/394/314 318/405/314 328/411/314 329/412/314
f 317/392/315 316/391/315 326/410/315 327/413/315
f 320/395/316 319/394/316 329/412/316 330/414/316
f 321/397/317 320/396/317 330/415/317 331/416/317
f 322/399/318 321/398/318 331/417/318 332/418/318
f 313/401/319 258/419/319 323/406/319
f 262/325/320 322/399/320 332/418/320
f 330/414/321 329/412/321 339/420/321 340/421/321
f 331/417/322 330/414/322 340/421/322 341/422/322
f 332/418/323 331/417/323 341/422/323 342/423/323
f 323/406/324 258/424/324 333/425/324
f 262/325/320 332/418/320 342/423/320
f 324/407/325 323/406/325 333/425/325 334/426/325
f 325/409/326 324/408/326 334/427/326 335/428/326
f 326/410/327 325/409/327 335/428/327 336/429/327
f 329/412/328 328/411/328 338/430/328 339/420/328
f 327/413/329 326/410/329 336/429/329 337/431/329
f 335/428/330 334/427/330 344/432/330 345/433/330
f 336/429/331 335/428/331 345/433/331 346/434/331
f 339/420/332 338/430/332 348/435/332 349/436/332
f 337/431/333 336/429/333 346/434/333 347/437/333
f 340/421/334 339/420/334 349/436/334 350/438/334
f 341/422/335 340/421/335 350/438/335 351/439/335
f 342/423/323 341/422/323 351/439/323 352/440/323
f 333/425/336 258/441/336 343/442/336
f 262/325/320 342/423/320 352/440/320
f 334/426/337 333/425/337 343/442/337 344/443/337
f 351/439/338 350/438/338 360/444/338 361/445/338
f 352/440/339 351/439/339 361/445/339 362/446/339
f 343/442/340 258/447/340 353/448/340
f 262/325/320 352/440/320 362/446/320
f 344/443/341 343/442/341 353/448/341 354/449/341
f 345/433/342 344/432/342 354/450/342 355/451/342
f 346/434/343 345/433/343 355/451/343 356/452/343
f 349/436/344 348/435/344 358/453/344 359/454/344
f 347/437/345 346/434/345 356/452/345 357/455/345
f 350/438/346 349/436/346 359/454/346 360/444/346
f 355/451/347 354/450/347 364/456/347 365/457/347
f 356/452/348 355/451/348 365/457/348 366/458/348
f 359/454/349 358/453/349 368/459/349 369/460/349
f 357/455/350 356/452/350 366/458/350 367/461/350
f 360/444/351 359/454/351 369/460/351 370/462/351
f 361/445/352 360/444/352 370/462/352 371/463/352
f 362/446/353 361/445/353 371/463/353 372/464/353
f 353/448/354 258/465/354 363/466/354
f 262/325/355 362/446/355 372/464/355
f 354/449/356 353/448/356 363/466/356 364/467/356
f 372/464/353 371/463/353 381/468/353 382/469/353
f 363/466/357 258/470/357 373/471/357
f 262/325/355 372/464/355 382/469/355
f 364/467/358 363/466/358 373/471/358 374/472/358
f 365/457/359 364/456/359 374/473/359 375/474/359
f 366/458/360 365/457/360 375/474/360 376/475/360
f 369/460/361 368/459/361 378/476/361 379/477/361
f 367/461/362 366/458/362 376/475/362 377/478/362
f 370/462/363 369/460/363 379/477/363 380/479/363
f 371/463/364 370/462/364 380/479/364 381/468/364
f 376/475/365 375/474/365 385/480/365 386/481/365
f 379/477/366 378/476/366 388/482/366 389/483/366
f 377/478/367 376/475/367 386/481/367 387/484/367
f 380/479/368 379/477/368 389/483/368 390/485/368
f 381/468/369 380/479/369 390/485/369 391/486/369
f 382/469/370 381/468/370 391/486/370 392/487/370
f 373/471/371 258/488/371 383/489/371
f 262/325/355 382/469/355 392/487/355
f 374/472/372 373/471/372 383/489/372 384/490/372
f 375/474/373 374/473/373 384/491/373 385/480/373
f 392/487/370 391/486/370 401/492/370 402/493/370
f 383/489/374 258/494/374 393/495/374
f 262/325/355 392/487/355 402/493/355
f 384/490/375 383/489/375 393/495/375 394/496/375
f 385/480/376 384/491/376 394/497/376 395/498/376
f 386/481/377 385/480/377 395/498/377 396/499/377
f 389/483/378 388/482/378 398/500/378 399/501/378
f 387/484/379 386/481/379 396/499/379 397/502/379
f 390/485/380 389/483/380 399/501/380 400/503/380
f 391/486/381 390/485/381 400/503/381 401/492/381
f 396/499/382 395/498/382 405/504/382 406/505/382
f 399/501/383 398/500/383 408/506/383 409/507/383
f 397/502/384 396/499/384 406/505/384 407/508/384
f 400/503/385 399/501/385 409/507/385 410/509/385
f 401/510/386 400/511/386 410/512/386 411/513/386
f 402/493/387 401/492/387 411/514/387 412/515/387
f 393/495/388 258/516/388 403/517/388
f 262/325/389 402/493/389 412/515/389
f 394/496/390 393/495/390 403/517/390 404/518/390
f 395/498/391 394/497/391 404/519/391 405/504/391
f 403/517/392 258/520/392 413/521/392
f 262/325/389 412/515/389 422/522/389
f 404/518/393 403/517/393 413/521/393 414/523/393
f 405/504/394 404/519/394 414/524/394 415/525/394
f 406/505/395 405/504/395 415/525/395 416/526/395
f 409/507/396 408/506/396 418/527/396 419/528/396
f 407/508/397 406/505/397 416/526/397 417/529/397
f 410/512/398 409/530/398 419/531/398 420/532/398
f 411/513/399 410/512/399 420/532/399 421/533/399
f 412/534/400 411/513/400 421/533/400 422/535/400
f 419/528/401 418/527/401 428/536/401 429/537/401
f 417/529/402 416/526/402 426/538/402 427/539/402
f 420/540/403 419/528/403 429/537/403 430/541/403
f 421/533/404 420/532/404 430/542/404 431/543/404
f 422/522/400 421/544/400 431/545/400 432/546/400
f 413/521/405 258/547/405 423/548/405
f 262/325/389 422/522/389 432/546/389
f 414/523/406 413/521/406 423/548/406 424/549/406
f 415/525/407 414/524/407 424/550/407 425/551/407
f 416/526/408 415/525/408 425/551/408 426/538/408
f 262/325/389 432/546/389 442/552/389
f 424/549/409 423/548/409 433/553/409 434/554/409
f 425/551/410 424/550/410 434/555/410 435/556/410
f 426/538/411 425/551/411 435/556/411 436/557/411
f 429/537/412 428/536/412 438/558/412 439/559/412
f 427/539/413 426/538/413 436/557/413 437/560/413
f 430/541/414 429/537/414 439/559/414 440/561/414
f 431/543/415 430/542/415 440/562/415 441/563/415
f 432/546/416 431/545/416 441/564/416 442/552/416
f 423/548/417 258/565/417 433/553/417
f 440/561/418 439/559/418 449/566/418 450/567/418
f 441/564/419 440/561/419 450/567/419 451/568/419
f 442/552/420 441/564/420 451/568/420 452/569/420
f 433/553/421 258/570/421 443/571/421
f 262/325/422 442/552/422 452/569/422
f 434/554/423 433/553/423 443/571/423 444/572/423
f 435/556/424 434/555/424 444/573/424 445/574/424
f 436/557/425 435/556/425 445/574/425 446/575/425
f 439/559/426 438/558/426 448/576/426 449/566/426
f 437/560/427 436/557/427 446/575/427 447/577/427
f 444/572/428 443/571/428 453/578/428 454/579/428
f 445/574/429 444/573/429 454/580/429 455/581/429
f 446/575/430 445/574/430 455/581/430 456/582/430
f 449/566/431 448/576/431 458/583/431 459/584/431
f 447/577/432 446/575/432 456/582/432 457/585/432
f 450/567/433 449/566/433 459/584/433 460/586/433
f 451/568/434 450/567/434 460/586/434 461/587/434
f 452/569/420 451/568/420 461/587/420 462/588/420
f 443/571/435 258/589/435 453/578/435
f 262/325/422 452/569/422 462/588/422
f 461/587/436 460/586/436 470/590/436 471/591/436
f 462/588/437 461/587/437 471/591/437 472/592/437
f 453/578/438 258/593/438 463/594/438
f 262/325/422 462/588/422 472/592/422
f 454/579/439 453/578/439 463/594/439 464/595/439
f 455/581/440 454/580/440 464/596/440 465/597/440
f 456/582/441 455/581/441 465/597/441 466/598/441
f 459/584/442 458/583/442 468/599/442 469/600/442
f 457/585/443 456/582/443 466/598/443 467/601/443
f 460/586/444 459/584/444 469/600/444 470/590/444
f 465/597/445 464/596/445 474/602/445 475/603/445
f 466/598/446 465/597/446 475/603/446 476/604/446
f 469/600/447 468/599/447 478/605/447 479/606/447
f 467/601/448 466/598/448 476/604/448 477/607/448
f 470/590/449 469/600/449 479/606/449 480/608/449
f 471/591/450 470/590/450 480/608/450 481/609/450
f 472/592/437 471/591/437 481/609/437 482/610/437
f 463/594/451 258/611/451 473/612/451
f 262/325/422 472/592/422 482/610/422
f 464/595/452 463/594/452 473/612/452 474/613/452
f 481/609/453 480/608/453 490/614/453 491/615/453
f 482/610/454 481/609/454 491/615/454 492/616/454
f 473/612/455 258/617/455 483/618/455
f 262/325/456 482/610/456 492/616/456
f 474/613/457 473/612/457 483/618/457 484/619/457
f 475/603/458 474/602/458 484/620/458 485/621/458
f 476/604/459 475/603/459 485/621/459 486/622/459
f 479/606/460 478/605/460 488/623/460 489/624/460
f 477/607/461 476/604/461 486/622/461 487/625/461
f 480/608/462 479/606/462 489/624/462 490/614/462
f 485/621/463 484/620/463 494/626/463 495/627/463
f 486/622/464 485/621/464 495/627/464 496/628/464
f 489/624/465 488/623/465 498/629/465 499/630/465
f 487/625/466 486/622/466 496/628/466 497/631/466
f 490/614/467 489/624/467 499/630/467 500/632/467
f 491/615/468 490/614/468 500/632/468 501/633/468
f 492/616/469 491/615/469 501/633/469 502/634/469
f 483/618/470 258/635/470 493/636/470
f 262/325/456 492/616/456 502/634/456
f 484/619/471 483/618/471 493/636/471 494/637/471
f 502/634/469 501/633/469 511/638/469 512/639/469
f 493/640/472 258/641/472 503/642/472
f 262/325/456 502/634/456 512/639/456
f 494/643/473 493/640/473 503/642/473 504/644/473
f 495/627/474 494/626/474 504/645/474 505/646/474
f 496/628/475 495/627/475 505/646/475 506/647/475
f 499/630/476 498/629/476 508/648/476 509/649/476
f 497/631/477 496/628/477 506/647/477 507/650/477
f 500/632/478 499/630/478 509/649/478 510/651/478
f 501/652/479 500/653/479 510/654/479 511/655/479
f 506/647/480 505/646/480 515/656/480 516/657/480
f 509/649/481 508/648/481 518/658/481 519/659/481
f 507/650/482 506/647/482 516/657/482 517/660/482
f 510/651/483 509/649/483 519/659/483 520/661/483
f 511/655/484 510/654/484 520/662/484 521/663/484
f 512/639/485 511/638/485 521/664/485 522/665/485
f 503/642/486 258/666/486 513/667/486
f 262/325/456 512/639/456 522/665/456
f 504/644/487 503/642/487 513/667/487 514/668/487
f 505/646/488 504/645/488 514/669/488 515/656/488
f 522/665/489 521/664/489 531/670/489 532/671/489
f 513/667/490 258/672/490 523/673/490
f 262/325/491 522/665/491 532/671/491
f 514/668/492 513/667/492 523/673/492 524/674/492
f 515/656/493 514/669/493 524/675/493 525/676/493
f 516/657/494 515/656/494 525/676/494 526/677/494
f 519/659/495 518/658/495 528/678/495 529/679/495
f 517/660/496 516/657/496 526/677/496 527/680/496
f 520/662/497 519/681/497 529/682/497 530/683/497
f 521/663/498 520/662/498 530/683/498 531/684/498
f 529/679/499 528/678/499 538/685/499 539/686/499
f 527/680/500 526/677/500 536/687/500 537/688/500
f 530/689/501 529/679/501 539/686/501 540/690/501
f 531/684/502 530/683/502 540/691/502 541/692/502
f 532/671/489 531/670/489 541/693/489 542/694/489
f 523/673/503 258/695/503 533/696/503
f 262/325/491 532/671/491 542/694/491
f 524/674/504 523/673/504 533/696/504 534/697/504
f 525/676/505 524/675/505 534/698/505 535/699/505
f 526/677/506 525/676/506 535/699/506 536/687/506
f 533/696/507 258/700/507 543/701/507
f 262/325/491 542/694/491 552/702/491
f 534/697/508 533/696/508 543/701/508 544/703/508
f 535/699/509 534/698/509 544/704/509 545/705/509
f 536/687/510 535/699/510 545/705/510 546/706/510
f 539/686/511 538/685/511 548/707/511 549/708/511
f 537/688/512 536/687/512 546/706/512 547/709/512
f 540/690/513 539/686/513 549/708/513 550/710/513
f 541/693/514 540/690/514 550/710/514 551/711/514
f 542/694/515 541/693/515 551/711/515 552/702/515
f 547/709/516 546/706/516 556/712/516 557/713/516
f 550/710/517 549/708/517 559/714/517 560/715/517
f 551/711/518 550/710/518 560/715/518 561/716/518
f 552/702/515 551/711/515 561/716/515 562/717/515
f 543/701/519 258/718/519 553/719/519
f 262/325/491 552/702/491 562/717/491
f 544/703/520 543/701/520 553/719/520 554/720/520
f 545/705/521 544/704/521 554/721/521 555/722/521
f 546/706/522 545/705/522 555/722/522 556/712/522
f 549/708/523 548/707/523 558/723/523 559/714/523
f 554/720/524 553/719/524 563/724/524 564/725/524
f 555/722/525 554/721/525 564/726/525 565/727/525
f 556/712/526 555/722/526 565/727/526 566/728/526
f 559/714/527 558/723/527 568/729/527 569/730/527
f 557/713/528 556/712/528 566/728/528 567/731/528
f 560/715/529 559/714/529 569/730/529 570/732/529
f 561/716/530 560/715/530 570/732/530 571/733/530
f 562/717/531 561/716/531 571/733/531 572/734/531
f 553/719/532 258/735/532 563/724/532
f 262/325/262 562/717/262 572/734/262
f 570/732/533 569/730/533 576/315/533 577/314/533
f 571/733/534 570/732/534 577/314/534 578/318/534
f 572/734/260 571/733/260 578/318/260 579/320/260
f 563/724/535 258/736/535 573/322/535
f 262/325/262 572/734/262 579/320/262
f 564/725/536 563/724/536 573/322/536 574/326/536
f 565/727/537 564/726/537 574/329/537 259/328/537
f 566/728/538 565/727/538 259/328/538 575/311/538
f 569/730/539 568/729/539 261/332/539 576/315/539
f 567/731/540 566/728/540 575/311/540 260/310/540
f 582/737/541 832/738/541 586/739/541 587/740/541
f 833/741/542 582/742/542 587/743/542 588/744/542
f 834/745/543 833/746/543 588/747/543 589/748/543
f 835/749/544 834/745/544 589/748/544 590/750/544
f 836/751/545 835/749/545 590/750/545 591/752/545
f 583/753/546 836/751/546 591/752/546
f 581/754/547 580/755/547 584/756/547 585/757/547
f 832/738/548 581/754/548 585/757/548 586/739/548
f 586/758/549 585/759/549 593/760/549 594/761/549
f 587/743/550 586/758/550 594/761/550 595/762/550
f 588/744/551 587/743/551 595/762/551 596/763/551
f 589/748/552 588/747/552 596/764/552 597/765/552
f 590/750/553 589/748/553 597/765/553 598/766/553
f 591/752/554 590/750/554 598/766/554 599/767/554
f 583/753/555 591/752/555 599/767/555
f 585/759/556 584/768/556 592/769/556 593/760/556
f 598/766/557 597/765/557 605/770/557 606/771/557
f 599/767/558 598/766/558 606/771/558 607/772/558
f 583/753/559 599/767/559 607/772/559
f 593/760/560 592/769/560 600/773/560 601/774/560
f 594/761/561 593/760/561 601/774/561 602/775/561
f 595/762/562 594/761/562 602/775/562 603/776/562
f 596/763/563 595/762/563 603/776/563 604/777/563
f 597/778/564 596/763/564 604/777/564 605/779/564
f 603/776/565 602/775/565 610/780/565 611/781/565
f 604/777/566 603/776/566 611/781/566 612/782/566
f 605/779/567 604/777/567 612/782/567 613/783/567
f 606/771/568 605/770/568 613/784/568 614/785/568
f 607/772/569 606/771/569 614/785/569 615/786/569
f 583/753/570 607/772/570 615/786/570
f 601/774/571 600/773/571 608/787/571 609/788/571
f 602/775/572 601/774/572 609/788/572 610/780/572
f 615/786/573 614/785/573 622/789/573 623/790/573
f 583/753/574 615/786/574 623/790/574
f 609/788/575 608/787/575 616/791/575 617/792/575
f 610/780/576 609/788/576 617/792/576 618/793/576
f 611/781/577 610/780/577 618/793/577 619/794/577
f 612/782/578 611/781/578 619/794/578 620/795/578
f 613/783/579 612/782/579 620/795/579 621/796/579
f 614/785/580 613/784/580 621/797/580 622/789/580
f 619/794/581 618/793/581 626/798/581 627/799/581
f 620/795/582 619/794/582 627/799/582 628/800/582
f 621/796/583 620/795/583 628/800/583 629/801/583
f 622/789/584 621/797/584 629/802/584 630/803/584
f 623/790/585 622/789/585 630/803/585 631/804/585
f 583/753/586 623/790/586 631/804/586
f 617/792/587 616/791/587 624/805/587 625/806/587
f 618/793/588 617/792/588 625/806/588 626/798/588
f 631/804/589 630/803/589 638/807/589 639/808/589
f 583/753/590 631/804/590 639/808/590
f 625/806/591 624/805/591 632/809/591 633/810/591
f 626/798/592 625/806/592 633/810/592 634/811/592
f 627/799/593 626/798/593 634/811/593 635/812/593
f 628/800/594 627/799/594 635/812/594 636/813/594
f 629/802/595 628/814/595 636/815/595 637/816/595
f 630/803/596 629/802/596 637/816/596 638/807/596
f 636/813/597 635/812/597 643/817/597 644/818/597
f 637/816/598 636/815/598 644/819/598 645/820/598
f 638/807/599 637/816/599 645/820/599 646/821/599
f 639/808/600 638/807/600 646/821/600 647/822/600
f 583/753/601 639/808/601 647/822/601
f 633/810/602 632/809/602 640/823/602 641/824/602
f 634/811/603 633/810/603 641/824/603 642/825/603
f 635/812/604 634/811/604 642/825/604 643/817/604
f 583/753/605 647/822/605 655/826/605
f 641/827/606 640/828/606 648/829/606 649/830/606
f 642/831/607 641/827/607 649/830/607 650/832/607
f 643/833/608 642/831/608 650/832/608 651/834/608
f 644/818/609 643/817/609 651/835/609 652/836/609
f 645/820/610 644/819/610 652/837/610 653/838/610
f 646/821/611 645/820/611 653/838/611 654/839/611
f 647/822/612 646/821/612 654/839/612 655/826/612
f 652/840/613 651/834/613 659/841/613 660/842/613
f 653/838/614 652/837/614 660/843/614 661/844/614
f 654/839/615 653/838/615 661/844/615 662/845/615
f 655/826/616 654/839/616 662/845/616 663/846/616
f 583/753/617 655/826/617 663/846/617
f 649/830/618 648/829/618 656/847/618 657/848/618
f 650/832/619 649/830/619 657/848/619 658/849/619
f 651/834/620 650/832/620 658/849/620 659/841/620
f 583/753/621 663/846/621 671/850/621
f 657/848/622 656/847/622 664/851/622 665/852/622
f 658/849/623 657/848/623 665/852/623 666/853/623
f 659/841/624 658/849/624 666/853/624 667/854/624
f 660/842/625 659/841/625 667/854/625 668/855/625
f 661/844/626 660/843/626 668/856/626 669/857/626
f 662/845/627 661/844/627 669/857/627 670/858/627
f 663/846/628 662/845/628 670/858/628 671/850/628
f 669/857/629 668/856/629 676/859/629 677/860/629
f 670/858/630 669/857/630 677/860/630 678/861/630
f 671/850/631 670/858/631 678/861/631 679/862/631
f 583/753/632 671/850/632 679/862/632
f 665/852/633 664/851/633 672/863/633 673/864/633
f 666/853/634 665/852/634 673/864/634 674/865/634
f 667/854/635 666/853/635 674/865/635 675/866/635
f 668/855/636 667/854/636 675/866/636 676/867/636
f 674/865/637 673/864/637 681/868/637 682/869/637
f 675/866/638 674/865/638 682/869/638 683/870/638
f 676/867/639 675/866/639 683/870/639 684/871/639
f 677/860/640 676/859/640 684/872/640 685/873/640
f 678/861/641 677/860/641 685/873/641 686/874/641
f 679/862/642 678/861/642 686/874/642 687/875/642
f 583/753/643 679/862/643 687/875/643
f 673/864/644 672/863/644 680/876/644 681/868/644
f 686/874/645 685/873/645 693/877/645 694/878/645
f 687/875/646 686/874/646 694/878/646 695/879/646
f 583/753/647 687/875/647 695/879/647
f 681/868/648 680/876/648 688/880/648 689/881/648
f 682/869/649 681/868/649 689/881/649 690/882/649
f 683/870/650 682/869/650 690/882/650 691/883/650
f 684/871/651 683/870/651 691/883/651 692/884/651
f 685/873/652 684/872/652 692/885/652 693/877/652
f 690/882/653 689/881/653 697/886/653 698/887/653
f 691/883/654 690/882/654 698/887/654 699/888/654
f 692/885/655 691/889/655 699/890/655 700/891/655
f 693/877/656 692/885/656 700/891/656 701/892/656
f 694/878/657 693/877/657 701/892/657 702/893/657
f 695/879/658 694/878/658 702/893/658 703/894/658
f 583/753/659 695/879/659 703/894/659
f 689/881/660 688/880/660 696/895/660 697/886/660
f 702/893/661 701/892/661 709/896/661 710/897/661
f 703/894/662 702/893/662 710/897/662 711/898/662
f 583/753/663 703/894/663 711/898/663
f 697/886/664 696/895/664 704/899/664 705/900/664
f 698/887/665 697/886/665 705/900/665 706/901/665
f 699/888/666 698/887/666 706/901/666 707/902/666
f 700/891/667 699/890/667 707/903/667 708/904/667
f 701/892/668 700/891/668 708/904/668 709/896/668
f 707/905/669 706/906/669 714/907/669 715/908/669
f 708/904/670 707/903/670 715/909/670 716/910/670
f 709/896/671 708/904/671 716/910/671 717/911/671
f 710/897/672 709/896/672 717/911/672 718/912/672
f 711/898/673 710/897/673 718/912/673 719/913/673
f 583/753/674 711/898/674 719/913/674
f 705/914/675 704/915/675 712/916/675 713/917/675
f 706/906/676 705/914/676 713/917/676 714/907/676
f 719/913/677 718/912/677 726/918/677 727/919/677
f 583/753/678 719/913/678 727/919/678
f 713/917/679 712/916/679 720/920/679 721/921/679
f 714/907/680 713/917/680 721/921/680 722/922/680
f 715/908/681 714/907/681 722/922/681 723/923/681
f 716/910/682 715/909/682 723/924/682 724/925/682
f 717/911/683 716/910/683 724/925/683 725/926/683
f 718/912/684 717/911/684 725/926/684 726/918/684
f 723/923/685 722/922/685 730/927/685 731/928/685
f 724/929/686 723/923/686 731/928/686 732/930/686
f 725/926/687 724/925/687 732/931/687 733/932/687
f 726/918/688 725/926/688 733/932/688 734/933/688
f 727/919/689 726/918/689 734/933/689 735/934/689
f 583/753/690 727/919/690 735/934/690
f 721/921/691 720/920/691 728/935/691 729/936/691
f 722/922/692 721/921/692 729/936/692 730/927/692
f 735/934/693 734/933/693 742/937/693 743/938/693
f 583/753/694 735/934/694 743/938/694
f 729/936/695 728/935/695 736/939/695 737/940/695
f 730/927/696 729/936/696 737/940/696 738/941/696
f 731/928/697 730/927/697 738/941/697 739/942/697
f 732/930/698 731/928/698 739/942/698 740/943/698
f 733/932/699 732/931/699 740/944/699 741/945/699
f 734/933/700 733/932/700 741/945/700 742/937/700
f 740/943/701 739/942/701 747/946/701 748/947/701
f 741/945/702 740/944/702 748/948/702 749/949/702
f 742/937/703 741/945/703 749/949/703 750/950/703
f 743/938/704 742/937/704 750/950/704 751/951/704
f 583/753/705 743/938/705 751/951/705
f 737/940/706 736/939/706 744/952/706 745/953/706
f 738/941/707 737/940/707 745/953/707 746/954/707
f 739/942/708 738/941/708 746/954/708 747/946/708
f 583/753/709 751/951/709 759/955/709
f 745/953/710 744/952/710 752/956/710 753/957/710
f 746/954/711 745/953/711 753/957/711 754/958/711
f 747/946/712 746/954/712 754/958/712 755/959/712
f 748/947/713 747/946/713 755/959/713 756/960/713
f 749/949/714 748/948/714 756/961/714 757/962/714
f 750/950/715 749/949/715 757/962/715 758/963/715
f 751/951/716 750/950/716 758/963/716 759/955/716
f 757/962/717 756/961/717 764/964/717 765/965/717
f 758/963/718 757/962/718 765/965/718 766/966/718
f 759/955/719 758/963/719 766/966/719 767/967/719
f 583/753/720 759/955/720 767/967/720
f 753/957/721 752/956/721 760/968/721 761/969/721
f 754/958/722 753/957/722 761/969/722 762/970/722
f 755/959/723 754/958/723 762/970/723 763/971/723
f 756/960/724 755/959/724 763/971/724 764/972/724
f 761/969/725 760/968/725 768/973/725 769/974/725
f 762/970/726 761/969/726 769/974/726 770/975/726
f 763/971/727 762/970/727 770/975/727 771/976/727
f 764/972/728 763/971/728 771/976/728 772/977/728
f 765/965/729 764/964/729 772/978/729 773/979/729
f 766/966/730 765/965/730 773/979/730 774/980/730
f 767/967/731 766/966/731 774/980/731 775/981/731
f 583/753/732 767/967/732 775/981/732
f 773/979/733 772/978/733 780/982/733 781/983/733
f 774/980/734 773/979/734 781/983/734 782/984/734
f 775/981/735 774/980/735 782/984/735 783/985/735
f 583/753/736 775/981/736 783/985/736
f 769/986/737 768/987/737 776/988/737 777/989/737
f 770/990/738 769/986/738 777/989/738 778/991/738
f 771/992/739 770/990/739 778/991/739 779/993/739
f 772/994/740 771/992/740 779/993/740 780/995/740
f 778/991/741 777/989/741 785/996/741 786/997/741
f 779/993/742 778/991/742 786/997/742 787/998/742
f 780/995/743 779/993/743 787/998/743 788/999/743
f 781/983/744 780/982/744 788/1000/744 789/1001/744
f 782/984/745 781/983/745 789/1001/745 790/1002/745
f 783/985/746 782/984/746 790/1002/746 791/1003/746
f 583/753/747 783/985/747 791/1003/747
f 777/989/748 776/988/748 784/1004/748 785/996/748
f 790/1002/749 789/1001/749 797/1005/749 798/1006/749
f 791/1003/750 790/1002/750 798/1006/750 799/1007/750
f 583/753/751 791/1003/751 799/1007/751
f 785/996/752 784/1004/752 792/1008/752 793/1009/752
f 786/997/753 785/996/753 793/1009/753 794/1010/753
f 787/998/754 786/997/754 794/1010/754 795/1011/754
f 788/999/755 787/998/755 795/1011/755 796/1012/755
f 789/1001/756 788/1000/756 796/1013/756 797/1005/756
f 794/1010/757 793/1009/757 801/1014/757 802/1015/757
f 795/1011/758 794/1010/758 802/1015/758 803/1016/758
f 796/1012/759 795/1011/759 803/1016/759 804/1017/759
f 797/1018/760 796/1012/760 804/1017/760 805/1019/760
f 798/1006/761 797/1005/761 805/1020/761 806/1021/761
f 799/1007/762 798/1006/762 806/1021/762 807/1022/762
f 583/753/763 799/1007/763 807/1022/763
f 793/1009/764 792/1008/764 800/1023/764 801/1014/764
f 806/1021/765 805/1020/765 813/1024/765 814/1025/765
f 807/1022/766 806/1021/766 814/1025/766 815/1026/766
f 583/753/767 807/1022/767 815/1026/767
f 801/1014/768 800/1023/768 808/1027/768 809/1028/768
f 802/1015/769 801/1014/769 809/1028/769 810/1029/769
f 803/1016/770 802/1015/770 810/1029/770 811/1030/770
f 804/1017/771 803/1016/771 811/1030/771 812/1031/771
f 805/1019/772 804/1017/772 812/1031/772 813/1032/772
f 811/1030/773 810/1029/773 818/1033/773 819/1034/773
f 812/1031/774 811/1030/774 819/1034/774 820/1035/774
f 813/1032/775 812/1031/775 820/1035/775 821/1036/775
f 814/1025/776 813/1024/776 821/1037/776 822/1038/776
f 815/1026/777 814/1025/777 822/1038/777 823/1039/777
f 583/753/778 815/1026/778 823/1039/778
f 809/1028/779 808/1027/779 816/1040/779 817/1041/779
f 810/1029/780 809/1028/780 817/1041/780 818/1033/780
f 823/1039/781 822/1038/781 830/1042/781 831/1043/781
f 583/753/782 823/1039/782 831/1043/782
f 817/1041/783 816/1040/783 824/1044/783 825/1045/783
f 818/1033/784 817/1041/784 825/1045/784 826/1046/784
f 819/1034/785 818/1033/785 826/1046/785 827/1047/785
f 820/1035/786 819/1034/786 827/1047/786 828/1048/786
f 821/1036/787 820/1035/787 828/1048/787 829/1049/787
f 822/1038/788 821/1037/788 829/1050/788 830/1042/788
f 828/1048/789 827/1047/789 582/737/789 833/1051/789
f 829/1050/790 828/1052/790 833/746/790 834/745/790
f 830/1042/791 829/1050/791 834/745/791 835/749/791
f 831/1043/792 830/1042/792 835/749/792 836/751/792
f 583/753/793 831/1043/793 836/751/793
f 825/1045/794 824/1044/794 580/755/794 581/754/794
f 826/1046/795 825/1045/795 581/754/795 832/738/795
f 827/1047/796 826/1046/796 832/738/796 582/737/796
f 839/1053/541 1089/1054/541 843/1055/541 844/1056/541
f 1090/1057/542 839/1058/542 844/1059/542 845/1060/542
f 1091/1061/543 1090/1062/543 845/1063/543 846/1064/543
f 1092/1065/544 1091/1061/544 846/1064/544 847/1066/544
f 1093/1067/545 1092/1065/545 847/1066/545 848/1068/545
f 840/1069/546 1093/1067/546 848/1068/546
f 838/1070/797 837/1071/797 841/1072/797 842/1073/797
f 1089/1054/548 838/1070/548 842/1073/548 843/1055/548
f 843/1074/549 842/1075/549 850/1076/549 851/1077/549
f 844/1059/550 843/1074/550 851/1077/550 852/1078/550
f 845/1060/551 844/1059/551 852/1078/551 853/1079/551
f 846/1064/552 845/1063/552 853/1080/552 854/1081/552
f 847/1066/553 846/1064/553 854/1081/553 855/1082/553
f 848/1068/554 847/1066/554 855/1082/554 856/1083/554
f 840/1069/555 848/1068/555 856/1083/555
f 842/1075/556 841/1084/556 849/1085/556 850/1076/556
f 855/1082/798 854/1081/798 862/1086/798 863/1087/798
f 856/1083/558 855/1082/558 863/1087/558 864/1088/558
f 840/1069/559 856/1083/559 864/1088/559
f 850/1076/560 849/1085/560 857/1089/560 858/1090/560
f 851/1077/561 850/1076/561 858/1090/561 859/1091/561
f 852/1078/562 851/1077/562 859/1091/562 860/1092/562
f 853/1079/563 852/1078/563 860/1092/563 861/1093/563
f 854/1094/564 853/1079/564 861/1093/564 862/1095/564
f 860/1092/565 859/1091/565 867/1096/565 868/1097/565
f 861/1093/566 860/1092/566 868/1097/566 869/1098/566
f 862/1095/567 861/1093/567 869/1098/567 870/1099/567
f 863/1087/568 862/1086/568 870/1100/568 871/1101/568
f 864/1088/569 863/1087/569 871/1101/569 872/1102/569
f 840/1069/570 864/1088/570 872/1102/570
f 858/1090/571 857/1089/571 865/1103/571 866/1104/571
f 859/1091/572 858/1090/572 866/1104/572 867/1096/572
f 872/1102/573 871/1101/573 879/1105/573 880/1106/573
f 840/1069/574 872/1102/574 880/1106/574
f 866/1104/575 865/1103/575 873/1107/575 874/1108/575
f 867/1096/576 866/1104/576 874/1108/576 875/1109/576
f 868/1097/577 867/1096/577 875/1109/577 876/1110/577
f 869/1098/578 868/1097/578 876/1110/578 877/1111/578
f 870/1099/579 869/1098/579 877/1111/579 878/1112/579
f 871/1101/580 870/1100/580 878/1113/580 879/1105/580
f 876/1110/581 875/1109/581 883/1114/581 884/1115/581
f 877/1111/582 876/1110/582 884/1115/582 885/1116/582
f 878/1112/583 877/1111/583 885/1116/583 886/1117/583
f 879/1105/799 878/1113/799 886/1118/799 887/1119/799
f 880/1106/585 879/1105/585 887/1119/585 888/1120/585
f 840/1069/586 880/1106/586 888/1120/586
f 874/1108/587 873/1107/587 881/1121/587 882/1122/587
f 875/1109/588 874/1108/588 882/1122/588 883/1114/588
f 888/1120/589 887/1119/589 895/1123/589 896/1124/589
f 840/1069/590 888/1120/590 896/1124/590
f 882/1122/591 881/1121/591 889/1125/591 890/1126/591
f 883/1114/592 882/1122/592 890/1126/592 891/1127/592
f 884/1115/593 883/1114/593 891/1127/593 892/1128/593
f 885/1116/594 884/1115/594 892/1128/594 893/1129/594
f 886/1118/595 885/1130/595 893/1131/595 894/1132/595
f 887/1119/596 886/1118/596 894/1132/596 895/1123/596
f 893/1129/597 892/1128/597 900/1133/597 901/1134/597
f 894/1132/598 893/1131/598 901/1135/598 902/1136/598
f 895/1123/599 894/1132/599 902/1136/599 903/1137/599
f 896/1124/600 895/1123/600 903/1137/600 904/1138/600
f 840/1069/601 896/1124/601 904/1138/601
f 890/1126/602 889/1125/602 897/1139/602 898/1140/602
f 891/1127/603 890/1126/603 898/1140/603 899/1141/603
f 892/1128/604 891/1127/604 899/1141/604 900/1133/604
f 840/1069/605 904/1138/605 912/1142/605
f 898/1143/606 897/1144/606 905/1145/606 906/1146/606
f 899/1147/607 898/1143/607 906/1146/607 907/1148/607
f 900/1149/608 899/1147/608 907/1148/608 908/1150/608
f 901/1134/609 900/1133/609 908/1151/609 909/1152/609
f 902/1136/610 901/1135/610 909/1153/610 910/1154/610
f 903/1137/611 902/1136/611 910/1154/611 911/1155/611
f 904/1138/612 903/1137/612 911/1155/612 912/1142/612
f 909/1156/613 908/1150/613 916/1157/613 917/1158/613
f 910/1154/614 909/1153/614 917/1159/614 918/1160/614
f 911/1155/615 910/1154/615 918/1160/615 919/1161/615
f 912/1142/616 911/1155/616 919/1161/616 920/1162/616
f 840/1069/617 912/1142/617 920/1162/617
f 906/1146/618 905/1145/618 913/1163/618 914/1164/618
f 907/1148/619 906/1146/619 914/1164/619 915/1165/619
f 908/1150/620 907/1148/620 915/1165/620 916/1157/620
f 840/1069/621 920/1162/621 928/1166/621
f 914/1164/622 913/1163/622 921/1167/622 922/1168/622
f 915/1165/623 914/1164/623 922/1168/623 923/1169/623
f 916/1157/624 915/1165/624 923/1169/624 924/1170/624
f 917/1158/625 916/1157/625 924/1170/625 925/1171/625
f 918/1160/626 917/1159/626 925/1172/626 926/1173/626
f 919/1161/800 918/1160/800 926/1173/800 927/1174/800
f 920/1162/628 919/1161/628 927/1174/628 928/1166/628
f 926/1173/629 925/1172/629 933/1175/629 934/1176/629
f 927/1174/630 926/1173/630 934/1176/630 935/1177/630
f 928/1166/631 927/1174/631 935/1177/631 936/1178/631
f 840/1069/632 928/1166/632 936/1178/632
f 922/1168/633 921/1167/633 929/1179/633 930/1180/633
f 923/1169/634 922/1168/634 930/1180/634 931/1181/634
f 924/1170/635 923/1169/635 931/1181/635 932/1182/635
f 925/1171/636 924/1170/636 932/1182/636 933/1183/636
f 931/1181/637 930/1180/637 938/1184/637 939/1185/637
f 932/1182/638 931/1181/638 939/1185/638 940/1186/638
f 933/1183/639 932/1182/639 940/1186/639 941/1187/639
f 934/1176/640 933/1175/640 941/1188/640 942/1189/640
f 935/1177/641 934/1176/641 942/1189/641 943/1190/641
f 936/1178/642 935/1177/642 943/1190/642 944/1191/642
f 840/1069/643 936/1178/643 944/1191/643
f 930/1180/644 929/1179/644 937/1192/644 938/1184/644
f 943/1190/801 942/1189/801 950/1193/801 951/1194/801
f 944/1191/646 943/1190/646 951/1194/646 952/1195/646
f 840/1069/647 944/1191/647 952/1195/647
f 938/1184/648 937/1192/648 945/1196/648 946/1197/648
f 939/1185/649 938/1184/649 946/1197/649 947/1198/649
f 940/1186/650 939/1185/650 947/1198/650 948/1199/650
f 941/1187/651 940/1186/651 948/1199/651 949/1200/651
f 942/1189/652 941/1188/652 949/1201/652 950/1193/652
f 947/1198/653 946/1197/653 954/1202/653 955/1203/653
f 948/1199/654 947/1198/654 955/1203/654 956/1204/654
f 949/1201/655 948/1205/655 956/1206/655 957/1207/655
f 950/1193/656 949/1201/656 957/1207/656 958/1208/656
f 951/1194/657 950/1193/657 958/1208/657 959/1209/657
f 952/1195/658 951/1194/658 959/1209/658 960/1210/658
f 840/1069/659 952/1195/659 960/1210/659
f 946/1197/660 945/1196/660 953/1211/660 954/1202/660
f 959/1209/661 958/1208/661 966/1212/661 967/1213/661
f 960/1210/662 959/1209/662 967/1213/662 968/1214/662
f 840/1069/802 960/1210/802 968/1214/802
f 954/1202/664 953/1211/664 961/1215/664 962/1216/664
f 955/1203/665 954/1202/665 962/1216/665 963/1217/665
f 956/1204/666 955/1203/666 963/1217/666 964/1218/666
f 957/1207/667 956/1206/667 964/1219/667 965/1220/667
f 958/1208/668 957/1207/668 965/1220/668 966/1212/668
f 964/1221/669 963/1222/669 971/1223/669 972/1224/669
f 965/1220/670 964/1219/670 972/1225/670 973/1226/670
f 966/1212/671 965/1220/671 973/1226/671 974/1227/671
f 967/1213/672 966/1212/672 974/1227/672 975/1228/672
f 968/1214/673 967/1213/673 975/1228/673 976/1229/673
f 840/1069/803 968/1214/803 976/1229/803
f 962/1230/804 961/1231/804 969/1232/804 970/1233/804
f 963/1222/676 962/1230/676 970/1233/676 971/1223/676
f 976/1229/677 975/1228/677 983/1234/677 984/1235/677
f 840/1069/678 976/1229/678 984/1235/678
f 970/1233/679 969/1232/679 977/1236/679 978/1237/679
f 971/1223/680 970/1233/680 978/1237/680 979/1238/680
f 972/1224/681 971/1223/681 979/1238/681 980/1239/681
f 973/1226/682 972/1225/682 980/1240/682 981/1241/682
f 974/1227/683 973/1226/683 981/1241/683 982/1242/683
f 975/1228/684 974/1227/684 982/1242/684 983/1234/684
f 980/1239/685 979/1238/685 987/1243/685 988/1244/685
f 981/1245/686 980/1239/686 988/1244/686 989/1246/686
f 982/1242/687 981/1241/687 989/1247/687 990/1248/687
f 983/1234/805 982/1242/805 990/1248/805 991/1249/805
f 984/1235/689 983/1234/689 991/1249/689 992/1250/689
f 840/1069/690 984/1235/690 992/1250/690
f 978/1237/691 977/1236/691 985/1251/691 986/1252/691
f 979/1238/692 978/1237/692 986/1252/692 987/1243/692
f 992/1250/693 991/1249/693 999/1253/693 1000/1254/693
f 840/1069/694 992/1250/694 1000/1254/694
f 986/1252/695 985/1251/695 993/1255/695 994/1256/695
f 987/1243/696 986/1252/696 994/1256/696 995/1257/696
f 988/1244/697 987/1243/697 995/1257/697 996/1258/697
f 989/1246/698 988/1244/698 996/1258/698 997/1259/698
f 990/1248/699 989/1247/699 997/1260/699 998/1261/699
f 991/1249/700 990/1248/700 998/1261/700 999/1253/700
f 997/1259/701 996/1258/701 1004/1262/701 1005/1263/701
f 998/1261/702 997/1260/702 1005/1264/702 1006/1265/702
f 999/1253/703 998/1261/703 1006/1265/703 1007/1266/703
f 1000/1254/704 999/1253/704 1007/1266/704 1008/1267/704
f 840/1069/705 1000/1254/705 1008/1267/705
f 994/1256/706 993/1255/706 1001/1268/706 1002/1269/706
f 995/1257/707 994/1256/707 1002/1269/707 1003/1270/707
f 996/1258/708 995/1257/708 1003/1270/708 1004/1262/708
f 840/1069/709 1008/1267/709 1016/1271/709
f 1002/1272/710 1001/1273/710 1009/1274/710 1010/1275/710
f 1003/1270/711 1002/1269/711 1010/1276/711 1011/1277/711
f 1004/1262/712 1003/1270/712 1011/1277/712 1012/1278/712
f 1005/1263/713 1004/1262/713 1012/1278/713 1013/1279/713
f 1006/1265/714 1005/1264/714 1013/1280/714 1014/1281/714
f 1007/1266/806 1006/1265/806 1014/1281/806 1015/1282/806
f 1008/1267/716 1007/1266/716 1015/1282/716 1016/1271/716
f 1014/1281/717 1013/1280/717 1021/1283/717 1022/1284/717
f 1015/1282/718 1014/1281/718 1022/1284/718 1023/1285/718
f 1016/1271/719 1015/1282/719 1023/1285/719 1024/1286/719
f 840/1069/720 1016/1271/720 1024/1286/720
f 1010/1275/721 1009/1274/721 1017/1287/721 1018/1288/721
f 1011/1277/722 1010/1276/722 1018/1289/722 1019/1290/722
f 1012/1278/723 1011/1277/723 1019/1290/723 1020/1291/723
f 1013/1279/724 1012/1278/724 1020/1291/724 1021/1292/724
f 1018/1288/725 1017/1287/725 1025/1293/725 1026/1294/725
f 1019/1290/726 1018/1289/726 1026/1295/726 1027/1296/726
f 1020/1291/727 1019/1290/727 1027/1296/727 1028/1297/727
f 1021/1292/728 1020/1291/728 1028/1297/728 1029/1298/728
f 1022/1284/729 1021/1283/729 1029/1299/729 1030/1300/729
f 1023/1285/730 1022/1284/730 1030/1300/730 1031/1301/730
f 1024/1286/731 1023/1285/731 1031/1301/731 1032/1302/731
f 840/1069/732 1024/1286/732 1032/1302/732
f 1030/1300/733 1029/1299/733 1037/1303/733 1038/1304/733
f 1031/1301/734 1030/1300/734 1038/1304/734 1039/1305/734
f 1032/1302/735 1031/1301/735 1039/1305/735 1040/1306/735
f 840/1069/736 1032/1302/736 1040/1306/736
f 1026/1307/807 1025/1308/807 1033/1309/807 1034/1310/807
f 1027/1311/738 1026/1312/738 1034/1313/738 1035/1314/738
f 1028/1315/739 1027/1311/739 1035/1314/739 1036/1316/739
f 1029/1317/740 1028/1315/740 1036/1316/740 1037/1318/740
f 1035/1314/741 1034/1313/741 1042/1319/741 1043/1320/741
f 1036/1316/742 1035/1314/742 1043/1320/742 1044/1321/742
f 1037/1318/743 1036/1316/743 1044/1321/743 1045/1322/743
f 1038/1304/744 1037/1303/744 1045/1323/744 1046/1324/744
f 1039/1305/745 1038/1304/745 1046/1324/745 1047/1325/745
f 1040/1306/746 1039/1305/746 1047/1325/746 1048/1326/746
f 840/1069/747 1040/1306/747 1048/1326/747
f 1034/1310/748 1033/1309/748 1041/1327/748 1042/1328/748
f 1047/1325/808 1046/1324/808 1054/1329/808 1055/1330/808
f 1048/1326/750 1047/1325/750 1055/1330/750 1056/1331/750
f 840/1069/751 1048/1326/751 1056/1331/751
f 1042/1319/752 1041/1332/752 1049/1333/752 1050/1334/752
f 1043/1320/753 1042/1319/753 1050/1334/753 1051/1335/753
f 1044/1321/754 1043/1320/754 1051/1335/754 1052/1336/754
f 1045/1322/755 1044/1321/755 1052/1336/755 1053/1337/755
f 1046/1324/756 1045/1323/756 1053/1338/756 1054/1329/756
f 1051/1335/757 1050/1334/757 1058/1339/757 1059/1340/757
f 1052/1336/758 1051/1335/758 1059/1340/758 1060/1341/758
f 1053/1337/759 1052/1336/759 1060/1341/759 1061/1342/759
f 1054/1343/760 1053/1337/760 1061/1342/760 1062/1344/760
f 1055/1330/761 1054/1329/761 1062/1345/761 1063/1346/761
f 1056/1331/762 1055/1330/762 1063/1346/762 1064/1347/762
f 840/1069/763 1056/1331/763 1064/1347/763
f 1050/1334/764 1049/1333/764 1057/1348/764 1058/1339/764
f 1063/1346/765 1062/1345/765 1070/1349/765 1071/1350/765
f 1064/1347/766 1063/1346/766 1071/1350/766 1072/1351/766
f 840/1069/767 1064/1347/767 1072/1351/767
f 1058/1339/768 1057/1348/768 1065/1352/768 1066/1353/768
f 1059/1340/769 1058/1339/769 1066/1353/769 1067/1354/769
f 1060/1341/770 1059/1340/770 1067/1354/770 1068/1355/770
f 1061/1342/771 1060/1341/771 1068/1355/771 1069/1356/771
f 1062/1344/772 1061/1342/772 1069/1356/772 1070/1357/772
f 1068/1355/773 1067/1354/773 1075/1358/773 1076/1359/773
f 1069/1356/774 1068/1355/774 1076/1359/774 1077/1360/774
f 1070/1357/775 1069/1356/775 1077/1360/775 1078/1361/775
f 1071/1350/809 1070/1349/809 1078/1362/809 1079/1363/809
f 1072/1351/777 1071/1350/777 1079/1363/777 1080/1364/777
f 840/1069/778 1072/1351/778 1080/1364/778
f 1066/1353/779 1065/1352/779 1073/1365/779 1074/1366/779
f 1067/1354/780 1066/1353/780 1074/1366/780 1075/1358/780
f 1080/1364/781 1079/1363/781 1087/1367/781 1088/1368/781
f 840/1069/782 1080/1364/782 1088/1368/782
f 1074/1366/783 1073/1365/783 1081/1369/783 1082/1370/783
f 1075/1358/784 1074/1366/784 1082/1370/784 1083/1371/784
f 1076/1359/785 1075/1358/785 1083/1371/785 1084/1372/785
f 1077/1360/786 1076/1359/786 1084/1372/786 1085/1373/786
f 1078/1361/787 1077/1360/787 1085/1373/787 1086/1374/787
f 1079/1363/788 1078/1362/788 1086/1375/788 1087/1367/788
f 1085/1373/789 1084/1372/789 839/1053/789 1090/1376/789
f 1086/1375/790 1085/1377/790 1090/1062/790 1091/1061/790
f 1087/1367/791 1086/1375/791 1091/1061/791 1092/1065/791
f 1088/1368/792 1087/1367/792 1092/1065/792 1093/1067/792
f 840/1069/793 1088/1368/793 1093/1067/793
f 1082/1370/794 1081/1369/794 837/1071/794 838/1070/794
f 1083/1371/795 1082/1370/795 838/1070/795 1089/1054/795
f 1084/1372/796 1083/1371/796 1089/1054/796 839/1053/796
f 1096/1378/541 1346/1379/541 1100/1380/541 1101/1381/541
f 1347/1382/542 1096/1383/542 1101/1384/542 1102/1385/542
f 1348/1386/543 1347/1387/543 1102/1388/543 1103/1389/543
f 1349/1390/544 1348/1386/544 1103/1389/544 1104/1391/544
f 1350/1392/545 1349/1390/545 1104/1391/545 1105/1393/545
f 1097/1394/546 1350/1392/546 1105/1393/546
f 1095/1395/797 1094/1396/797 1098/1397/797 1099/1398/797
f 1346/1379/548 1095/1395/548 1099/1398/548 1100/1380/548
f 1100/1399/549 1099/1400/549 1107/1401/549 1108/1402/549
f 1101/1384/550 1100/1399/550 1108/1402/550 1109/1403/550
f 1102/1385/551 1101/1384/551 1109/1403/551 1110/1404/551
f 1103/1389/552 1102/1388/552 1110/1405/552 1111/1406/552
f 1104/1391/553 1103/1389/553 1111/1406/553 1112/1407/553
f 1105/1393/554 1104/1391/554 1112/1407/554 1113/1408/554
f 1097/1394/555 1105/1393/555 1113/1408/555
f 1099/1400/556 1098/1409/556 1106/1410/556 1107/1401/556
f 1112/1407/798 1111/1406/798 1119/1411/798 1120/1412/798
f 1113/1408/558 1112/1407/558 1120/1412/558 1121/1413/558
f 1097/1394/559 1113/1408/559 1121/1413/559
f 1107/1401/560 1106/1410/560 1114/1414/560 1115/1415/560
f 1108/1402/561 1107/1401/561 1115/1415/561 1116/1416/561
f 1109/1403/562 1108/1402/562 1116/1416/562 1117/1417/562
f 1110/1404/563 1109/1403/563 1117/1417/563 1118/1418/563
f 1111/1419/564 1110/1404/564 1118/1418/564 1119/1420/564
f 1117/1417/565 1116/1416/565 1124/1421/565 1125/1422/565
f 1118/1418/566 1117/1417/566 1125/1422/566 1126/1423/566
f 1119/1420/567 1118/1418/567 1126/1423/567 1127/1424/567
f 1120/1412/568 1119/1411/568 1127/1425/568 1128/1426/568
f 1121/1413/569 1120/1412/569 1128/1426/569 1129/1427/569
f 1097/1394/570 1121/1413/570 1129/1427/570
f 1115/1415/571 1114/1414/571 1122/1428/571 1123/1429/571
f 1116/1416/572 1115/1415/572 1123/1429/572 1124/1421/572
f 1129/1427/573 1128/1426/573 1136/1430/573 1137/1431/573
f 1097/1394/574 1129/1427/574 1137/1431/574
f 1123/1429/575 1122/1428/575 1130/1432/575 1131/1433/575
f 1124/1421/576 1123/1429/576 1131/1433/576 1132/1434/576
f 1125/1422/577 1124/1421/577 1132/1434/577 1133/1435/577
f 1126/1423/578 1125/1422/578 1133/1435/578 1134/1436/578
f 1127/1424/579 1126/1423/579 1134/1436/579 1135/1437/579
f 1128/1426/580 1127/1425/580 1135/1438/580 1136/1430/580
f 1133/1435/581 1132/1434/581 1140/1439/581 1141/1440/581
f 1134/1436/582 1133/1435/582 1141/1440/582 1142/1441/582
f 1135/1437/583 1134/1436/583 1142/1441/583 1143/1442/583
f 1136/1430/799 1135/1438/799 1143/1443/799 1144/1444/799
f 1137/1431/585 1136/1430/585 1144/1444/585 1145/1445/585
f 1097/1394/586 1137/1431/586 1145/1445/586
f 1131/1433/587 1130/1432/587 1138/1446/587 1139/1447/587
f 1132/1434/588 1131/1433/588 1139/1447/588 1140/1439/588
f 1145/1445/589 1144/1444/589 1152/1448/589 1153/1449/589
f 1097/1394/590 1145/1445/590 1153/1449/590
f 1139/1447/591 1138/1446/591 1146/1450/591 1147/1451/591
f 1140/1439/592 1139/1447/592 1147/1451/592 1148/1452/592
f 1141/1440/593 1140/1439/593 1148/1452/593 1149/1453/593
f 1142/1441/594 1141/1440/594 1149/1453/594 1150/1454/594
f 1143/1443/595 1142/1455/595 1150/1456/595 1151/1457/595
f 1144/1444/596 1143/1443/596 1151/1457/596 1152/1448/596
f 1150/1454/597 1149/1453/597 1157/1458/597 1158/1459/597
f 1151/1457/598 1150/1456/598 1158/1460/598 1159/1461/598
f 1152/1448/599 1151/1457/599 1159/1461/599 1160/1462/599
f 1153/1449/600 1152/1448/600 1160/1462/600 1161/1463/600
f 1097/1394/601 1153/1449/601 1161/1463/601
f 1147/1451/602 1146/1450/602 1154/1464/602 1155/1465/602
f 1148/1452/603 1147/1451/603 1155/1465/603 1156/1466/603
f 1149/1453/604 1148/1452/604 1156/1466/604 1157/1458/604
f 1097/1394/605 1161/1463/605 1169/1467/605
f 1155/1468/810 1154/1469/810 1162/1470/810 1163/1471/810
f 1156/1472/607 1155/1468/607 1163/1471/607 1164/1473/607
f 1157/1474/608 1156/1472/608 1164/1473/608 1165/1475/608
f 1158/1459/609 1157/1458/609 1165/1476/609 1166/1477/609
f 1159/1461/610 1158/1460/610 1166/1478/610 1167/1479/610
f 1160/1462/611 1159/1461/611 1167/1479/611 1168/1480/611
f 1161/1463/612 1160/1462/612 1168/1480/612 1169/1467/612
f 1166/1481/613 1165/1475/613 1173/1482/613 1174/1483/613
f 1167/1479/614 1166/1478/614 1174/1484/614 1175/1485/614
f 1168/1480/615 1167/1479/615 1175/1485/615 1176/1486/615
f 1169/1467/616 1168/1480/616 1176/1486/616 1177/1487/616
f 1097/1394/617 1169/1467/617 1177/1487/617
f 1163/1471/618 1162/1470/618 1170/1488/618 1171/1489/618
f 1164/1473/619 1163/1471/619 1171/1489/619 1172/1490/619
f 1165/1475/620 1164/1473/620 1172/1490/620 1173/1482/620
f 1097/1394/621 1177/1487/621 1185/1491/621
f 1171/1489/622 1170/1488/622 1178/1492/622 1179/1493/622
f 1172/1490/623 1171/1489/623 1179/1493/623 1180/1494/623
f 1173/1482/624 1172/1490/624 1180/1494/624 1181/1495/624
f 1174/1483/625 1173/1482/625 1181/1495/625 1182/1496/625
f 1175/1485/626 1174/1484/626 1182/1497/626 1183/1498/626
f 1176/1486/800 1175/1485/800 1183/1498/800 1184/1499/800
f 1177/1487/628 1176/1486/628 1184/1499/628 1185/1491/628
f 1183/1498/629 1182/1497/629 1190/1500/629 1191/1501/629
f 1184/1499/630 1183/1498/630 1191/1501/630 1192/1502/630
f 1185/1491/631 1184/1499/631 1192/1502/631 1193/1503/631
f 1097/1394/632 1185/1491/632 1193/1503/632
f 1179/1493/633 1178/1492/633 1186/1504/633 1187/1505/633
f 1180/1494/634 1179/1493/634 1187/1505/634 1188/1506/634
f 1181/1495/635 1180/1494/635 1188/1506/635 1189/1507/635
f 1182/1496/636 1181/1495/636 1189/1507/636 1190/1508/636
f 1188/1506/637 1187/1505/637 1195/1509/637 1196/1510/637
f 1189/1507/638 1188/1506/638 1196/1510/638 1197/1511/638
f 1190/1508/639 1189/1507/639 1197/1511/639 1198/1512/639
f 1191/1501/640 1190/1500/640 1198/1513/640 1199/1514/640
f 1192/1502/641 1191/1501/641 1199/1514/641 1200/1515/641
f 1193/1503/642 1192/1502/642 1200/1515/642 1201/1516/642
f 1097/1394/643 1193/1503/643 1201/1516/643
f 1187/1505/644 1186/1504/644 1194/1517/644 1195/1509/644
f 1200/1515/645 1199/1514/645 1207/1518/645 1208/1519/645
f 1201/1516/646 1200/1515/646 1208/1519/646 1209/1520/646
f 1097/1394/647 1201/1516/647 1209/1520/647
f 1195/1509/648 1194/1517/648 1202/1521/648 1203/1522/648
f 1196/1510/649 1195/1509/649 1203/1522/649 1204/1523/649
f 1197/1511/650 1196/1510/650 1204/1523/650 1205/1524/650
f 1198/1512/651 1197/1511/651 1205/1524/651 1206/1525/651
f 1199/1514/652 1198/1513/652 1206/1526/652 1207/1518/652
f 1204/1523/653 1203/1522/653 1211/1527/653 1212/1528/653
f 1205/1524/654 1204/1523/654 1212/1528/654 1213/1529/654
f 1206/1526/655 1205/1530/655 1213/1531/655 1214/1532/655
f 1207/1518/656 1206/1526/656 1214/1532/656 1215/1533/656
f 1208/1519/657 1207/1518/657 1215/1533/657 1216/1534/657
f 1209/1520/658 1208/1519/658 1216/1534/658 1217/1535/658
f 1097/1394/659 1209/1520/659 1217/1535/659
f 1203/1522/660 1202/1521/660 1210/1536/660 1211/1527/660
f 1216/1534/661 1215/1533/661 1223/1537/661 1224/1538/661
f 1217/1535/662 1216/1534/662 1224/1538/662 1225/1539/662
f 1097/1394/802 1217/1535/802 1225/1539/802
f 1211/1527/664 1210/1536/664 1218/1540/664 1219/1541/664
f 1212/1528/665 1211/1527/665 1219/1541/665 1220/1542/665
f 1213/1529/666 1212/1528/666 1220/1542/666 1221/1543/666
f 1214/1532/667 1213/1531/667 1221/1544/667 1222/1545/667
f 1215/1533/668 1214/1532/668 1222/1545/668 1223/1537/668
f 1221/1546/669 1220/1547/669 1228/1548/669 1229/1549/669
f 1222/1545/670 1221/1544/670 1229/1550/670 1230/1551/670
f 1223/1537/671 1222/1545/671 1230/1551/671 1231/1552/671
f 1224/1538/672 1223/1537/672 1231/1552/672 1232/1553/672
f 1225/1539/673 1224/1538/673 1232/1553/673 1233/1554/673
f 1097/1394/803 1225/1539/803 1233/1554/803
f 1219/1555/675 1218/1556/675 1226/1557/675 1227/1558/675
f 1220/1547/676 1219/1555/676 1227/1558/676 1228/1548/676
f 1233/1554/677 1232/1553/677 1240/1559/677 1241/1560/677
f 1097/1394/678 1233/1554/678 1241/1560/678
f 1227/1558/679 1226/1557/679 1234/1561/679 1235/1562/679
f 1228/1548/680 1227/1558/680 1235/1562/680 1236/1563/680
f 1229/1549/681 1228/1548/681 1236/1563/681 1237/1564/681
f 1230/1551/682 1229/1550/682 1237/1565/682 1238/1566/682
f 1231/1552/683 1230/1551/683 1238/1566/683 1239/1567/683
f 1232/1553/684 1231/1552/684 1239/1567/684 1240/1559/684
f 1237/1564/685 1236/1563/685 1244/1568/685 1245/1569/685
f 1238/1570/686 1237/1564/686 1245/1569/686 1246/1571/686
f 1239/1567/687 1238/1566/687 1246/1572/687 1247/1573/687
f 1240/1559/805 1239/1567/805 1247/1573/805 1248/1574/805
f 1241/1560/689 1240/1559/689 1248/1574/689 1249/1575/689
f 1097/1394/690 1241/1560/690 1249/1575/690
f 1235/1562/691 1234/1561/691 1242/1576/691 1243/1577/691
f 1236/1563/692 1235/1562/692 1243/1577/692 1244/1568/692
f 1249/1575/693 1248/1574/693 1256/1578/693 1257/1579/693
f 1097/1394/694 1249/1575/694 1257/1579/694
f 1243/1577/695 1242/1576/695 1250/1580/695 1251/1581/695
f 1244/1568/696 1243/1577/696 1251/1581/696 1252/1582/696
f 1245/1569/697 1244/1568/697 1252/1582/697 1253/1583/697
f 1246/1571/698 1245/1569/698 1253/1583/698 1254/1584/698
f 1247/1573/699 1246/1572/699 1254/1585/699 1255/1586/699
f 1248/1574/700 1247/1573/700 1255/1586/700 1256/1578/700
f 1254/1584/701 1253/1583/701 1261/1587/701 1262/1588/701
f 1255/1586/702 1254/1585/702 1262/1589/702 1263/1590/702
f 1256/1578/703 1255/1586/703 1263/1590/703 1264/1591/703
f 1257/1579/704 1256/1578/704 1264/1591/704 1265/1592/704
f 1097/1394/705 1257/1579/705 1265/1592/705
f 1251/1581/706 1250/1580/706 1258/1593/706 1259/1594/706
f 1252/1582/707 1251/1581/707 1259/1594/707 1260/1595/707
f 1253/1583/708 1252/1582/708 1260/1595/708 1261/1587/708
f 1097/1394/709 1265/1592/709 1273/1596/709
f 1259/1594/710 1258/1593/710 1266/1597/710 1267/1598/710
f 1260/1595/711 1259/1594/711 1267/1598/711 1268/1599/711
f 1261/1587/712 1260/1595/712 1268/1599/712 1269/1600/712
f 1262/1588/713 1261/1587/713 1269/1600/713 1270/1601/713
f 1263/1590/714 1262/1589/714 1270/1602/714 1271/1603/714
f 1264/1591/806 1263/1590/806 1271/1603/806 1272/1604/806
f 1265/1592/716 1264/1591/716 1272/1604/716 1273/1596/716
f 1271/1603/717 1270/1602/717 1278/1605/717 1279/1606/717
f 1272/1604/718 1271/1603/718 1279/1606/718 1280/1607/718
f 1273/1596/719 1272/1604/719 1280/1607/719 1281/1608/719
f 1097/1394/720 1273/1596/720 1281/1608/720
f 1267/1598/721 1266/1597/721 1274/1609/721 1275/1610/721
f 1268/1599/722 1267/1598/722 1275/1610/722 1276/1611/722
f 1269/1600/723 1268/1599/723 1276/1611/723 1277/1612/723
f 1270/1601/724 1269/1600/724 1277/1612/724 1278/1613/724
f 1275/1610/725 1274/1609/725 1282/1614/725 1283/1615/725
f 1276/1611/726 1275/1610/726 1283/1615/726 1284/1616/726
f 1277/1612/727 1276/1611/727 1284/1616/727 1285/1617/727
f 1278/1613/728 1277/1612/728 1285/1617/728 1286/1618/728
f 1279/1606/729 1278/1605/729 1286/1619/729 1287/1620/729
f 1280/1607/730 1279/1606/730 1287/1620/730 1288/1621/730
f 1281/1608/731 1280/1607/731 1288/1621/731 1289/1622/731
f 1097/1394/732 1281/1608/732 1289/1622/732
f 1287/1620/733 1286/1619/733 1294/1623/733 1295/1624/733
f 1288/1621/734 1287/1620/734 1295/1624/734 1296/1625/734
f 1289/1622/735 1288/1621/735 1296/1625/735 1297/1626/735
f 1097/1394/736 1289/1622/736 1297/1626/736
f 1283/1627/807 1282/1628/807 1290/1629/807 1291/1630/807
f 1284/1631/738 1283/1627/738 1291/1630/738 1292/1632/738
f 1285/1633/739 1284/1631/739 1292/1632/739 1293/1634/739
f 1286/1635/740 1285/1633/740 1293/1634/740 1294/1636/740
f 1292/1632/741 1291/1630/741 1299/1637/741 1300/1638/741
f 1293/1634/742 1292/1632/742 1300/1638/742 1301/1639/742
f 1294/1636/743 1293/1634/743 1301/1639/743 1302/1640/743
f 1295/1624/744 1294/1623/744 1302/1641/744 1303/1642/744
f 1296/1625/745 1295/1624/745 1303/1642/745 1304/1643/745
f 1297/1626/746 1296/1625/746 1304/1643/746 1305/1644/746
f 1097/1394/747 1297/1626/747 1305/1644/747
f 1291/1630/748 1290/1629/748 1298/1645/748 1299/1637/748
f 1304/1643/749 1303/1642/749 1311/1646/749 1312/1647/749
f 1305/1644/750 1304/1643/750 1312/1647/750 1313/1648/750
f 1097/1394/751 1305/1644/751 1313/1648/751
f 1299/1637/752 1298/1645/752 1306/1649/752 1307/1650/752
f 1300/1638/753 1299/1637/753 1307/1650/753 1308/1651/753
f 1301/1639/754 1300/1638/754 1308/1651/754 1309/1652/754
f 1302/1640/755 1301/1639/755 1309/1652/755 1310/1653/755
f 1303/1642/756 1302/1641/756 1310/1654/756 1311/1646/756
f 1308/1651/757 1307/1650/757 1315/1655/757 1316/1656/757
f 1309/1652/758 1308/1651/758 1316/1656/758 1317/1657/758
f 1310/1653/759 1309/1652/759 1317/1657/759 1318/1658/759
f 1311/1659/760 1310/1653/760 1318/1658/760 1319/1660/760
f 1312/1647/761 1311/1646/761 1319/1661/761 1320/1662/761
f 1313/1648/762 1312/1647/762 1320/1662/762 1321/1663/762
f 1097/1394/763 1313/1648/763 1321/1663/763
f 1307/1650/764 1306/1649/764 1314/1664/764 1315/1655/764
f 1320/1662/765 1319/1661/765 1327/1665/765 1328/1666/765
f 1321/1663/766 1320/1662/766 1328/1666/766 1329/1667/766
f 1097/1394/767 1321/1663/767 1329/1667/767
f 1315/1655/768 1314/1664/768 1322/1668/768 1323/1669/768
f 1316/1656/769 1315/1655/769 1323/1669/769 1324/1670/769
f 1317/1657/770 1316/1656/770 1324/1670/770 1325/1671/770
f 1318/1658/771 1317/1657/771 1325/1671/771 1326/1672/771
f 1319/1660/772 1318/1658/772 1326/1672/772 1327/1673/772
f 1325/1671/773 1324/1670/773 1332/1674/773 1333/1675/773
f 1326/1672/774 1325/1671/774 1333/1675/774 1334/1676/774
f 1327/1673/775 1326/1672/775 1334/1676/775 1335/1677/775
f 1328/1666/809 1327/1665/809 1335/1678/809 1336/1679/809
f 1329/1667/777 1328/1666/777 1336/1679/777 1337/1680/777
f 1097/1394/778 1329/1667/778 1337/1680/778
f 1323/1669/779 1322/1668/779 1330/1681/779 1331/1682/779
f 1324/1670/780 1323/1669/780 1331/1682/780 1332/1674/780
f 1337/1680/781 1336/1679/781 1344/1683/781 1345/1684/781
f 1097/1394/782 1337/1680/782 1345/1684/782
f 1331/1682/783 1330/1681/783 1338/1685/783 1339/1686/783
f 1332/1674/784 1331/1682/784 1339/1686/784 1340/1687/784
f 1333/1675/785 1332/1674/785 1340/1687/785 1341/1688/785
f 1334/1676/786 1333/1675/786 1341/1688/786 1342/1689/786
f 1335/1677/787 1334/1676/787 1342/1689/787 1343/1690/787
f 1336/1679/788 1335/1678/788 1343/1691/788 1344/1683/788
f 1342/1689/789 1341/1688/789 1096/1378/789 1347/1692/789
f 1343/1691/790 1342/1693/790 1347/1387/790 1348/1386/790
f 1344/1683/791 1343/1691/791 1348/1386/791 1349/1390/791
f 1345/1684/792 1344/1683/792 1349/1390/792 1350/1392/792
f 1097/1394/793 1345/1684/793 1350/1392/793
f 1339/1686/794 1338/1685/794 1094/1396/794 1095/1395/794
f 1340/1687/795 1339/1686/795 1095/1395/795 1346/1379/795
f 1341/1688/796 1340/1687/796 1346/1379/796 1096/1378/796
