# Blender 5.1.2
# www.blender.org
mtllib Title.mtl
o Mission
v 4.441521 -0.998698 0.160000
v 4.426749 -1.007373 0.160000
v 4.411741 -1.015302 0.160000
v 4.396407 -1.022449 0.160000
v 4.380676 -1.028778 0.160000
v 4.364491 -1.034255 0.160000
v 4.347807 -1.038859 0.160000
v 4.330580 -1.042585 0.160000
v 4.312759 -1.045439 0.160000
v 4.294281 -1.047442 0.160000
v 4.275067 -1.048621 0.160000
v 4.254001 -1.049027 0.160000
v 4.215637 -1.046369 0.160000
v 4.178800 -1.038354 0.160000
v 4.144801 -1.025393 0.160000
v 4.113971 -1.007940 0.160000
v 4.086575 -0.986536 0.160000
v 4.062776 -0.961755 0.160000
v 4.042646 -0.934153 0.160000
v 4.026197 -0.904238 0.160000
v 4.013413 -0.872468 0.160000
v 4.004277 -0.839255 0.160000
v 3.998783 -0.804978 0.160000
v 3.996944 -0.769983 0.160000
v 3.998941 -0.732574 0.160000
v 4.004881 -0.696964 0.160000
v 4.014679 -0.663388 0.160000
v 4.028235 -0.632121 0.160000
v 4.045424 -0.603469 0.160000
v 4.066073 -0.577761 0.160000
v 4.089963 -0.555332 0.160000
v 4.116811 -0.536503 0.160000
v 4.146289 -0.521555 0.160000
v 4.178041 -0.510710 0.160000
v 4.211713 -0.504130 0.160000
v 4.246921 -0.501927 0.160000
v 4.280732 -0.503908 0.160000
v 4.312969 -0.509988 0.160000
v 4.343473 -0.520375 0.160000
v 4.371811 -0.535181 0.160000
v 4.397482 -0.554355 0.160000
v 4.420029 -0.577666 0.160000
v 4.439148 -0.604775 0.160000
v 4.454711 -0.635347 0.160000
v 4.466723 -0.669136 0.160000
v 4.475245 -0.706015 0.160000
v 4.480336 -0.745946 0.160000
v 4.483605 -0.829000 0.160000
v 4.174790 -0.829000 0.160000
v 4.169135 -0.800718 0.160000
v 4.173831 -0.816534 0.160000
v 4.179488 -0.830220 0.160000
v 4.185979 -0.841889 0.160000
v 4.193227 -0.851734 0.160000
v 4.201251 -0.860004 0.160000
v 4.210192 -0.866946 0.160000
v 4.220292 -0.872733 0.160000
v 4.231828 -0.877420 0.160000
v 4.245043 -0.880947 0.160000
v 4.260094 -0.883179 0.160000
v 4.277306 -0.883972 0.160000
v 4.287991 -0.883643 0.160000
v 4.298918 -0.882638 0.160000
v 4.309830 -0.880975 0.160000
v 4.320769 -0.878655 0.160000
v 4.331768 -0.875679 0.160000
v 4.342856 -0.872046 0.160000
v 4.354053 -0.867754 0.160000
v 4.365377 -0.862804 0.160000
v 4.376839 -0.857197 0.160000
v 4.388446 -0.850939 0.160000
v 4.400206 -0.844040 0.160000
v 4.474000 -0.797398 0.160000
v 4.474000 -0.977863 0.160000
v 4.312850 -0.719124 0.160000
v 4.310684 -0.707849 0.160000
v 4.307653 -0.697997 0.160000
v 4.303908 -0.689539 0.160000
v 4.299575 -0.682389 0.160000
v 4.294726 -0.676408 0.160000
v 4.289347 -0.671427 0.160000
v 4.283325 -0.667295 0.160000
v 4.276473 -0.663932 0.160000
v 4.268575 -0.661355 0.160000
v 4.259444 -0.659674 0.160000
v 4.248846 -0.659058 0.160000
v 4.236761 -0.659667 0.160000
v 4.225989 -0.661401 0.160000
v 4.216621 -0.664091 0.160000
v 4.208465 -0.667625 0.160000
v 4.201278 -0.671975 0.160000
v 4.194818 -0.677219 0.160000
v 4.188906 -0.683522 0.160000
v 4.183460 -0.691086 0.160000
v 4.178495 -0.700091 0.160000
v 4.174098 -0.710665 0.160000
v 4.170381 -0.722870 0.160000
v 4.177307 -0.690000 0.160000
v 4.310210 -0.690000 0.160000
v 4.178984 -0.829000 0.160000
v 4.424001 -0.829000 0.160000
v 4.474000 -0.829000 0.160000
v 4.184242 -0.690000 0.160000
v 4.304112 -0.690000 0.160000
v 3.917461 -0.693961 0.160000
v 3.906911 -0.687640 0.160000
v 3.897119 -0.682270 0.160000
v 3.888020 -0.677780 0.160000
v 3.879536 -0.674092 0.160000
v 3.871570 -0.671119 0.160000
v 3.864005 -0.668772 0.160000
v 3.856702 -0.666968 0.160000
v 3.849504 -0.665634 0.160000
v 3.842250 -0.664719 0.160000
v 3.834782 -0.664184 0.160000
v 3.827822 -0.664028 0.160000
v 3.812477 -0.665004 0.160000
v 3.799238 -0.667633 0.160000
v 3.787244 -0.671801 0.160000
v 3.776398 -0.677402 0.160000
v 3.766611 -0.684399 0.160000
v 3.757827 -0.692814 0.160000
v 3.750047 -0.702706 0.160000
v 3.743335 -0.714146 0.160000
v 3.737810 -0.727190 0.160000
v 3.733631 -0.741862 0.160000
v 3.730981 -0.758154 0.160000
v 3.730057 -0.775941 0.160000
v 3.731044 -0.793921 0.160000
v 3.733837 -0.809939 0.160000
v 3.738212 -0.824067 0.160000
v 3.743986 -0.836427 0.160000
v 3.751049 -0.847193 0.160000
v 3.759388 -0.856548 0.160000
v 3.769085 -0.864632 0.160000
v 3.780273 -0.871501 0.160000
v 3.793092 -0.877110 0.160000
v 3.807643 -0.881338 0.160000
v 3.823965 -0.884013 0.160000
v 3.842595 -0.884977 0.160000
v 3.849699 -0.884821 0.160000
v 3.857358 -0.884313 0.160000
v 3.865042 -0.883462 0.160000
v 3.872818 -0.882262 0.160000
v 3.880749 -0.880698 0.160000
v 3.888893 -0.878759 0.160000
v 3.897302 -0.876427 0.160000
v 3.906022 -0.873688 0.160000
v 3.915093 -0.870530 0.160000
v 3.924553 -0.866941 0.160000
v 3.934434 -0.862913 0.160000
v 4.001000 -0.834097 0.160000
v 4.001000 -1.009356 0.160000
v 3.967783 -1.023619 0.160000
v 3.956966 -1.027610 0.160000
v 3.945551 -1.031276 0.160000
v 3.933571 -1.034646 0.160000
v 3.921088 -1.037720 0.160000
v 3.908183 -1.040485 0.160000
v 3.894944 -1.042919 0.160000
v 3.881464 -1.044995 0.160000
v 3.867837 -1.046680 0.160000
v 3.854155 -1.047940 0.160000
v 3.840506 -1.048732 0.160000
v 3.826242 -1.049024 0.160000
v 3.789605 -1.046884 0.160000
v 3.753936 -1.040402 0.160000
v 3.720271 -1.029750 0.160000
v 3.688932 -1.015084 0.160000
v 3.660255 -0.996598 0.160000
v 3.634574 -0.974527 0.160000
v 3.612210 -0.949148 0.160000
v 3.593455 -0.920773 0.160000
v 3.578561 -0.889736 0.160000
v 3.567736 -0.856380 0.160000
v 3.561148 -0.821037 0.160000
v 3.558941 -0.784211 0.160000
v 3.560924 -0.744062 0.160000
v 3.566835 -0.706234 0.160000
v 3.576677 -0.670676 0.160000
v 3.590435 -0.637636 0.160000
v 3.608062 -0.607421 0.160000
v 3.629447 -0.580385 0.160000
v 3.654393 -0.556902 0.160000
v 3.682606 -0.537316 0.160000
v 3.713725 -0.521896 0.160000
v 3.747377 -0.510814 0.160000
v 3.783215 -0.504151 0.160000
v 3.820216 -0.501977 0.160000
v 3.835261 -0.502271 0.160000
v 3.848977 -0.503102 0.160000
v 3.862211 -0.504477 0.160000
v 3.875009 -0.506379 0.160000
v 3.887407 -0.508782 0.160000
v 3.899444 -0.511655 0.160000
v 3.911162 -0.514955 0.160000
v 3.922611 -0.518640 0.160000
v 3.933855 -0.522665 0.160000
v 3.944966 -0.526989 0.160000
v 3.956029 -0.531576 0.160000
v 3.991000 -0.546759 0.160000
v 3.991000 -0.741423 0.160000
v 3.553811 -1.014041 0.160000
v 3.544315 -1.020029 0.160000
v 3.535313 -1.025442 0.160000
v 3.526623 -1.030326 0.160000
v 3.518068 -1.034705 0.160000
v 3.509495 -1.038574 0.160000
v 3.500798 -1.041892 0.160000
v 3.491942 -1.044601 0.160000
v 3.482967 -1.046649 0.160000
v 3.473956 -1.048027 0.160000
v 3.464984 -1.048784 0.160000
v 3.455883 -1.049016 0.160000
v 3.443942 -1.048642 0.160000
v 3.432193 -1.047431 0.160000
v 3.420658 -1.045245 0.160000
v 3.409348 -1.041919 0.160000
v 3.398370 -1.037283 0.160000
v 3.387935 -1.031224 0.160000
v 3.378339 -1.023746 0.160000
v 3.369876 -1.015004 0.160000
v 3.362743 -1.005273 0.160000
v 3.356985 -0.994854 0.160000
v 3.352515 -0.983979 0.160000
v 3.366154 -1.029733 0.160000
v 3.401597 -1.002882 0.160000
v 3.390110 -1.010745 0.160000
v 3.378432 -1.017907 0.160000
v 3.366571 -1.024358 0.160000
v 3.354538 -1.030085 0.160000
v 3.342345 -1.035077 0.160000
v 3.330010 -1.039320 0.160000
v 3.317553 -1.042805 0.160000
v 3.304997 -1.045523 0.160000
v 3.292367 -1.047466 0.160000
v 3.279693 -1.048631 0.160000
v 3.266293 -1.049040 0.160000
v 3.245638 -1.047678 0.160000
v 3.225258 -1.043526 0.160000
v 3.206108 -1.036792 0.160000
v 3.188424 -1.027691 0.160000
v 3.172406 -1.016469 0.160000
v 3.158210 -1.003383 0.160000
v 3.145955 -0.988687 0.160000
v 3.135737 -0.972620 0.160000
v 3.127639 -0.955404 0.160000
v 3.121745 -0.937254 0.160000
v 3.118141 -0.918376 0.160000
v 3.116902 -0.898703 0.160000
v 3.119020 -0.871514 0.160000
v 3.125421 -0.846144 0.160000
v 3.135768 -0.823273 0.160000
v 3.149372 -0.803298 0.160000
v 3.165356 -0.786292 0.160000
v 3.182919 -0.771993 0.160000
v 3.201460 -0.759963 0.160000
v 3.220556 -0.749738 0.160000
v 3.239879 -0.740900 0.160000
v 3.259142 -0.733092 0.160000
v 3.278055 -0.726015 0.160000
v 3.296519 -0.719340 0.160000
v 3.349000 -0.700739 0.160000
v 3.349000 -0.705844 0.160000
v 3.348556 -0.695324 0.160000
v 3.347470 -0.687618 0.160000
v 3.345967 -0.681916 0.160000
v 3.344332 -0.678009 0.160000
v 3.342752 -0.675462 0.160000
v 3.341165 -0.673676 0.160000
v 3.339183 -0.672105 0.160000
v 3.336238 -0.670476 0.160000
v 3.331834 -0.668833 0.160000
v 3.325682 -0.667390 0.160000
v 3.317699 -0.666392 0.160000
v 3.308036 -0.666029 0.160000
v 3.298881 -0.666389 0.160000
v 3.289740 -0.667474 0.160000
v 3.280569 -0.669307 0.160000
v 3.271359 -0.671914 0.160000
v 3.262102 -0.675333 0.160000
v 3.252794 -0.679605 0.160000
v 3.243440 -0.684776 0.160000
v 3.234050 -0.690895 0.160000
v 3.224642 -0.698011 0.160000
v 3.215241 -0.706172 0.160000
v 3.205878 -0.715422 0.160000
v 3.126000 -0.804675 0.160000
v 3.126000 -0.587380 0.160000
v 3.146686 -0.564932 0.160000
v 3.158638 -0.553838 0.160000
v 3.171399 -0.543768 0.160000
v 3.184928 -0.534766 0.160000
v 3.199173 -0.526865 0.160000
v 3.214080 -0.520081 0.160000
v 3.229592 -0.514414 0.160000
v 3.245662 -0.509847 0.160000
v 3.262254 -0.506355 0.160000
v 3.279343 -0.503905 0.160000
v 3.296918 -0.502460 0.160000
v 3.315339 -0.501977 0.160000
v 3.340900 -0.503081 0.160000
v 3.366116 -0.506525 0.160000
v 3.390512 -0.512448 0.160000
v 3.413870 -0.521029 0.160000
v 3.435897 -0.532449 0.160000
v 3.456207 -0.546854 0.160000
v 3.474328 -0.564294 0.160000
v 3.489761 -0.584669 0.160000
v 3.502068 -0.607729 0.160000
v 3.510958 -0.633146 0.160000
v 3.516299 -0.660617 0.160000
v 3.518000 -0.688794 0.160000
v 3.518000 -0.920380 0.160000
v 3.518061 -0.922341 0.160000
v 3.518100 -0.922720 0.160000
v 3.517960 -0.921999 0.160000
v 3.517391 -0.920162 0.160000
v 3.516088 -0.917336 0.160000
v 3.513794 -0.913879 0.160000
v 3.510481 -0.910381 0.160000
v 3.506498 -0.907464 0.160000
v 3.502475 -0.905488 0.160000
v 3.499031 -0.904432 0.160000
v 3.496540 -0.904028 0.160000
v 3.494440 -0.903926 0.160000
v 3.492012 -0.904112 0.160000
v 3.490737 -0.904364 0.160000
v 3.490860 -0.904328 0.160000
v 3.491982 -0.903918 0.160000
v 3.493848 -0.903118 0.160000
v 3.496288 -0.901939 0.160000
v 3.499185 -0.900401 0.160000
v 3.502449 -0.898522 0.160000
v 3.506015 -0.896324 0.160000
v 3.509826 -0.893824 0.160000
v 3.513834 -0.891043 0.160000
v 3.582000 -0.841191 0.160000
v 3.582000 -0.995689 0.160000
v 3.383648 -0.822203 0.160000
v 3.366237 -0.828544 0.160000
v 3.350002 -0.834907 0.160000
v 3.335196 -0.841319 0.160000
v 3.322088 -0.847769 0.160000
v 3.310953 -0.854180 0.160000
v 3.302041 -0.860390 0.160000
v 3.295503 -0.866137 0.160000
v 3.291260 -0.871118 0.160000
v 3.288874 -0.875210 0.160000
v 3.287663 -0.878835 0.160000
v 3.287129 -0.883883 0.160000
v 3.287322 -0.887027 0.160000
v 3.287974 -0.890450 0.160000
v 3.288928 -0.893336 0.160000
v 3.290121 -0.895780 0.160000
v 3.291528 -0.897880 0.160000
v 3.293163 -0.899715 0.160000
v 3.295070 -0.901341 0.160000
v 3.297313 -0.902779 0.160000
v 3.299963 -0.904017 0.160000
v 3.303092 -0.905010 0.160000
v 3.306761 -0.905680 0.160000
v 3.311350 -0.905951 0.160000
v 3.314656 -0.905814 0.160000
v 3.318308 -0.905360 0.160000
v 3.322022 -0.904592 0.160000
v 3.325841 -0.903491 0.160000
v 3.329797 -0.902029 0.160000
v 3.333903 -0.900180 0.160000
v 3.338162 -0.897922 0.160000
v 3.342567 -0.895237 0.160000
v 3.347105 -0.892114 0.160000
v 3.351758 -0.888548 0.160000
v 3.356507 -0.884542 0.160000
v 3.349000 -0.891450 0.160000
v 3.349000 -0.834237 0.160000
v 3.518000 -0.887996 0.160000
v 3.348788 -0.700814 0.160000
v 3.364803 -1.025200 0.160000
v 3.374668 -1.019954 0.160000
v 3.376527 -1.021874 0.160000
v 3.349000 -0.890662 0.160000
v 3.349000 -0.835341 0.160000
v 2.648000 -1.270000 0.160000
v 2.648000 -0.511000 0.160000
v 2.842841 -0.511000 0.160000
v 2.884984 -0.512774 0.160000
v 2.925232 -0.518271 0.160000
v 2.962742 -0.527583 0.160000
v 2.997375 -0.540860 0.160000
v 3.028877 -0.558225 0.160000
v 3.056873 -0.579701 0.160000
v 3.080931 -0.605138 0.160000
v 3.100685 -0.634203 0.160000
v 3.115932 -0.666462 0.160000
v 3.126660 -0.701509 0.160000
v 3.132981 -0.739052 0.160000
v 3.135061 -0.779146 0.160000
v 3.132838 -0.816703 0.160000
v 3.126225 -0.852663 0.160000
v 3.115372 -0.886591 0.160000
v 3.100456 -0.918162 0.160000
v 3.081686 -0.947039 0.160000
v 3.059314 -0.972889 0.160000
v 3.033626 -0.995398 0.160000
v 3.004943 -1.014277 0.160000
v 2.973601 -1.029277 0.160000
v 2.939944 -1.040186 0.160000
v 2.904310 -1.046831 0.160000
v 2.867851 -1.049021 0.160000
v 2.858368 -1.048855 0.160000
v 2.849751 -1.048394 0.160000
v 2.841132 -1.047613 0.160000
v 2.832505 -1.046506 0.160000
v 2.823865 -1.045070 0.160000
v 2.815204 -1.043305 0.160000
v 2.806508 -1.041214 0.160000
v 2.797761 -1.038801 0.160000
v 2.788942 -1.036070 0.160000
v 2.780027 -1.033024 0.160000
v 2.770984 -1.029665 0.160000
v 2.817000 -1.048020 0.160000
v 2.817000 -1.270000 0.160000
v 2.799874 -0.875494 0.160000
v 2.805439 -0.877822 0.160000
v 2.811038 -0.879935 0.160000
v 2.816659 -0.881831 0.160000
v 2.822290 -0.883508 0.160000
v 2.827920 -0.884963 0.160000
v 2.833535 -0.886195 0.160000
v 2.839125 -0.887203 0.160000
v 2.844677 -0.887987 0.160000
v 2.850180 -0.888546 0.160000
v 2.855623 -0.888880 0.160000
v 2.860121 -0.888973 0.160000
v 2.876012 -0.887946 0.160000
v 2.889894 -0.885168 0.160000
v 2.902664 -0.880745 0.160000
v 2.914349 -0.874795 0.160000
v 2.924960 -0.867395 0.160000
v 2.934482 -0.858593 0.160000
v 2.942865 -0.848420 0.160000
v 2.950029 -0.836901 0.160000
v 2.955861 -0.824062 0.160000
v 2.960228 -0.809933 0.160000
v 2.962976 -0.794558 0.160000
v 2.963948 -0.777754 0.160000
v 2.963113 -0.759406 0.160000
v 2.960685 -0.742935 0.160000
v 2.956864 -0.728662 0.160000
v 2.951838 -0.716500 0.160000
v 2.945745 -0.706241 0.160000
v 2.938582 -0.697575 0.160000
v 2.930166 -0.690187 0.160000
v 2.920158 -0.683875 0.160000
v 2.908180 -0.678623 0.160000
v 2.893921 -0.674577 0.160000
v 2.877196 -0.671968 0.160000
v 2.857040 -0.671000 0.160000
v 2.817000 -0.671000 0.160000
v 2.817000 -0.883374 0.160000
v 2.817000 -0.881933 0.160000
v 2.531729 -0.485624 0.160000
v 2.519266 -0.475713 0.160000
v 2.507102 -0.467201 0.160000
v 2.495255 -0.459980 0.160000
v 2.483734 -0.453946 0.160000
v 2.472540 -0.448996 0.160000
v 2.461671 -0.445030 0.160000
v 2.451120 -0.441959 0.160000
v 2.440880 -0.439696 0.160000
v 2.430944 -0.438164 0.160000
v 2.421309 -0.437293 0.160000
v 2.412289 -0.437026 0.160000
v 2.400245 -0.437557 0.160000
v 2.389500 -0.439030 0.160000
v 2.379875 -0.441326 0.160000
v 2.371448 -0.444300 0.160000
v 2.364276 -0.447786 0.160000
v 2.358371 -0.451614 0.160000
v 2.353690 -0.455623 0.160000
v 2.350124 -0.459698 0.160000
v 2.347511 -0.463815 0.160000
v 2.345683 -0.468078 0.160000
v 2.344542 -0.472716 0.160000
v 2.344302 -0.475757 0.160000
v 2.347690 -0.493372 0.160000
v 2.357069 -0.508489 0.160000
v 2.375261 -0.525573 0.160000
v 2.401963 -0.543931 0.160000
v 2.434989 -0.563313 0.160000
v 2.471927 -0.584351 0.160000
v 2.510521 -0.608225 0.160000
v 2.548583 -0.636495 0.160000
v 2.583694 -0.670985 0.160000
v 2.612815 -0.713399 0.160000
v 2.632349 -0.764509 0.160000
v 2.639148 -0.822947 0.160000
v 2.637097 -0.855255 0.160000
v 2.631229 -0.885176 0.160000
v 2.621635 -0.913461 0.160000
v 2.608511 -0.939799 0.160000
v 2.592088 -0.963886 0.160000
v 2.572623 -0.985442 0.160000
v 2.550394 -1.004210 0.160000
v 2.525690 -1.019959 0.160000
v 2.498808 -1.032487 0.160000
v 2.470041 -1.041615 0.160000
v 2.439681 -1.047188 0.160000
v 2.408729 -1.049027 0.160000
v 2.387900 -1.048549 0.160000
v 2.368241 -1.047145 0.160000
v 2.348986 -1.044770 0.160000
v 2.330123 -1.041402 0.160000
v 2.311649 -1.037022 0.160000
v 2.293561 -1.031618 0.160000
v 2.275859 -1.025187 0.160000
v 2.258543 -1.017733 0.160000
v 2.241607 -1.009267 0.160000
v 2.225039 -0.999804 0.160000
v 2.208819 -0.989360 0.160000
v 2.177000 -0.966532 0.160000
v 2.177000 -0.711110 0.160000
v 2.259779 -0.810923 0.160000
v 2.271351 -0.823268 0.160000
v 2.283194 -0.834386 0.160000
v 2.295266 -0.844281 0.160000
v 2.307526 -0.852961 0.160000
v 2.319941 -0.860439 0.160000
v 2.332486 -0.866732 0.160000
v 2.345145 -0.871858 0.160000
v 2.357914 -0.875836 0.160000
v 2.370800 -0.878677 0.160000
v 2.383821 -0.880388 0.160000
v 2.396806 -0.880954 0.160000
v 2.410759 -0.880211 0.160000
v 2.422610 -0.878220 0.160000
v 2.432673 -0.875253 0.160000
v 2.441124 -0.871552 0.160000
v 2.448145 -0.867317 0.160000
v 2.453907 -0.862702 0.160000
v 2.458547 -0.857839 0.160000
v 2.462168 -0.852854 0.160000
v 2.464840 -0.847891 0.160000
v 2.466626 -0.843126 0.160000
v 2.467600 -0.838769 0.160000
v 2.467734 -0.837005 0.160000
v 2.463987 -0.815824 0.160000
v 2.453707 -0.797479 0.160000
v 2.435066 -0.777882 0.160000
v 2.408443 -0.757418 0.160000
v 2.375799 -0.736345 0.160000
v 2.339410 -0.714240 0.160000
v 2.301456 -0.690190 0.160000
v 2.264021 -0.662903 0.160000
v 2.229290 -0.630728 0.160000
v 2.200012 -0.591849 0.160000
v 2.179889 -0.545124 0.160000
v 2.172833 -0.492416 0.160000
v 2.174930 -0.458949 0.160000
v 2.180959 -0.428455 0.160000
v 2.190967 -0.399784 0.160000
v 2.204833 -0.373290 0.160000
v 2.222341 -0.349331 0.160000
v 2.243188 -0.328219 0.160000
v 2.267020 -0.310183 0.160000
v 2.293482 -0.295359 0.160000
v 2.322253 -0.283811 0.160000
v 2.353063 -0.275560 0.160000
v 2.385694 -0.270606 0.160000
v 2.419550 -0.268975 0.160000
v 2.435048 -0.269373 0.160000
v 2.450072 -0.270530 0.160000
v 2.465049 -0.272457 0.160000
v 2.479957 -0.275150 0.160000
v 2.494773 -0.278607 0.160000
v 2.509475 -0.282822 0.160000
v 2.524043 -0.287790 0.160000
v 2.538455 -0.293505 0.160000
v 2.552695 -0.299962 0.160000
v 2.566741 -0.307152 0.160000
v 2.580579 -0.315070 0.160000
v 2.612000 -0.335010 0.160000
v 2.612000 -0.557550 0.160000
v 1.528514 -0.570000 0.160000
v 1.526292 -0.572612 0.160000
v 1.537744 -0.560964 0.160000
v 1.549896 -0.550263 0.160000
v 1.562686 -0.540540 0.160000
v 1.576055 -0.531825 0.160000
v 1.589948 -0.524150 0.160000
v 1.604306 -0.517547 0.160000
v 1.619073 -0.512053 0.160000
v 1.634191 -0.507706 0.160000
v 1.649597 -0.504547 0.160000
v 1.665228 -0.502618 0.160000
v 1.681337 -0.501952 0.160000
v 1.707306 -0.503464 0.160000
v 1.732800 -0.508167 0.160000
v 1.757244 -0.516190 0.160000
v 1.780268 -0.527626 0.160000
v 1.801444 -0.542466 0.160000
v 1.820351 -0.560579 0.160000
v 1.836637 -0.581728 0.160000
v 1.850077 -0.605635 0.160000
v 1.860557 -0.632052 0.160000
v 1.868045 -0.660798 0.160000
v 1.872540 -0.691777 0.160000
v 1.874000 -0.724097 0.160000
v 1.874000 -1.040000 0.160000
v 1.705000 -1.040000 0.160000
v 1.705000 -0.722874 0.160000
v 1.704420 -0.709608 0.160000
v 1.702887 -0.698505 0.160000
v 1.700515 -0.688781 0.160000
v 1.697468 -0.680464 0.160000
v 1.693916 -0.673529 0.160000
v 1.690005 -0.667888 0.160000
v 1.685823 -0.663388 0.160000
v 1.681357 -0.659838 0.160000
v 1.676475 -0.657064 0.160000
v 1.670949 -0.654975 0.160000
v 1.664517 -0.653600 0.160000
v 1.656443 -0.653054 0.160000
v 1.650694 -0.653282 0.160000
v 1.644854 -0.654015 0.160000
v 1.639313 -0.655227 0.160000
v 1.633830 -0.656971 0.160000
v 1.628180 -0.659355 0.160000
v 1.622184 -0.662518 0.160000
v 1.615721 -0.666608 0.160000
v 1.608719 -0.671759 0.160000
v 1.601144 -0.678075 0.160000
v 1.592976 -0.685634 0.160000
v 1.584203 -0.694489 0.160000
v 1.585000 -0.693625 0.160000
v 1.585000 -1.040000 0.160000
v 1.416000 -1.040000 0.160000
v 1.416000 -0.278000 0.160000
v 1.585000 -0.278000 0.160000
v 1.585000 -0.570000 0.160000
v 1.585000 -0.693685 0.160000
v 1.585000 -0.526883 0.160000
v 1.528860 -0.570000 0.160000
v 1.300875 -0.693383 0.160000
v 1.290007 -0.687109 0.160000
v 1.279399 -0.681547 0.160000
v 1.269096 -0.676681 0.160000
v 1.259144 -0.672490 0.160000
v 1.249594 -0.668954 0.160000
v 1.240497 -0.666051 0.160000
v 1.231912 -0.663758 0.160000
v 1.223900 -0.662046 0.160000
v 1.216531 -0.660882 0.160000
v 1.209880 -0.660227 0.160000
v 1.204108 -0.660028 0.160000
v 1.198570 -0.660249 0.160000
v 1.193938 -0.660830 0.160000
v 1.190171 -0.661660 0.160000
v 1.187299 -0.662604 0.160000
v 1.185325 -0.663505 0.160000
v 1.184200 -0.664195 0.160000
v 1.183810 -0.664513 0.160000
v 1.183959 -0.664350 0.160000
v 1.184384 -0.663705 0.160000
v 1.184817 -0.662728 0.160000
v 1.185073 -0.661716 0.160000
v 1.185201 -0.660127 0.160000
v 1.184762 -0.656608 0.160000
v 1.183869 -0.654173 0.160000
v 1.183887 -0.654204 0.160000
v 1.185633 -0.656383 0.160000
v 1.189422 -0.660225 0.160000
v 1.195316 -0.665363 0.160000
v 1.203298 -0.671572 0.160000
v 1.213344 -0.678736 0.160000
v 1.225440 -0.686803 0.160000
v 1.239591 -0.695763 0.160000
v 1.255815 -0.705632 0.160000
v 1.275409 -0.717188 0.160000
v 1.294448 -0.730104 0.160000
v 1.311135 -0.742114 0.160000
v 1.326286 -0.753882 0.160000
v 1.339997 -0.765615 0.160000
v 1.352340 -0.777538 0.160000
v 1.363337 -0.789888 0.160000
v 1.372931 -0.802873 0.160000
v 1.380979 -0.816619 0.160000
v 1.387292 -0.831106 0.160000
v 1.391722 -0.846153 0.160000
v 1.394258 -0.861494 0.160000
v 1.395069 -0.877318 0.160000
v 1.393434 -0.901657 0.160000
v 1.388501 -0.925220 0.160000
v 1.380405 -0.947404 0.160000
v 1.369333 -0.967896 0.160000
v 1.355542 -0.986419 0.160000
v 1.339329 -1.002754 0.160000
v 1.321001 -1.016744 0.160000
v 1.300854 -1.028289 0.160000
v 1.279156 -1.037329 0.160000
v 1.256146 -1.043824 0.160000
v 1.232036 -1.047743 0.160000
v 1.207702 -1.049018 0.160000
v 1.192041 -1.048747 0.160000
v 1.177358 -1.047941 0.160000
v 1.162861 -1.046543 0.160000
v 1.148500 -1.044516 0.160000
v 1.134232 -1.041829 0.160000
v 1.120016 -1.038462 0.160000
v 1.105807 -1.034402 0.160000
v 1.091554 -1.029644 0.160000
v 1.077193 -1.024185 0.160000
v 1.062647 -1.018020 0.160000
v 1.047828 -1.011143 0.160000
v 1.011000 -0.992710 0.160000
v 1.011000 -0.797383 0.160000
v 1.086944 -0.847861 0.160000
v 1.099860 -0.855805 0.160000
v 1.112409 -0.862904 0.160000
v 1.124534 -0.869167 0.160000
v 1.136177 -0.874602 0.160000
v 1.147274 -0.879219 0.160000
v 1.157758 -0.883031 0.160000
v 1.167551 -0.886056 0.160000
v 1.176569 -0.888317 0.160000
v 1.184714 -0.889849 0.160000
v 1.191877 -0.890704 0.160000
v 1.197018 -0.890922 0.160000
v 1.201703 -0.890493 0.160000
v 1.207122 -0.889579 0.160000
v 1.211888 -0.888367 0.160000
v 1.215886 -0.886956 0.160000
v 1.219023 -0.885477 0.160000
v 1.221260 -0.884092 0.160000
v 1.222641 -0.882970 0.160000
v 1.223322 -0.882230 0.160000
v 1.223566 -0.881862 0.160000
v 1.223661 -0.881649 0.160000
v 1.223780 -0.881175 0.160000
v 1.223567 -0.883855 0.160000
v 1.223521 -0.883687 0.160000
v 1.220068 -0.879407 0.160000
v 1.207907 -0.869706 0.160000
v 1.188793 -0.857533 0.160000
v 1.164996 -0.843776 0.160000
v 1.138398 -0.828418 0.160000
v 1.110594 -0.811051 0.160000
v 1.083037 -0.790980 0.160000
v 1.057216 -0.767200 0.160000
v 1.035040 -0.738453 0.160000
v 1.019359 -0.703829 0.160000
v 1.013812 -0.665592 0.160000
v 1.015457 -0.640271 0.160000
v 1.020137 -0.617588 0.160000
v 1.027975 -0.596210 0.160000
v 1.038877 -0.576503 0.160000
v 1.052618 -0.558826 0.160000
v 1.068868 -0.543448 0.160000
v 1.087262 -0.530518 0.160000
v 1.107464 -0.520068 0.160000
v 1.129205 -0.512058 0.160000
v 1.152288 -0.506415 0.160000
v 1.176575 -0.503068 0.160000
v 1.201607 -0.501979 0.160000
v 1.214422 -0.502284 0.160000
v 1.226876 -0.503173 0.160000
v 1.239355 -0.504652 0.160000
v 1.251854 -0.506719 0.160000
v 1.264371 -0.509369 0.160000
v 1.276904 -0.512596 0.160000
v 1.289457 -0.516392 0.160000
v 1.302035 -0.520749 0.160000
v 1.314645 -0.525662 0.160000
v 1.327298 -0.531124 0.160000
v 1.340004 -0.537130 0.160000
v 1.374000 -0.554552 0.160000
v 1.374000 -0.739602 0.160000
v 1.222801 -0.882795 0.160000
v 1.190886 -0.661502 0.160000
v 0.818000 -1.040659 0.160000
v 0.876102 -0.981630 0.160000
v 0.864212 -0.992322 0.160000
v 0.851787 -1.002217 0.160000
v 0.838893 -1.011289 0.160000
v 0.825591 -1.019509 0.160000
v 0.811934 -1.026839 0.160000
v 0.797971 -1.033238 0.160000
v 0.783745 -1.038656 0.160000
v 0.769294 -1.043031 0.160000
v 0.754653 -1.046289 0.160000
v 0.739857 -1.048334 0.160000
v 0.724746 -1.049058 0.160000
v 0.697847 -1.047426 0.160000
v 0.671720 -1.042431 0.160000
v 0.646868 -1.034040 0.160000
v 0.623640 -1.022263 0.160000
v 0.602412 -1.007201 0.160000
v 0.583538 -0.989052 0.160000
v 0.567306 -0.968084 0.160000
v 0.553905 -0.944591 0.160000
v 0.543441 -0.918848 0.160000
v 0.535953 -0.891075 0.160000
v 0.531456 -0.861435 0.160000
v 0.530000 -0.830955 0.160000
v 0.530000 -0.511000 0.160000
v 0.699000 -0.511000 0.160000
v 0.699000 -0.835150 0.160000
v 0.699529 -0.847594 0.160000
v 0.700907 -0.857592 0.160000
v 0.702994 -0.865916 0.160000
v 0.705593 -0.872629 0.160000
v 0.708539 -0.877916 0.160000
v 0.711769 -0.882080 0.160000
v 0.715403 -0.885475 0.160000
v 0.719743 -0.888386 0.160000
v 0.725182 -0.890921 0.160000
v 0.732080 -0.893000 0.160000
v 0.740673 -0.894422 0.160000
v 0.751101 -0.894953 0.160000
v 0.757288 -0.894670 0.160000
v 0.763515 -0.893808 0.160000
v 0.769716 -0.892366 0.160000
v 0.775920 -0.890325 0.160000
v 0.782144 -0.887658 0.160000
v 0.788393 -0.884331 0.160000
v 0.794660 -0.880310 0.160000
v 0.800925 -0.875565 0.160000
v 0.807161 -0.870069 0.160000
v 0.813334 -0.863799 0.160000
v 0.819406 -0.856739 0.160000
v 0.818000 -0.858603 0.160000
v 0.818000 -0.511000 0.160000
v 0.987000 -0.511000 0.160000
v 0.987000 -1.040000 0.160000
v 0.818000 -1.040000 0.160000
v 0.818000 -0.858374 0.160000
v 0.818649 -1.040000 0.160000
v 0.322790 -0.279956 0.160000
v 0.359626 -0.285925 0.160000
v 0.393503 -0.295775 0.160000
v 0.424282 -0.309393 0.160000
v 0.451754 -0.326592 0.160000
v 0.475678 -0.347074 0.160000
v 0.495849 -0.370429 0.160000
v 0.512157 -0.396171 0.160000
v 0.524609 -0.423806 0.160000
v 0.533304 -0.452887 0.160000
v 0.538396 -0.483039 0.160000
v 0.540062 -0.514076 0.160000
v 0.538285 -0.544978 0.160000
v 0.532814 -0.575071 0.160000
v 0.523467 -0.603995 0.160000
v 0.510104 -0.631328 0.160000
v 0.492677 -0.656588 0.160000
v 0.471263 -0.679281 0.160000
v 0.446051 -0.698977 0.160000
v 0.417283 -0.715364 0.160000
v 0.385185 -0.728251 0.160000
v 0.349910 -0.737536 0.160000
v 0.311531 -0.743153 0.160000
v 0.270909 -0.745000 0.160000
v 0.208000 -0.745000 0.160000
v 0.208000 -1.040000 0.160000
v 0.030000 -1.040000 0.160000
v 0.030000 -0.278000 0.160000
v 0.284008 -0.278000 0.160000
v 0.278089 -0.577000 0.160000
v 0.292908 -0.576324 0.160000
v 0.305345 -0.574522 0.160000
v 0.316225 -0.571713 0.160000
v 0.325554 -0.568068 0.160000
v 0.333411 -0.563740 0.160000
v 0.339949 -0.558824 0.160000
v 0.345371 -0.553311 0.160000
v 0.349866 -0.547068 0.160000
v 0.353543 -0.539859 0.160000
v 0.356384 -0.531411 0.160000
v 0.358253 -0.521491 0.160000
v 0.358945 -0.509749 0.160000
v 0.358552 -0.501280 0.160000
v 0.357326 -0.492891 0.160000
v 0.355298 -0.485103 0.160000
v 0.352508 -0.478055 0.160000
v 0.348983 -0.471785 0.160000
v 0.344667 -0.466215 0.160000
v 0.339355 -0.461206 0.160000
v 0.332669 -0.456653 0.160000
v 0.324119 -0.452590 0.160000
v 0.313219 -0.449229 0.160000
v 0.299581 -0.446917 0.160000
v 0.281960 -0.446000 0.160000
v 0.208000 -0.446000 0.160000
v 0.208000 -0.577000 0.160000
v 4.316361 0.340000 0.160000
v 4.259563 0.398702 0.160000
v 4.268069 0.389201 0.160000
v 4.275856 0.379627 0.160000
v 4.282920 0.369862 0.160000
v 4.289231 0.359810 0.160000
v 4.294731 0.349416 0.160000
v 4.299353 0.338681 0.160000
v 4.303047 0.327655 0.160000
v 4.305802 0.316420 0.160000
v 4.307658 0.305054 0.160000
v 4.308694 0.293602 0.160000
v 4.309026 0.281646 0.160000
v 4.308459 0.269168 0.160000
v 4.306831 0.256554 0.160000
v 4.304316 0.244254 0.160000
v 4.301033 0.232289 0.160000
v 4.297081 0.220684 0.160000
v 4.292540 0.209472 0.160000
v 4.287474 0.198692 0.160000
v 4.281933 0.188386 0.160000
v 4.275951 0.178592 0.160000
v 4.269537 0.169349 0.160000
v 4.262665 0.160685 0.160000
v 4.254942 0.152292 0.160000
v 4.234339 0.134338 0.160000
v 4.210572 0.120267 0.160000
v 4.186503 0.110372 0.160000
v 4.163033 0.103512 0.160000
v 4.140844 0.098673 0.160000
v 4.120620 0.095014 0.160000
v 4.103203 0.091865 0.160000
v 4.089755 0.088826 0.160000
v 4.081909 0.086147 0.160000
v 4.081109 0.085668 0.160000
v 4.084638 0.090117 0.160000
v 4.085674 0.095044 0.160000
v 4.084453 0.102602 0.160000
v 4.082063 0.107247 0.160000
v 4.080805 0.108634 0.160000
v 4.082346 0.107480 0.160000
v 4.087018 0.104875 0.160000
v 4.094619 0.101533 0.160000
v 4.104874 0.097825 0.160000
v 4.117558 0.093924 0.160000
v 4.132504 0.089905 0.160000
v 4.149593 0.085788 0.160000
v 4.168736 0.081567 0.160000
v 4.190626 0.077063 0.160000
v 4.215482 0.071198 0.160000
v 4.239003 0.063602 0.160000
v 4.260446 0.054432 0.160000
v 4.279831 0.043649 0.160000
v 4.297114 0.031236 0.160000
v 4.312185 0.017235 0.160000
v 4.324899 0.001788 0.160000
v 4.335133 -0.014853 0.160000
v 4.342848 -0.032361 0.160000
v 4.348117 -0.050393 0.160000
v 4.351109 -0.068654 0.160000
v 4.352078 -0.087487 0.160000
v 4.350009 -0.114767 0.160000
v 4.343606 -0.141229 0.160000
v 4.332919 -0.165943 0.160000
v 4.318197 -0.188377 0.160000
v 4.299869 -0.208135 0.160000
v 4.278420 -0.225036 0.160000
v 4.254265 -0.239084 0.160000
v 4.227698 -0.250377 0.160000
v 4.198901 -0.259034 0.160000
v 4.167983 -0.265157 0.160000
v 4.135011 -0.268809 0.160000
v 4.099903 -0.270027 0.160000
v 4.067275 -0.268736 0.160000
v 4.036032 -0.264899 0.160000
v 4.006418 -0.258585 0.160000
v 3.978591 -0.249836 0.160000
v 3.952724 -0.238666 0.160000
v 3.929022 -0.225058 0.160000
v 3.907740 -0.208975 0.160000
v 3.889227 -0.190378 0.160000
v 3.873941 -0.169294 0.160000
v 3.862437 -0.145903 0.160000
v 3.855267 -0.120610 0.160000
v 3.852916 -0.094906 0.160000
v 3.853870 -0.074170 0.160000
v 3.856739 -0.054995 0.160000
v 3.861756 -0.036498 0.160000
v 3.869066 -0.018882 0.160000
v 3.878701 -0.002436 0.160000
v 3.890546 0.012550 0.160000
v 3.904374 0.025877 0.160000
v 3.919927 0.037485 0.160000
v 3.936997 0.047442 0.160000
v 3.955462 0.055887 0.160000
v 3.975282 0.062980 0.160000
v 3.908990 0.044560 0.160000
v 3.976332 0.001493 0.160000
v 3.968120 0.007254 0.160000
v 3.960417 0.013249 0.160000
v 3.953213 0.019552 0.160000
v 3.946520 0.026245 0.160000
v 3.940374 0.033413 0.160000
v 3.934848 0.041128 0.160000
v 3.930055 0.049430 0.160000
v 3.926141 0.058301 0.160000
v 3.923254 0.067640 0.160000
v 3.921506 0.077269 0.160000
v 3.920905 0.087424 0.160000
v 3.921961 0.100546 0.160000
v 3.925139 0.113568 0.160000
v 3.930169 0.125741 0.160000
v 3.936759 0.136878 0.160000
v 3.944629 0.146918 0.160000
v 3.953555 0.155879 0.160000
v 3.963375 0.163817 0.160000
v 3.973975 0.170797 0.160000
v 3.985279 0.176872 0.160000
v 3.997232 0.182081 0.160000
v 4.009792 0.186447 0.160000
v 3.992001 0.181660 0.160000
v 3.992001 0.127038 0.160000
v 4.006938 0.120378 0.160000
v 3.997799 0.124874 0.160000
v 3.988957 0.129668 0.160000
v 3.980417 0.134767 0.160000
v 3.972189 0.140176 0.160000
v 3.964283 0.145900 0.160000
v 3.956711 0.151942 0.160000
v 3.949486 0.158304 0.160000
v 3.942622 0.164983 0.160000
v 3.936134 0.171976 0.160000
v 3.930038 0.179276 0.160000
v 3.924229 0.187030 0.160000
v 3.919087 0.194882 0.160000
v 3.914466 0.202887 0.160000
v 3.910295 0.211146 0.160000
v 3.906581 0.219639 0.160000
v 3.903326 0.228346 0.160000
v 3.900528 0.237250 0.160000
v 3.898185 0.246332 0.160000
v 3.896288 0.255578 0.160000
v 3.894830 0.264975 0.160000
v 3.893802 0.274514 0.160000
v 3.893193 0.284187 0.160000
v 3.892973 0.294921 0.160000
v 3.894823 0.322713 0.160000
v 3.900611 0.350066 0.160000
v 3.910285 0.375761 0.160000
v 3.923724 0.399382 0.160000
v 3.940662 0.420538 0.160000
v 3.960731 0.438944 0.160000
v 3.983536 0.454450 0.160000
v 4.008727 0.467028 0.160000
v 4.036034 0.476717 0.160000
v 4.065260 0.483581 0.160000
v 4.096271 0.487675 0.160000
v 4.128170 0.489000 0.160000
v 4.354001 0.489000 0.160000
v 4.354001 0.340000 0.160000
v 4.094948 0.331481 0.160000
v 4.088272 0.330216 0.160000
v 4.081992 0.328198 0.160000
v 4.076167 0.325503 0.160000
v 4.070873 0.322216 0.160000
v 4.066186 0.318436 0.160000
v 4.062175 0.314276 0.160000
v 4.058890 0.309850 0.160000
v 4.056352 0.305267 0.160000
v 4.054556 0.300599 0.160000
v 4.053480 0.295868 0.160000
v 4.053094 0.290738 0.160000
v 4.053501 0.284177 0.160000
v 4.054656 0.278249 0.160000
v 4.056403 0.273136 0.160000
v 4.058666 0.268691 0.160000
v 4.061442 0.264764 0.160000
v 4.064797 0.261232 0.160000
v 4.068841 0.258032 0.160000
v 4.073701 0.255171 0.160000
v 4.079489 0.252716 0.160000
v 4.086285 0.250783 0.160000
v 4.094130 0.249512 0.160000
v 4.102858 0.249061 0.160000
v 4.110418 0.249505 0.160000
v 4.117077 0.250719 0.160000
v 4.122992 0.252589 0.160000
v 4.128206 0.255019 0.160000
v 4.132774 0.257942 0.160000
v 4.136751 0.261323 0.160000
v 4.140182 0.265163 0.160000
v 4.143095 0.269494 0.160000
v 4.145484 0.274373 0.160000
v 4.147311 0.279872 0.160000
v 4.148496 0.286066 0.160000
v 4.148905 0.292698 0.160000
v 4.148537 0.297498 0.160000
v 4.147515 0.301897 0.160000
v 4.145793 0.306291 0.160000
v 4.143336 0.310655 0.160000
v 4.140134 0.314908 0.160000
v 4.136214 0.318929 0.160000
v 4.131634 0.322590 0.160000
v 4.126482 0.325772 0.160000
v 4.120854 0.328371 0.160000
v 4.114851 0.330304 0.160000
v 4.108555 0.331505 0.160000
v 4.101985 0.331921 0.160000
v 4.067609 -0.062478 0.160000
v 4.057222 -0.063749 0.160000
v 4.047958 -0.065723 0.160000
v 4.039917 -0.068259 0.160000
v 4.033179 -0.071188 0.160000
v 4.027792 -0.074313 0.160000
v 4.023737 -0.077419 0.160000
v 4.020910 -0.080310 0.160000
v 4.019094 -0.082868 0.160000
v 4.018006 -0.085139 0.160000
v 4.017388 -0.087385 0.160000
v 4.017149 -0.090079 0.160000
v 4.017462 -0.093780 0.160000
v 4.018175 -0.096380 0.160000
v 4.019192 -0.098418 0.160000
v 4.020866 -0.100588 0.160000
v 4.023806 -0.103235 0.160000
v 4.028557 -0.106307 0.160000
v 4.035437 -0.109530 0.160000
v 4.044544 -0.112592 0.160000
v 4.055850 -0.115234 0.160000
v 4.069267 -0.117263 0.160000
v 4.084694 -0.118544 0.160000
v 4.101985 -0.118987 0.160000
v 4.118616 -0.118548 0.160000
v 4.133590 -0.117285 0.160000
v 4.146786 -0.115288 0.160000
v 4.158085 -0.112684 0.160000
v 4.167373 -0.109647 0.160000
v 4.174563 -0.106419 0.160000
v 4.179655 -0.103310 0.160000
v 4.182817 -0.100660 0.160000
v 4.184464 -0.098701 0.160000
v 4.185215 -0.097339 0.160000
v 4.185622 -0.096017 0.160000
v 4.185737 -0.094823 0.160000
v 4.185307 -0.091693 0.160000
v 4.184499 -0.089879 0.160000
v 4.182205 -0.087021 0.160000
v 4.177313 -0.083026 0.160000
v 4.169556 -0.078548 0.160000
v 4.159295 -0.074206 0.160000
v 4.147123 -0.070374 0.160000
v 4.133674 -0.067235 0.160000
v 4.119557 -0.064852 0.160000
v 4.105358 -0.063221 0.160000
v 4.091648 -0.062298 0.160000
v 4.079332 -0.062018 0.160000
v 3.992001 0.128018 0.160000
v 3.992001 0.179801 0.160000
v 3.952941 0.155262 0.160000
v 3.929669 0.050306 0.160000
v 3.932663 0.044913 0.160000
v 3.919993 0.037523 0.160000
v 4.116460 0.094262 0.160000
v 3.888811 -0.014041 0.160000
v 3.879315 -0.020028 0.160000
v 3.870313 -0.025442 0.160000
v 3.861623 -0.030326 0.160000
v 3.853069 -0.034705 0.160000
v 3.844496 -0.038573 0.160000
v 3.835799 -0.041892 0.160000
v 3.826943 -0.044601 0.160000
v 3.817968 -0.046649 0.160000
v 3.808957 -0.048027 0.160000
v 3.799984 -0.048784 0.160000
v 3.790883 -0.049016 0.160000
v 3.778942 -0.048642 0.160000
v 3.767194 -0.047431 0.160000
v 3.755658 -0.045245 0.160000
v 3.744349 -0.041918 0.160000
v 3.733370 -0.037283 0.160000
v 3.722935 -0.031224 0.160000
v 3.713339 -0.023746 0.160000
v 3.704876 -0.015004 0.160000
v 3.697743 -0.005273 0.160000
v 3.691985 0.005146 0.160000
v 3.687515 0.016021 0.160000
v 3.701154 -0.029733 0.160000
v 3.736598 -0.002882 0.160000
v 3.725110 -0.010745 0.160000
v 3.713432 -0.017907 0.160000
v 3.701571 -0.024358 0.160000
v 3.689538 -0.030085 0.160000
v 3.677346 -0.035077 0.160000
v 3.665010 -0.039320 0.160000
v 3.652553 -0.042805 0.160000
v 3.639997 -0.045523 0.160000
v 3.627368 -0.047466 0.160000
v 3.614693 -0.048631 0.160000
v 3.601294 -0.049040 0.160000
v 3.580638 -0.047679 0.160000
v 3.560258 -0.043526 0.160000
v 3.541108 -0.036792 0.160000
v 3.523424 -0.027691 0.160000
v 3.507406 -0.016469 0.160000
v 3.493210 -0.003383 0.160000
v 3.480956 0.011313 0.160000
v 3.470737 0.027380 0.160000
v 3.462640 0.044596 0.160000
v 3.456746 0.062746 0.160000
v 3.453142 0.081624 0.160000
v 3.451902 0.101297 0.160000
v 3.454020 0.128486 0.160000
v 3.460421 0.153856 0.160000
v 3.470768 0.176727 0.160000
v 3.484372 0.196702 0.160000
v 3.500356 0.213708 0.160000
v 3.517919 0.228007 0.160000
v 3.536461 0.240037 0.160000
v 3.555556 0.250262 0.160000
v 3.574880 0.259100 0.160000
v 3.594142 0.266908 0.160000
v 3.613056 0.273985 0.160000
v 3.631519 0.280660 0.160000
v 3.684000 0.299261 0.160000
v 3.684000 0.294156 0.160000
v 3.683556 0.304676 0.160000
v 3.682471 0.312382 0.160000
v 3.680968 0.318084 0.160000
v 3.679332 0.321991 0.160000
v 3.677753 0.324538 0.160000
v 3.676166 0.326324 0.160000
v 3.674183 0.327895 0.160000
v 3.671239 0.329524 0.160000
v 3.666834 0.331167 0.160000
v 3.660682 0.332610 0.160000
v 3.652699 0.333608 0.160000
v 3.643037 0.333971 0.160000
v 3.633882 0.333611 0.160000
v 3.624740 0.332526 0.160000
v 3.615569 0.330693 0.160000
v 3.606359 0.328086 0.160000
v 3.597102 0.324667 0.160000
v 3.587794 0.320395 0.160000
v 3.578440 0.315224 0.160000
v 3.569050 0.309105 0.160000
v 3.559642 0.301989 0.160000
v 3.550241 0.293828 0.160000
v 3.540878 0.284578 0.160000
v 3.461000 0.195325 0.160000
v 3.461000 0.412620 0.160000
v 3.481687 0.435068 0.160000
v 3.493639 0.446162 0.160000
v 3.506399 0.456232 0.160000
v 3.519928 0.465234 0.160000
v 3.534174 0.473135 0.160000
v 3.549080 0.479919 0.160000
v 3.564592 0.485586 0.160000
v 3.580662 0.490153 0.160000
v 3.597254 0.493645 0.160000
v 3.614343 0.496095 0.160000
v 3.631919 0.497540 0.160000
v 3.650340 0.498023 0.160000
v 3.675901 0.496919 0.160000
v 3.701116 0.493475 0.160000
v 3.725513 0.487552 0.160000
v 3.748870 0.478971 0.160000
v 3.770897 0.467551 0.160000
v 3.791207 0.453146 0.160000
v 3.809328 0.435706 0.160000
v 3.824761 0.415331 0.160000
v 3.837068 0.392271 0.160000
v 3.845958 0.366854 0.160000
v 3.851299 0.339383 0.160000
v 3.853000 0.311206 0.160000
v 3.853000 0.079618 0.160000
v 3.853061 0.077658 0.160000
v 3.853100 0.077280 0.160000
v 3.852960 0.078001 0.160000
v 3.852390 0.079839 0.160000
v 3.851087 0.082665 0.160000
v 3.848793 0.086122 0.160000
v 3.845480 0.089620 0.160000
v 3.841498 0.092536 0.160000
v 3.837476 0.094512 0.160000
v 3.834032 0.095568 0.160000
v 3.831541 0.095972 0.160000
v 3.829442 0.096074 0.160000
v 3.827013 0.095888 0.160000
v 3.825736 0.095636 0.160000
v 3.825859 0.095672 0.160000
v 3.826982 0.096082 0.160000
v 3.828848 0.096882 0.160000
v 3.831288 0.098060 0.160000
v 3.834184 0.099599 0.160000
v 3.837450 0.101478 0.160000
v 3.841016 0.103677 0.160000
v 3.844826 0.106176 0.160000
v 3.848835 0.108957 0.160000
v 3.917000 0.158809 0.160000
v 3.917000 0.004311 0.160000
v 3.718648 0.177797 0.160000
v 3.701237 0.171456 0.160000
v 3.685002 0.165093 0.160000
v 3.670196 0.158681 0.160000
v 3.657088 0.152231 0.160000
v 3.645953 0.145821 0.160000
v 3.637041 0.139610 0.160000
v 3.630503 0.133863 0.160000
v 3.626260 0.128882 0.160000
v 3.623874 0.124790 0.160000
v 3.622663 0.121165 0.160000
v 3.622130 0.116117 0.160000
v 3.622323 0.112974 0.160000
v 3.622975 0.109549 0.160000
v 3.623929 0.106664 0.160000
v 3.625121 0.104220 0.160000
v 3.626528 0.102120 0.160000
v 3.628164 0.100285 0.160000
v 3.630071 0.098659 0.160000
v 3.632313 0.097221 0.160000
v 3.634964 0.095983 0.160000
v 3.638093 0.094990 0.160000
v 3.641761 0.094320 0.160000
v 3.646350 0.094049 0.160000
v 3.649656 0.094186 0.160000
v 3.653309 0.094640 0.160000
v 3.657022 0.095408 0.160000
v 3.660842 0.096509 0.160000
v 3.664797 0.097971 0.160000
v 3.668903 0.099819 0.160000
v 3.673162 0.102078 0.160000
v 3.677568 0.104763 0.160000
v 3.682106 0.107886 0.160000
v 3.686759 0.111452 0.160000
v 3.691507 0.115458 0.160000
v 3.684000 0.108550 0.160000
v 3.684000 0.165763 0.160000
v 3.853000 0.112003 0.160000
v 3.683788 0.299186 0.160000
v 3.699803 -0.025200 0.160000
v 3.709669 -0.019954 0.160000
v 3.711528 -0.021874 0.160000
v 3.684000 0.109338 0.160000
v 3.684000 0.164659 0.160000
v 3.272000 -0.040000 0.160000
v 3.272000 0.722000 0.160000
v 3.441000 0.722000 0.160000
v 3.441000 -0.040000 0.160000
v 2.992000 0.554000 0.160000
v 2.992000 0.445000 0.160000
v 3.258000 0.445000 0.160000
v 3.258000 0.277000 0.160000
v 2.992000 0.277000 0.160000
v 2.992000 -0.040000 0.160000
v 2.814000 -0.040000 0.160000
v 2.814000 0.722000 0.160000
v 3.258000 0.722000 0.160000
v 3.258000 0.554000 0.160000
v 2.824000 -0.165000 0.160000
v 2.232000 -0.165000 0.160000
v 2.232000 -0.035000 0.160000
v 2.824000 -0.035000 0.160000
v 1.925364 0.727522 0.160000
v 1.981190 0.717116 0.160000
v 2.033148 0.700255 0.160000
v 2.080878 0.677383 0.160000
v 2.124022 0.648983 0.160000
v 2.162245 0.615579 0.160000
v 2.195238 0.577716 0.160000
v 2.222728 0.535953 0.160000
v 2.244469 0.490848 0.160000
v 2.260240 0.442957 0.160000
v 2.269840 0.392829 0.160000
v 2.273078 0.340998 0.160000
v 2.269915 0.290446 0.160000
v 2.260523 0.241189 0.160000
v 2.245049 0.193812 0.160000
v 2.223645 0.148901 0.160000
v 2.196472 0.107055 0.160000
v 2.163710 0.068889 0.160000
v 2.125569 0.035025 0.160000
v 2.082299 0.006083 0.160000
v 2.034187 -0.017335 0.160000
v 1.981552 -0.034668 0.160000
v 1.924725 -0.045402 0.160000
v 1.863967 -0.049075 0.160000
v 1.804942 -0.045410 0.160000
v 1.749420 -0.034693 0.160000
v 1.697786 -0.017401 0.160000
v 1.650405 0.005948 0.160000
v 1.607625 0.034793 0.160000
v 1.569762 0.068546 0.160000
v 1.537096 0.106609 0.160000
v 1.509878 0.148386 0.160000
v 1.488336 0.193289 0.160000
v 1.472687 0.240742 0.160000
v 1.463145 0.290172 0.160000
v 1.459919 0.341010 0.160000
v 1.463227 0.392722 0.160000
v 1.473005 0.442775 0.160000
v 1.489009 0.490602 0.160000
v 1.510986 0.535653 0.160000
v 1.538671 0.577379 0.160000
v 1.571784 0.615229 0.160000
v 1.610025 0.648653 0.160000
v 1.653068 0.677107 0.160000
v 1.700564 0.700061 0.160000
v 1.752139 0.717013 0.160000
v 1.807407 0.727494 0.160000
v 1.865974 0.731073 0.160000
v 1.898460 0.123045 0.160000
v 1.928953 0.128758 0.160000
v 1.957328 0.137932 0.160000
v 1.983444 0.150311 0.160000
v 2.007160 0.165661 0.160000
v 2.028328 0.183771 0.160000
v 2.046792 0.204450 0.160000
v 2.062382 0.227527 0.160000
v 2.074912 0.252851 0.160000
v 2.084175 0.280288 0.160000
v 2.089933 0.309714 0.160000
v 2.091920 0.341007 0.160000
v 2.089931 0.372519 0.160000
v 2.084168 0.402087 0.160000
v 2.074904 0.429589 0.160000
v 2.062382 0.454916 0.160000
v 2.046808 0.477953 0.160000
v 2.028366 0.498566 0.160000
v 2.007219 0.516598 0.160000
v 1.983518 0.531871 0.160000
v 1.957405 0.544179 0.160000
v 1.929018 0.553296 0.160000
v 1.898498 0.558970 0.160000
v 1.866008 0.560927 0.160000
v 1.833759 0.558973 0.160000
v 1.803449 0.553307 0.160000
v 1.775229 0.544201 0.160000
v 1.749241 0.531901 0.160000
v 1.725631 0.516635 0.160000
v 1.704547 0.498603 0.160000
v 1.686145 0.477986 0.160000
v 1.670596 0.454942 0.160000
v 1.658086 0.429605 0.160000
v 1.648830 0.402096 0.160000
v 1.643069 0.372521 0.160000
v 1.641080 0.341007 0.160000
v 1.643066 0.309711 0.160000
v 1.648822 0.280280 0.160000
v 1.658078 0.252835 0.160000
v 1.670595 0.227502 0.160000
v 1.686161 0.204417 0.160000
v 1.704584 0.183734 0.160000
v 1.725690 0.165625 0.160000
v 1.749315 0.150280 0.160000
v 1.775305 0.137910 0.160000
v 1.803514 0.128747 0.160000
v 1.833797 0.123043 0.160000
v 1.866008 0.121074 0.160000
v 1.200000 0.554000 0.160000
v 1.200000 0.445000 0.160000
v 1.466000 0.445000 0.160000
v 1.466000 0.277000 0.160000
v 1.200000 0.277000 0.160000
v 1.200000 -0.040000 0.160000
v 1.022000 -0.040000 0.160000
v 1.022000 0.722000 0.160000
v 1.466000 0.722000 0.160000
v 1.466000 0.554000 0.160000
v 0.963747 0.223173 0.160000
v 0.956713 0.180519 0.160000
v 0.944769 0.140253 0.160000
v 0.927762 0.102747 0.160000
v 0.905622 0.068470 0.160000
v 0.878416 0.037938 0.160000
v 0.846364 0.011622 0.160000
v 0.809778 -0.010130 0.160000
v 0.768969 -0.027126 0.160000
v 0.724171 -0.039290 0.160000
v 0.675517 -0.046600 0.160000
v 0.622981 -0.049044 0.160000
v 0.583304 -0.047160 0.160000
v 0.544094 -0.041413 0.160000
v 0.505799 -0.031637 0.160000
v 0.468898 -0.017644 0.160000
v 0.433931 0.000770 0.160000
v 0.401508 0.023793 0.160000
v 0.372322 0.051550 0.160000
v 0.347116 0.084055 0.160000
v 0.326614 0.121183 0.160000
v 0.311446 0.162704 0.160000
v 0.302096 0.208358 0.160000
v 0.299000 0.256721 0.160000
v 0.299000 0.722000 0.160000
v 0.477000 0.722000 0.160000
v 0.477000 0.279234 0.160000
v 0.477205 0.261702 0.160000
v 0.477822 0.246393 0.160000
v 0.478856 0.233010 0.160000
v 0.480294 0.221443 0.160000
v 0.482103 0.211559 0.160000
v 0.484241 0.203176 0.160000
v 0.486678 0.196041 0.160000
v 0.489428 0.189828 0.160000
v 0.492583 0.184165 0.160000
v 0.496313 0.178693 0.160000
v 0.500834 0.173119 0.160000
v 0.506288 0.167310 0.160000
v 0.514343 0.159759 0.160000
v 0.522634 0.152963 0.160000
v 0.531180 0.146883 0.160000
v 0.540008 0.141485 0.160000
v 0.549148 0.136739 0.160000
v 0.558641 0.132625 0.160000
v 0.568524 0.129129 0.160000
v 0.578838 0.126247 0.160000
v 0.589617 0.123982 0.160000
v 0.600892 0.122345 0.160000
v 0.612686 0.121350 0.160000
v 0.625010 0.121015 0.160000
v 0.641138 0.121446 0.160000
v 0.656331 0.122694 0.160000
v 0.670575 0.124686 0.160000
v 0.683872 0.127351 0.160000
v 0.696225 0.130619 0.160000
v 0.707636 0.134418 0.160000
v 0.718112 0.138677 0.160000
v 0.727656 0.143323 0.160000
v 0.736277 0.148283 0.160000
v 0.743981 0.153484 0.160000
v 0.750779 0.158848 0.160000
v 0.756546 0.164172 0.160000
v 0.762192 0.170412 0.160000
v 0.766986 0.176914 0.160000
v 0.771191 0.183962 0.160000
v 0.774887 0.191691 0.160000
v 0.778110 0.200216 0.160000
v 0.780869 0.209614 0.160000
v 0.783163 0.219926 0.160000
v 0.784992 0.231163 0.160000
v 0.786364 0.243317 0.160000
v 0.787300 0.256365 0.160000
v 0.787831 0.270281 0.160000
v 0.788000 0.285226 0.160000
v 0.788000 0.722000 0.160000
v 0.966000 0.722000 0.160000
v 0.966000 0.266972 0.160000
v 4.441521 -0.998698 -0.160000
v 4.426749 -1.007373 -0.160000
v 4.411741 -1.015302 -0.160000
v 4.396407 -1.022449 -0.160000
v 4.380676 -1.028778 -0.160000
v 4.364491 -1.034255 -0.160000
v 4.347807 -1.038859 -0.160000
v 4.330580 -1.042585 -0.160000
v 4.312759 -1.045439 -0.160000
v 4.294281 -1.047442 -0.160000
v 4.275067 -1.048621 -0.160000
v 4.254001 -1.049027 -0.160000
v 4.215637 -1.046369 -0.160000
v 4.178800 -1.038354 -0.160000
v 4.144801 -1.025393 -0.160000
v 4.113971 -1.007940 -0.160000
v 4.086575 -0.986536 -0.160000
v 4.062776 -0.961755 -0.160000
v 4.042646 -0.934153 -0.160000
v 4.026197 -0.904238 -0.160000
v 4.013413 -0.872468 -0.160000
v 4.004277 -0.839255 -0.160000
v 3.998783 -0.804978 -0.160000
v 3.996944 -0.769983 -0.160000
v 3.998941 -0.732574 -0.160000
v 4.004881 -0.696964 -0.160000
v 4.014679 -0.663388 -0.160000
v 4.028235 -0.632121 -0.160000
v 4.045424 -0.603469 -0.160000
v 4.066073 -0.577761 -0.160000
v 4.089963 -0.555332 -0.160000
v 4.116811 -0.536503 -0.160000
v 4.146289 -0.521555 -0.160000
v 4.178041 -0.510710 -0.160000
v 4.211713 -0.504130 -0.160000
v 4.246921 -0.501927 -0.160000
v 4.280732 -0.503908 -0.160000
v 4.312969 -0.509988 -0.160000
v 4.343473 -0.520375 -0.160000
v 4.371811 -0.535181 -0.160000
v 4.397482 -0.554355 -0.160000
v 4.420029 -0.577666 -0.160000
v 4.439148 -0.604775 -0.160000
v 4.454711 -0.635347 -0.160000
v 4.466723 -0.669136 -0.160000
v 4.475245 -0.706015 -0.160000
v 4.480336 -0.745946 -0.160000
v 4.483605 -0.829000 -0.160000
v 4.174790 -0.829000 -0.160000
v 4.169135 -0.800718 -0.160000
v 4.173831 -0.816534 -0.160000
v 4.179488 -0.830220 -0.160000
v 4.185979 -0.841889 -0.160000
v 4.193227 -0.851734 -0.160000
v 4.201251 -0.860004 -0.160000
v 4.210192 -0.866946 -0.160000
v 4.220292 -0.872733 -0.160000
v 4.231828 -0.877420 -0.160000
v 4.245043 -0.880947 -0.160000
v 4.260094 -0.883179 -0.160000
v 4.277306 -0.883972 -0.160000
v 4.287991 -0.883643 -0.160000
v 4.298918 -0.882638 -0.160000
v 4.309830 -0.880975 -0.160000
v 4.320769 -0.878655 -0.160000
v 4.331768 -0.875679 -0.160000
v 4.342856 -0.872046 -0.160000
v 4.354053 -0.867754 -0.160000
v 4.365377 -0.862804 -0.160000
v 4.376839 -0.857197 -0.160000
v 4.388446 -0.850939 -0.160000
v 4.400206 -0.844040 -0.160000
v 4.474000 -0.797398 -0.160000
v 4.474000 -0.977863 -0.160000
v 4.312850 -0.719124 -0.160000
v 4.310684 -0.707849 -0.160000
v 4.307653 -0.697997 -0.160000
v 4.303908 -0.689539 -0.160000
v 4.299575 -0.682389 -0.160000
v 4.294726 -0.676408 -0.160000
v 4.289347 -0.671427 -0.160000
v 4.283325 -0.667295 -0.160000
v 4.276473 -0.663932 -0.160000
v 4.268575 -0.661355 -0.160000
v 4.259444 -0.659674 -0.160000
v 4.248846 -0.659058 -0.160000
v 4.236761 -0.659667 -0.160000
v 4.225989 -0.661401 -0.160000
v 4.216621 -0.664091 -0.160000
v 4.208465 -0.667625 -0.160000
v 4.201278 -0.671975 -0.160000
v 4.194818 -0.677219 -0.160000
v 4.188906 -0.683522 -0.160000
v 4.183460 -0.691086 -0.160000
v 4.178495 -0.700091 -0.160000
v 4.174098 -0.710665 -0.160000
v 4.170381 -0.722870 -0.160000
v 4.177307 -0.690000 -0.160000
v 4.310210 -0.690000 -0.160000
v 4.178984 -0.829000 -0.160000
v 4.424001 -0.829000 -0.160000
v 4.474000 -0.829000 -0.160000
v 4.184242 -0.690000 -0.160000
v 4.304112 -0.690000 -0.160000
v 3.917461 -0.693961 -0.160000
v 3.906911 -0.687640 -0.160000
v 3.897119 -0.682270 -0.160000
v 3.888020 -0.677780 -0.160000
v 3.879536 -0.674092 -0.160000
v 3.871570 -0.671119 -0.160000
v 3.864005 -0.668772 -0.160000
v 3.856702 -0.666968 -0.160000
v 3.849504 -0.665634 -0.160000
v 3.842250 -0.664719 -0.160000
v 3.834782 -0.664184 -0.160000
v 3.827822 -0.664028 -0.160000
v 3.812477 -0.665004 -0.160000
v 3.799238 -0.667633 -0.160000
v 3.787244 -0.671801 -0.160000
v 3.776398 -0.677402 -0.160000
v 3.766611 -0.684399 -0.160000
v 3.757827 -0.692814 -0.160000
v 3.750047 -0.702706 -0.160000
v 3.743335 -0.714146 -0.160000
v 3.737810 -0.727190 -0.160000
v 3.733631 -0.741862 -0.160000
v 3.730981 -0.758154 -0.160000
v 3.730057 -0.775941 -0.160000
v 3.731044 -0.793921 -0.160000
v 3.733837 -0.809939 -0.160000
v 3.738212 -0.824067 -0.160000
v 3.743986 -0.836427 -0.160000
v 3.751049 -0.847193 -0.160000
v 3.759388 -0.856548 -0.160000
v 3.769085 -0.864632 -0.160000
v 3.780273 -0.871501 -0.160000
v 3.793092 -0.877110 -0.160000
v 3.807643 -0.881338 -0.160000
v 3.823965 -0.884013 -0.160000
v 3.842595 -0.884977 -0.160000
v 3.849699 -0.884821 -0.160000
v 3.857358 -0.884313 -0.160000
v 3.865042 -0.883462 -0.160000
v 3.872818 -0.882262 -0.160000
v 3.880749 -0.880698 -0.160000
v 3.888893 -0.878759 -0.160000
v 3.897302 -0.876427 -0.160000
v 3.906022 -0.873688 -0.160000
v 3.915093 -0.870530 -0.160000
v 3.924553 -0.866941 -0.160000
v 3.934434 -0.862913 -0.160000
v 4.001000 -0.834097 -0.160000
v 4.001000 -1.009356 -0.160000
v 3.967783 -1.023619 -0.160000
v 3.956966 -1.027610 -0.160000
v 3.945551 -1.031276 -0.160000
v 3.933571 -1.034646 -0.160000
v 3.921088 -1.037720 -0.160000
v 3.908183 -1.040485 -0.160000
v 3.894944 -1.042919 -0.160000
v 3.881464 -1.044995 -0.160000
v 3.867837 -1.046680 -0.160000
v 3.854155 -1.047940 -0.160000
v 3.840506 -1.048732 -0.160000
v 3.826242 -1.049024 -0.160000
v 3.789605 -1.046884 -0.160000
v 3.753936 -1.040402 -0.160000
v 3.720271 -1.029750 -0.160000
v 3.688932 -1.015084 -0.160000
v 3.660255 -0.996598 -0.160000
v 3.634574 -0.974527 -0.160000
v 3.612210 -0.949148 -0.160000
v 3.593455 -0.920773 -0.160000
v 3.578561 -0.889736 -0.160000
v 3.567736 -0.856380 -0.160000
v 3.561148 -0.821037 -0.160000
v 3.558941 -0.784211 -0.160000
v 3.560924 -0.744062 -0.160000
v 3.566835 -0.706234 -0.160000
v 3.576677 -0.670676 -0.160000
v 3.590435 -0.637636 -0.160000
v 3.608062 -0.607421 -0.160000
v 3.629447 -0.580385 -0.160000
v 3.654393 -0.556902 -0.160000
v 3.682606 -0.537316 -0.160000
v 3.713725 -0.521896 -0.160000
v 3.747377 -0.510814 -0.160000
v 3.783215 -0.504151 -0.160000
v 3.820216 -0.501977 -0.160000
v 3.835261 -0.502271 -0.160000
v 3.848977 -0.503102 -0.160000
v 3.862211 -0.504477 -0.160000
v 3.875009 -0.506379 -0.160000
v 3.887407 -0.508782 -0.160000
v 3.899444 -0.511655 -0.160000
v 3.911162 -0.514955 -0.160000
v 3.922611 -0.518640 -0.160000
v 3.933855 -0.522665 -0.160000
v 3.944966 -0.526989 -0.160000
v 3.956029 -0.531576 -0.160000
v 3.991000 -0.546759 -0.160000
v 3.991000 -0.741423 -0.160000
v 3.553811 -1.014041 -0.160000
v 3.544315 -1.020029 -0.160000
v 3.535313 -1.025442 -0.160000
v 3.526623 -1.030326 -0.160000
v 3.518068 -1.034705 -0.160000
v 3.509495 -1.038574 -0.160000
v 3.500798 -1.041892 -0.160000
v 3.491942 -1.044601 -0.160000
v 3.482967 -1.046649 -0.160000
v 3.473956 -1.048027 -0.160000
v 3.464984 -1.048784 -0.160000
v 3.455883 -1.049016 -0.160000
v 3.443942 -1.048642 -0.160000
v 3.432193 -1.047431 -0.160000
v 3.420658 -1.045245 -0.160000
v 3.409348 -1.041919 -0.160000
v 3.398370 -1.037283 -0.160000
v 3.387935 -1.031224 -0.160000
v 3.378339 -1.023746 -0.160000
v 3.369876 -1.015004 -0.160000
v 3.362743 -1.005273 -0.160000
v 3.356985 -0.994854 -0.160000
v 3.352515 -0.983979 -0.160000
v 3.366154 -1.029733 -0.160000
v 3.401597 -1.002882 -0.160000
v 3.390110 -1.010745 -0.160000
v 3.378432 -1.017907 -0.160000
v 3.366571 -1.024358 -0.160000
v 3.354538 -1.030085 -0.160000
v 3.342345 -1.035077 -0.160000
v 3.330010 -1.039320 -0.160000
v 3.317553 -1.042805 -0.160000
v 3.304997 -1.045523 -0.160000
v 3.292367 -1.047466 -0.160000
v 3.279693 -1.048631 -0.160000
v 3.266293 -1.049040 -0.160000
v 3.245638 -1.047678 -0.160000
v 3.225258 -1.043526 -0.160000
v 3.206108 -1.036792 -0.160000
v 3.188424 -1.027691 -0.160000
v 3.172406 -1.016469 -0.160000
v 3.158210 -1.003383 -0.160000
v 3.145955 -0.988687 -0.160000
v 3.135737 -0.972620 -0.160000
v 3.127639 -0.955404 -0.160000
v 3.121745 -0.937254 -0.160000
v 3.118141 -0.918376 -0.160000
v 3.116902 -0.898703 -0.160000
v 3.119020 -0.871514 -0.160000
v 3.125421 -0.846144 -0.160000
v 3.135768 -0.823273 -0.160000
v 3.149372 -0.803298 -0.160000
v 3.165356 -0.786292 -0.160000
v 3.182919 -0.771993 -0.160000
v 3.201460 -0.759963 -0.160000
v 3.220556 -0.749738 -0.160000
v 3.239879 -0.740900 -0.160000
v 3.259142 -0.733092 -0.160000
v 3.278055 -0.726015 -0.160000
v 3.296519 -0.719340 -0.160000
v 3.349000 -0.700739 -0.160000
v 3.349000 -0.705844 -0.160000
v 3.348556 -0.695324 -0.160000
v 3.347470 -0.687618 -0.160000
v 3.345967 -0.681916 -0.160000
v 3.344332 -0.678009 -0.160000
v 3.342752 -0.675462 -0.160000
v 3.341165 -0.673676 -0.160000
v 3.339183 -0.672105 -0.160000
v 3.336238 -0.670476 -0.160000
v 3.331834 -0.668833 -0.160000
v 3.325682 -0.667390 -0.160000
v 3.317699 -0.666392 -0.160000
v 3.308036 -0.666029 -0.160000
v 3.298881 -0.666389 -0.160000
v 3.289740 -0.667474 -0.160000
v 3.280569 -0.669307 -0.160000
v 3.271359 -0.671914 -0.160000
v 3.262102 -0.675333 -0.160000
v 3.252794 -0.679605 -0.160000
v 3.243440 -0.684776 -0.160000
v 3.234050 -0.690895 -0.160000
v 3.224642 -0.698011 -0.160000
v 3.215241 -0.706172 -0.160000
v 3.205878 -0.715422 -0.160000
v 3.126000 -0.804675 -0.160000
v 3.126000 -0.587380 -0.160000
v 3.146686 -0.564932 -0.160000
v 3.158638 -0.553838 -0.160000
v 3.171399 -0.543768 -0.160000
v 3.184928 -0.534766 -0.160000
v 3.199173 -0.526865 -0.160000
v 3.214080 -0.520081 -0.160000
v 3.229592 -0.514414 -0.160000
v 3.245662 -0.509847 -0.160000
v 3.262254 -0.506355 -0.160000
v 3.279343 -0.503905 -0.160000
v 3.296918 -0.502460 -0.160000
v 3.315339 -0.501977 -0.160000
v 3.340900 -0.503081 -0.160000
v 3.366116 -0.506525 -0.160000
v 3.390512 -0.512448 -0.160000
v 3.413870 -0.521029 -0.160000
v 3.435897 -0.532449 -0.160000
v 3.456207 -0.546854 -0.160000
v 3.474328 -0.564294 -0.160000
v 3.489761 -0.584669 -0.160000
v 3.502068 -0.607729 -0.160000
v 3.510958 -0.633146 -0.160000
v 3.516299 -0.660617 -0.160000
v 3.518000 -0.688794 -0.160000
v 3.518000 -0.920380 -0.160000
v 3.518061 -0.922341 -0.160000
v 3.518100 -0.922720 -0.160000
v 3.517960 -0.921999 -0.160000
v 3.517391 -0.920162 -0.160000
v 3.516088 -0.917336 -0.160000
v 3.513794 -0.913879 -0.160000
v 3.510481 -0.910381 -0.160000
v 3.506498 -0.907464 -0.160000
v 3.502475 -0.905488 -0.160000
v 3.499031 -0.904432 -0.160000
v 3.496540 -0.904028 -0.160000
v 3.494440 -0.903926 -0.160000
v 3.492012 -0.904112 -0.160000
v 3.490737 -0.904364 -0.160000
v 3.490860 -0.904328 -0.160000
v 3.491982 -0.903918 -0.160000
v 3.493848 -0.903118 -0.160000
v 3.496288 -0.901939 -0.160000
v 3.499185 -0.900401 -0.160000
v 3.502449 -0.898522 -0.160000
v 3.506015 -0.896324 -0.160000
v 3.509826 -0.893824 -0.160000
v 3.513834 -0.891043 -0.160000
v 3.582000 -0.841191 -0.160000
v 3.582000 -0.995689 -0.160000
v 3.383648 -0.822203 -0.160000
v 3.366237 -0.828544 -0.160000
v 3.350002 -0.834907 -0.160000
v 3.335196 -0.841319 -0.160000
v 3.322088 -0.847769 -0.160000
v 3.310953 -0.854180 -0.160000
v 3.302041 -0.860390 -0.160000
v 3.295503 -0.866137 -0.160000
v 3.291260 -0.871118 -0.160000
v 3.288874 -0.875210 -0.160000
v 3.287663 -0.878835 -0.160000
v 3.287129 -0.883883 -0.160000
v 3.287322 -0.887027 -0.160000
v 3.287974 -0.890450 -0.160000
v 3.288928 -0.893336 -0.160000
v 3.290121 -0.895780 -0.160000
v 3.291528 -0.897880 -0.160000
v 3.293163 -0.899715 -0.160000
v 3.295070 -0.901341 -0.160000
v 3.297313 -0.902779 -0.160000
v 3.299963 -0.904017 -0.160000
v 3.303092 -0.905010 -0.160000
v 3.306761 -0.905680 -0.160000
v 3.311350 -0.905951 -0.160000
v 3.314656 -0.905814 -0.160000
v 3.318308 -0.905360 -0.160000
v 3.322022 -0.904592 -0.160000
v 3.325841 -0.903491 -0.160000
v 3.329797 -0.902029 -0.160000
v 3.333903 -0.900180 -0.160000
v 3.338162 -0.897922 -0.160000
v 3.342567 -0.895237 -0.160000
v 3.347105 -0.892114 -0.160000
v 3.351758 -0.888548 -0.160000
v 3.356507 -0.884542 -0.160000
v 3.349000 -0.891450 -0.160000
v 3.349000 -0.834237 -0.160000
v 3.518000 -0.887996 -0.160000
v 3.348788 -0.700814 -0.160000
v 3.364803 -1.025200 -0.160000
v 3.374668 -1.019954 -0.160000
v 3.376527 -1.021874 -0.160000
v 3.349000 -0.890662 -0.160000
v 3.349000 -0.835341 -0.160000
v 2.648000 -1.270000 -0.160000
v 2.648000 -0.511000 -0.160000
v 2.842841 -0.511000 -0.160000
v 2.884984 -0.512774 -0.160000
v 2.925232 -0.518271 -0.160000
v 2.962742 -0.527583 -0.160000
v 2.997375 -0.540860 -0.160000
v 3.028877 -0.558225 -0.160000
v 3.056873 -0.579701 -0.160000
v 3.080931 -0.605138 -0.160000
v 3.100685 -0.634203 -0.160000
v 3.115932 -0.666462 -0.160000
v 3.126660 -0.701509 -0.160000
v 3.132981 -0.739052 -0.160000
v 3.135061 -0.779146 -0.160000
v 3.132838 -0.816703 -0.160000
v 3.126225 -0.852663 -0.160000
v 3.115372 -0.886591 -0.160000
v 3.100456 -0.918162 -0.160000
v 3.081686 -0.947039 -0.160000
v 3.059314 -0.972889 -0.160000
v 3.033626 -0.995398 -0.160000
v 3.004943 -1.014277 -0.160000
v 2.973601 -1.029277 -0.160000
v 2.939944 -1.040186 -0.160000
v 2.904310 -1.046831 -0.160000
v 2.867851 -1.049021 -0.160000
v 2.858368 -1.048855 -0.160000
v 2.849751 -1.048394 -0.160000
v 2.841132 -1.047613 -0.160000
v 2.832505 -1.046506 -0.160000
v 2.823865 -1.045070 -0.160000
v 2.815204 -1.043305 -0.160000
v 2.806508 -1.041214 -0.160000
v 2.797761 -1.038801 -0.160000
v 2.788942 -1.036070 -0.160000
v 2.780027 -1.033024 -0.160000
v 2.770984 -1.029665 -0.160000
v 2.817000 -1.048020 -0.160000
v 2.817000 -1.270000 -0.160000
v 2.799874 -0.875494 -0.160000
v 2.805439 -0.877822 -0.160000
v 2.811038 -0.879935 -0.160000
v 2.816659 -0.881831 -0.160000
v 2.822290 -0.883508 -0.160000
v 2.827920 -0.884963 -0.160000
v 2.833535 -0.886195 -0.160000
v 2.839125 -0.887203 -0.160000
v 2.844677 -0.887987 -0.160000
v 2.850180 -0.888546 -0.160000
v 2.855623 -0.888880 -0.160000
v 2.860121 -0.888973 -0.160000
v 2.876012 -0.887946 -0.160000
v 2.889894 -0.885168 -0.160000
v 2.902664 -0.880745 -0.160000
v 2.914349 -0.874795 -0.160000
v 2.924960 -0.867395 -0.160000
v 2.934482 -0.858593 -0.160000
v 2.942865 -0.848420 -0.160000
v 2.950029 -0.836901 -0.160000
v 2.955861 -0.824062 -0.160000
v 2.960228 -0.809933 -0.160000
v 2.962976 -0.794558 -0.160000
v 2.963948 -0.777754 -0.160000
v 2.963113 -0.759406 -0.160000
v 2.960685 -0.742935 -0.160000
v 2.956864 -0.728662 -0.160000
v 2.951838 -0.716500 -0.160000
v 2.945745 -0.706241 -0.160000
v 2.938582 -0.697575 -0.160000
v 2.930166 -0.690187 -0.160000
v 2.920158 -0.683875 -0.160000
v 2.908180 -0.678623 -0.160000
v 2.893921 -0.674577 -0.160000
v 2.877196 -0.671968 -0.160000
v 2.857040 -0.671000 -0.160000
v 2.817000 -0.671000 -0.160000
v 2.817000 -0.883374 -0.160000
v 2.817000 -0.881933 -0.160000
v 2.531729 -0.485624 -0.160000
v 2.519266 -0.475713 -0.160000
v 2.507102 -0.467201 -0.160000
v 2.495255 -0.459980 -0.160000
v 2.483734 -0.453946 -0.160000
v 2.472540 -0.448996 -0.160000
v 2.461671 -0.445030 -0.160000
v 2.451120 -0.441959 -0.160000
v 2.440880 -0.439696 -0.160000
v 2.430944 -0.438164 -0.160000
v 2.421309 -0.437293 -0.160000
v 2.412289 -0.437026 -0.160000
v 2.400245 -0.437557 -0.160000
v 2.389500 -0.439030 -0.160000
v 2.379875 -0.441326 -0.160000
v 2.371448 -0.444300 -0.160000
v 2.364276 -0.447786 -0.160000
v 2.358371 -0.451614 -0.160000
v 2.353690 -0.455623 -0.160000
v 2.350124 -0.459698 -0.160000
v 2.347511 -0.463815 -0.160000
v 2.345683 -0.468078 -0.160000
v 2.344542 -0.472716 -0.160000
v 2.344302 -0.475757 -0.160000
v 2.347690 -0.493372 -0.160000
v 2.357069 -0.508489 -0.160000
v 2.375261 -0.525573 -0.160000
v 2.401963 -0.543931 -0.160000
v 2.434989 -0.563313 -0.160000
v 2.471927 -0.584351 -0.160000
v 2.510521 -0.608225 -0.160000
v 2.548583 -0.636495 -0.160000
v 2.583694 -0.670985 -0.160000
v 2.612815 -0.713399 -0.160000
v 2.632349 -0.764509 -0.160000
v 2.639148 -0.822947 -0.160000
v 2.637097 -0.855255 -0.160000
v 2.631229 -0.885176 -0.160000
v 2.621635 -0.913461 -0.160000
v 2.608511 -0.939799 -0.160000
v 2.592088 -0.963886 -0.160000
v 2.572623 -0.985442 -0.160000
v 2.550394 -1.004210 -0.160000
v 2.525690 -1.019959 -0.160000
v 2.498808 -1.032487 -0.160000
v 2.470041 -1.041615 -0.160000
v 2.439681 -1.047188 -0.160000
v 2.408729 -1.049027 -0.160000
v 2.387900 -1.048549 -0.160000
v 2.368241 -1.047145 -0.160000
v 2.348986 -1.044770 -0.160000
v 2.330123 -1.041402 -0.160000
v 2.311649 -1.037022 -0.160000
v 2.293561 -1.031618 -0.160000
v 2.275859 -1.025187 -0.160000
v 2.258543 -1.017733 -0.160000
v 2.241607 -1.009267 -0.160000
v 2.225039 -0.999804 -0.160000
v 2.208819 -0.989360 -0.160000
v 2.177000 -0.966532 -0.160000
v 2.177000 -0.711110 -0.160000
v 2.259779 -0.810923 -0.160000
v 2.271351 -0.823268 -0.160000
v 2.283194 -0.834386 -0.160000
v 2.295266 -0.844281 -0.160000
v 2.307526 -0.852961 -0.160000
v 2.319941 -0.860439 -0.160000
v 2.332486 -0.866732 -0.160000
v 2.345145 -0.871858 -0.160000
v 2.357914 -0.875836 -0.160000
v 2.370800 -0.878677 -0.160000
v 2.383821 -0.880388 -0.160000
v 2.396806 -0.880954 -0.160000
v 2.410759 -0.880211 -0.160000
v 2.422610 -0.878220 -0.160000
v 2.432673 -0.875253 -0.160000
v 2.441124 -0.871552 -0.160000
v 2.448145 -0.867317 -0.160000
v 2.453907 -0.862702 -0.160000
v 2.458547 -0.857839 -0.160000
v 2.462168 -0.852854 -0.160000
v 2.464840 -0.847891 -0.160000
v 2.466626 -0.843126 -0.160000
v 2.467600 -0.838769 -0.160000
v 2.467734 -0.837005 -0.160000
v 2.463987 -0.815824 -0.160000
v 2.453707 -0.797479 -0.160000
v 2.435066 -0.777882 -0.160000
v 2.408443 -0.757418 -0.160000
v 2.375799 -0.736345 -0.160000
v 2.339410 -0.714240 -0.160000
v 2.301456 -0.690190 -0.160000
v 2.264021 -0.662903 -0.160000
v 2.229290 -0.630728 -0.160000
v 2.200012 -0.591849 -0.160000
v 2.179889 -0.545124 -0.160000
v 2.172833 -0.492416 -0.160000
v 2.174930 -0.458949 -0.160000
v 2.180959 -0.428455 -0.160000
v 2.190967 -0.399784 -0.160000
v 2.204833 -0.373290 -0.160000
v 2.222341 -0.349331 -0.160000
v 2.243188 -0.328219 -0.160000
v 2.267020 -0.310183 -0.160000
v 2.293482 -0.295359 -0.160000
v 2.322253 -0.283811 -0.160000
v 2.353063 -0.275560 -0.160000
v 2.385694 -0.270606 -0.160000
v 2.419550 -0.268975 -0.160000
v 2.435048 -0.269373 -0.160000
v 2.450072 -0.270530 -0.160000
v 2.465049 -0.272457 -0.160000
v 2.479957 -0.275150 -0.160000
v 2.494773 -0.278607 -0.160000
v 2.509475 -0.282822 -0.160000
v 2.524043 -0.287790 -0.160000
v 2.538455 -0.293505 -0.160000
v 2.552695 -0.299962 -0.160000
v 2.566741 -0.307152 -0.160000
v 2.580579 -0.315070 -0.160000
v 2.612000 -0.335010 -0.160000
v 2.612000 -0.557550 -0.160000
v 1.528514 -0.570000 -0.160000
v 1.526292 -0.572612 -0.160000
v 1.537744 -0.560964 -0.160000
v 1.549896 -0.550263 -0.160000
v 1.562686 -0.540540 -0.160000
v 1.576055 -0.531825 -0.160000
v 1.589948 -0.524150 -0.160000
v 1.604306 -0.517547 -0.160000
v 1.619073 -0.512053 -0.160000
v 1.634191 -0.507706 -0.160000
v 1.649597 -0.504547 -0.160000
v 1.665228 -0.502618 -0.160000
v 1.681337 -0.501952 -0.160000
v 1.707306 -0.503464 -0.160000
v 1.732800 -0.508167 -0.160000
v 1.757244 -0.516190 -0.160000
v 1.780268 -0.527626 -0.160000
v 1.801444 -0.542466 -0.160000
v 1.820351 -0.560579 -0.160000
v 1.836637 -0.581728 -0.160000
v 1.850077 -0.605635 -0.160000
v 1.860557 -0.632052 -0.160000
v 1.868045 -0.660798 -0.160000
v 1.872540 -0.691777 -0.160000
v 1.874000 -0.724097 -0.160000
v 1.874000 -1.040000 -0.160000
v 1.705000 -1.040000 -0.160000
v 1.705000 -0.722874 -0.160000
v 1.704420 -0.709608 -0.160000
v 1.702887 -0.698505 -0.160000
v 1.700515 -0.688781 -0.160000
v 1.697468 -0.680464 -0.160000
v 1.693916 -0.673529 -0.160000
v 1.690005 -0.667888 -0.160000
v 1.685823 -0.663388 -0.160000
v 1.681357 -0.659838 -0.160000
v 1.676475 -0.657064 -0.160000
v 1.670949 -0.654975 -0.160000
v 1.664517 -0.653600 -0.160000
v 1.656443 -0.653054 -0.160000
v 1.650694 -0.653282 -0.160000
v 1.644854 -0.654015 -0.160000
v 1.639313 -0.655227 -0.160000
v 1.633830 -0.656971 -0.160000
v 1.628180 -0.659355 -0.160000
v 1.622184 -0.662518 -0.160000
v 1.615721 -0.666608 -0.160000
v 1.608719 -0.671759 -0.160000
v 1.601144 -0.678075 -0.160000
v 1.592976 -0.685634 -0.160000
v 1.584203 -0.694489 -0.160000
v 1.585000 -0.693625 -0.160000
v 1.585000 -1.040000 -0.160000
v 1.416000 -1.040000 -0.160000
v 1.416000 -0.278000 -0.160000
v 1.585000 -0.278000 -0.160000
v 1.585000 -0.570000 -0.160000
v 1.585000 -0.693685 -0.160000
v 1.585000 -0.526883 -0.160000
v 1.528860 -0.570000 -0.160000
v 1.300875 -0.693383 -0.160000
v 1.290007 -0.687109 -0.160000
v 1.279399 -0.681547 -0.160000
v 1.269096 -0.676681 -0.160000
v 1.259144 -0.672490 -0.160000
v 1.249594 -0.668954 -0.160000
v 1.240497 -0.666051 -0.160000
v 1.231912 -0.663758 -0.160000
v 1.223900 -0.662046 -0.160000
v 1.216531 -0.660882 -0.160000
v 1.209880 -0.660227 -0.160000
v 1.204108 -0.660028 -0.160000
v 1.198570 -0.660249 -0.160000
v 1.193938 -0.660830 -0.160000
v 1.190171 -0.661660 -0.160000
v 1.187299 -0.662604 -0.160000
v 1.185325 -0.663505 -0.160000
v 1.184200 -0.664195 -0.160000
v 1.183810 -0.664513 -0.160000
v 1.183959 -0.664350 -0.160000
v 1.184384 -0.663705 -0.160000
v 1.184817 -0.662728 -0.160000
v 1.185073 -0.661716 -0.160000
v 1.185201 -0.660127 -0.160000
v 1.184762 -0.656608 -0.160000
v 1.183869 -0.654173 -0.160000
v 1.183887 -0.654204 -0.160000
v 1.185633 -0.656383 -0.160000
v 1.189422 -0.660225 -0.160000
v 1.195316 -0.665363 -0.160000
v 1.203298 -0.671572 -0.160000
v 1.213344 -0.678736 -0.160000
v 1.225440 -0.686803 -0.160000
v 1.239591 -0.695763 -0.160000
v 1.255815 -0.705632 -0.160000
v 1.275409 -0.717188 -0.160000
v 1.294448 -0.730104 -0.160000
v 1.311135 -0.742114 -0.160000
v 1.326286 -0.753882 -0.160000
v 1.339997 -0.765615 -0.160000
v 1.352340 -0.777538 -0.160000
v 1.363337 -0.789888 -0.160000
v 1.372931 -0.802873 -0.160000
v 1.380979 -0.816619 -0.160000
v 1.387292 -0.831106 -0.160000
v 1.391722 -0.846153 -0.160000
v 1.394258 -0.861494 -0.160000
v 1.395069 -0.877318 -0.160000
v 1.393434 -0.901657 -0.160000
v 1.388501 -0.925220 -0.160000
v 1.380405 -0.947404 -0.160000
v 1.369333 -0.967896 -0.160000
v 1.355542 -0.986419 -0.160000
v 1.339329 -1.002754 -0.160000
v 1.321001 -1.016744 -0.160000
v 1.300854 -1.028289 -0.160000
v 1.279156 -1.037329 -0.160000
v 1.256146 -1.043824 -0.160000
v 1.232036 -1.047743 -0.160000
v 1.207702 -1.049018 -0.160000
v 1.192041 -1.048747 -0.160000
v 1.177358 -1.047941 -0.160000
v 1.162861 -1.046543 -0.160000
v 1.148500 -1.044516 -0.160000
v 1.134232 -1.041829 -0.160000
v 1.120016 -1.038462 -0.160000
v 1.105807 -1.034402 -0.160000
v 1.091554 -1.029644 -0.160000
v 1.077193 -1.024185 -0.160000
v 1.062647 -1.018020 -0.160000
v 1.047828 -1.011143 -0.160000
v 1.011000 -0.992710 -0.160000
v 1.011000 -0.797383 -0.160000
v 1.086944 -0.847861 -0.160000
v 1.099860 -0.855805 -0.160000
v 1.112409 -0.862904 -0.160000
v 1.124534 -0.869167 -0.160000
v 1.136177 -0.874602 -0.160000
v 1.147274 -0.879219 -0.160000
v 1.157758 -0.883031 -0.160000
v 1.167551 -0.886056 -0.160000
v 1.176569 -0.888317 -0.160000
v 1.184714 -0.889849 -0.160000
v 1.191877 -0.890704 -0.160000
v 1.197018 -0.890922 -0.160000
v 1.201703 -0.890493 -0.160000
v 1.207122 -0.889579 -0.160000
v 1.211888 -0.888367 -0.160000
v 1.215886 -0.886956 -0.160000
v 1.219023 -0.885477 -0.160000
v 1.221260 -0.884092 -0.160000
v 1.222641 -0.882970 -0.160000
v 1.223322 -0.882230 -0.160000
v 1.223566 -0.881862 -0.160000
v 1.223661 -0.881649 -0.160000
v 1.223780 -0.881175 -0.160000
v 1.223567 -0.883855 -0.160000
v 1.223521 -0.883687 -0.160000
v 1.220068 -0.879407 -0.160000
v 1.207907 -0.869706 -0.160000
v 1.188793 -0.857533 -0.160000
v 1.164996 -0.843776 -0.160000
v 1.138398 -0.828418 -0.160000
v 1.110594 -0.811051 -0.160000
v 1.083037 -0.790980 -0.160000
v 1.057216 -0.767200 -0.160000
v 1.035040 -0.738453 -0.160000
v 1.019359 -0.703829 -0.160000
v 1.013812 -0.665592 -0.160000
v 1.015457 -0.640271 -0.160000
v 1.020137 -0.617588 -0.160000
v 1.027975 -0.596210 -0.160000
v 1.038877 -0.576503 -0.160000
v 1.052618 -0.558826 -0.160000
v 1.068868 -0.543448 -0.160000
v 1.087262 -0.530518 -0.160000
v 1.107464 -0.520068 -0.160000
v 1.129205 -0.512058 -0.160000
v 1.152288 -0.506415 -0.160000
v 1.176575 -0.503068 -0.160000
v 1.201607 -0.501979 -0.160000
v 1.214422 -0.502284 -0.160000
v 1.226876 -0.503173 -0.160000
v 1.239355 -0.504652 -0.160000
v 1.251854 -0.506719 -0.160000
v 1.264371 -0.509369 -0.160000
v 1.276904 -0.512596 -0.160000
v 1.289457 -0.516392 -0.160000
v 1.302035 -0.520749 -0.160000
v 1.314645 -0.525662 -0.160000
v 1.327298 -0.531124 -0.160000
v 1.340004 -0.537130 -0.160000
v 1.374000 -0.554552 -0.160000
v 1.374000 -0.739602 -0.160000
v 1.222801 -0.882795 -0.160000
v 1.190886 -0.661502 -0.160000
v 0.818000 -1.040659 -0.160000
v 0.876102 -0.981630 -0.160000
v 0.864212 -0.992322 -0.160000
v 0.851787 -1.002217 -0.160000
v 0.838893 -1.011289 -0.160000
v 0.825591 -1.019509 -0.160000
v 0.811934 -1.026839 -0.160000
v 0.797971 -1.033238 -0.160000
v 0.783745 -1.038656 -0.160000
v 0.769294 -1.043031 -0.160000
v 0.754653 -1.046289 -0.160000
v 0.739857 -1.048334 -0.160000
v 0.724746 -1.049058 -0.160000
v 0.697847 -1.047426 -0.160000
v 0.671720 -1.042431 -0.160000
v 0.646868 -1.034040 -0.160000
v 0.623640 -1.022263 -0.160000
v 0.602412 -1.007201 -0.160000
v 0.583538 -0.989052 -0.160000
v 0.567306 -0.968084 -0.160000
v 0.553905 -0.944591 -0.160000
v 0.543441 -0.918848 -0.160000
v 0.535953 -0.891075 -0.160000
v 0.531456 -0.861435 -0.160000
v 0.530000 -0.830955 -0.160000
v 0.530000 -0.511000 -0.160000
v 0.699000 -0.511000 -0.160000
v 0.699000 -0.835150 -0.160000
v 0.699529 -0.847594 -0.160000
v 0.700907 -0.857592 -0.160000
v 0.702994 -0.865916 -0.160000
v 0.705593 -0.872629 -0.160000
v 0.708539 -0.877916 -0.160000
v 0.711769 -0.882080 -0.160000
v 0.715403 -0.885475 -0.160000
v 0.719743 -0.888386 -0.160000
v 0.725182 -0.890921 -0.160000
v 0.732080 -0.893000 -0.160000
v 0.740673 -0.894422 -0.160000
v 0.751101 -0.894953 -0.160000
v 0.757288 -0.894670 -0.160000
v 0.763515 -0.893808 -0.160000
v 0.769716 -0.892366 -0.160000
v 0.775920 -0.890325 -0.160000
v 0.782144 -0.887658 -0.160000
v 0.788393 -0.884331 -0.160000
v 0.794660 -0.880310 -0.160000
v 0.800925 -0.875565 -0.160000
v 0.807161 -0.870069 -0.160000
v 0.813334 -0.863799 -0.160000
v 0.819406 -0.856739 -0.160000
v 0.818000 -0.858603 -0.160000
v 0.818000 -0.511000 -0.160000
v 0.987000 -0.511000 -0.160000
v 0.987000 -1.040000 -0.160000
v 0.818000 -1.040000 -0.160000
v 0.818000 -0.858374 -0.160000
v 0.818649 -1.040000 -0.160000
v 0.322790 -0.279956 -0.160000
v 0.359626 -0.285925 -0.160000
v 0.393503 -0.295775 -0.160000
v 0.424282 -0.309393 -0.160000
v 0.451754 -0.326592 -0.160000
v 0.475678 -0.347074 -0.160000
v 0.495849 -0.370429 -0.160000
v 0.512157 -0.396171 -0.160000
v 0.524609 -0.423806 -0.160000
v 0.533304 -0.452887 -0.160000
v 0.538396 -0.483039 -0.160000
v 0.540062 -0.514076 -0.160000
v 0.538285 -0.544978 -0.160000
v 0.532814 -0.575071 -0.160000
v 0.523467 -0.603995 -0.160000
v 0.510104 -0.631328 -0.160000
v 0.492677 -0.656588 -0.160000
v 0.471263 -0.679281 -0.160000
v 0.446051 -0.698977 -0.160000
v 0.417283 -0.715364 -0.160000
v 0.385185 -0.728251 -0.160000
v 0.349910 -0.737536 -0.160000
v 0.311531 -0.743153 -0.160000
v 0.270909 -0.745000 -0.160000
v 0.208000 -0.745000 -0.160000
v 0.208000 -1.040000 -0.160000
v 0.030000 -1.040000 -0.160000
v 0.030000 -0.278000 -0.160000
v 0.284008 -0.278000 -0.160000
v 0.278089 -0.577000 -0.160000
v 0.292908 -0.576324 -0.160000
v 0.305345 -0.574522 -0.160000
v 0.316225 -0.571713 -0.160000
v 0.325554 -0.568068 -0.160000
v 0.333411 -0.563740 -0.160000
v 0.339949 -0.558824 -0.160000
v 0.345371 -0.553311 -0.160000
v 0.349866 -0.547068 -0.160000
v 0.353543 -0.539859 -0.160000
v 0.356384 -0.531411 -0.160000
v 0.358253 -0.521491 -0.160000
v 0.358945 -0.509749 -0.160000
v 0.358552 -0.501280 -0.160000
v 0.357326 -0.492891 -0.160000
v 0.355298 -0.485103 -0.160000
v 0.352508 -0.478055 -0.160000
v 0.348983 -0.471785 -0.160000
v 0.344667 -0.466215 -0.160000
v 0.339355 -0.461206 -0.160000
v 0.332669 -0.456653 -0.160000
v 0.324119 -0.452590 -0.160000
v 0.313219 -0.449229 -0.160000
v 0.299581 -0.446917 -0.160000
v 0.281960 -0.446000 -0.160000
v 0.208000 -0.446000 -0.160000
v 0.208000 -0.577000 -0.160000
v 4.316361 0.340000 -0.160000
v 4.259563 0.398702 -0.160000
v 4.268069 0.389201 -0.160000
v 4.275856 0.379627 -0.160000
v 4.282920 0.369862 -0.160000
v 4.289231 0.359810 -0.160000
v 4.294731 0.349416 -0.160000
v 4.299353 0.338681 -0.160000
v 4.303047 0.327655 -0.160000
v 4.305802 0.316420 -0.160000
v 4.307658 0.305054 -0.160000
v 4.308694 0.293602 -0.160000
v 4.309026 0.281646 -0.160000
v 4.308459 0.269168 -0.160000
v 4.306831 0.256554 -0.160000
v 4.304316 0.244254 -0.160000
v 4.301033 0.232289 -0.160000
v 4.297081 0.220684 -0.160000
v 4.292540 0.209472 -0.160000
v 4.287474 0.198692 -0.160000
v 4.281933 0.188386 -0.160000
v 4.275951 0.178592 -0.160000
v 4.269537 0.169349 -0.160000
v 4.262665 0.160685 -0.160000
v 4.254942 0.152292 -0.160000
v 4.234339 0.134338 -0.160000
v 4.210572 0.120267 -0.160000
v 4.186503 0.110372 -0.160000
v 4.163033 0.103512 -0.160000
v 4.140844 0.098673 -0.160000
v 4.120620 0.095014 -0.160000
v 4.103203 0.091865 -0.160000
v 4.089755 0.088826 -0.160000
v 4.081909 0.086147 -0.160000
v 4.081109 0.085668 -0.160000
v 4.084638 0.090117 -0.160000
v 4.085674 0.095044 -0.160000
v 4.084453 0.102602 -0.160000
v 4.082063 0.107247 -0.160000
v 4.080805 0.108634 -0.160000
v 4.082346 0.107480 -0.160000
v 4.087018 0.104875 -0.160000
v 4.094619 0.101533 -0.160000
v 4.104874 0.097825 -0.160000
v 4.117558 0.093924 -0.160000
v 4.132504 0.089905 -0.160000
v 4.149593 0.085788 -0.160000
v 4.168736 0.081567 -0.160000
v 4.190626 0.077063 -0.160000
v 4.215482 0.071198 -0.160000
v 4.239003 0.063602 -0.160000
v 4.260446 0.054432 -0.160000
v 4.279831 0.043649 -0.160000
v 4.297114 0.031236 -0.160000
v 4.312185 0.017235 -0.160000
v 4.324899 0.001788 -0.160000
v 4.335133 -0.014853 -0.160000
v 4.342848 -0.032361 -0.160000
v 4.348117 -0.050393 -0.160000
v 4.351109 -0.068654 -0.160000
v 4.352078 -0.087487 -0.160000
v 4.350009 -0.114767 -0.160000
v 4.343606 -0.141229 -0.160000
v 4.332919 -0.165943 -0.160000
v 4.318197 -0.188377 -0.160000
v 4.299869 -0.208135 -0.160000
v 4.278420 -0.225036 -0.160000
v 4.254265 -0.239084 -0.160000
v 4.227698 -0.250377 -0.160000
v 4.198901 -0.259034 -0.160000
v 4.167983 -0.265157 -0.160000
v 4.135011 -0.268809 -0.160000
v 4.099903 -0.270027 -0.160000
v 4.067275 -0.268736 -0.160000
v 4.036032 -0.264899 -0.160000
v 4.006418 -0.258585 -0.160000
v 3.978591 -0.249836 -0.160000
v 3.952724 -0.238666 -0.160000
v 3.929022 -0.225058 -0.160000
v 3.907740 -0.208975 -0.160000
v 3.889227 -0.190378 -0.160000
v 3.873941 -0.169294 -0.160000
v 3.862437 -0.145903 -0.160000
v 3.855267 -0.120610 -0.160000
v 3.852916 -0.094906 -0.160000
v 3.853870 -0.074170 -0.160000
v 3.856739 -0.054995 -0.160000
v 3.861756 -0.036498 -0.160000
v 3.869066 -0.018882 -0.160000
v 3.878701 -0.002436 -0.160000
v 3.890546 0.012550 -0.160000
v 3.904374 0.025877 -0.160000
v 3.919927 0.037485 -0.160000
v 3.936997 0.047442 -0.160000
v 3.955462 0.055887 -0.160000
v 3.975282 0.062980 -0.160000
v 3.908990 0.044560 -0.160000
v 3.976332 0.001493 -0.160000
v 3.968120 0.007254 -0.160000
v 3.960417 0.013249 -0.160000
v 3.953213 0.019552 -0.160000
v 3.946520 0.026245 -0.160000
v 3.940374 0.033413 -0.160000
v 3.934848 0.041128 -0.160000
v 3.930055 0.049430 -0.160000
v 3.926141 0.058301 -0.160000
v 3.923254 0.067640 -0.160000
v 3.921506 0.077269 -0.160000
v 3.920905 0.087424 -0.160000
v 3.921961 0.100546 -0.160000
v 3.925139 0.113568 -0.160000
v 3.930169 0.125741 -0.160000
v 3.936759 0.136878 -0.160000
v 3.944629 0.146918 -0.160000
v 3.953555 0.155879 -0.160000
v 3.963375 0.163817 -0.160000
v 3.973975 0.170797 -0.160000
v 3.985279 0.176872 -0.160000
v 3.997232 0.182081 -0.160000
v 4.009792 0.186447 -0.160000
v 3.992001 0.181660 -0.160000
v 3.992001 0.127038 -0.160000
v 4.006938 0.120378 -0.160000
v 3.997799 0.124874 -0.160000
v 3.988957 0.129668 -0.160000
v 3.980417 0.134767 -0.160000
v 3.972189 0.140176 -0.160000
v 3.964283 0.145900 -0.160000
v 3.956711 0.151942 -0.160000
v 3.949486 0.158304 -0.160000
v 3.942622 0.164983 -0.160000
v 3.936134 0.171976 -0.160000
v 3.930038 0.179276 -0.160000
v 3.924229 0.187030 -0.160000
v 3.919087 0.194882 -0.160000
v 3.914466 0.202887 -0.160000
v 3.910295 0.211146 -0.160000
v 3.906581 0.219639 -0.160000
v 3.903326 0.228346 -0.160000
v 3.900528 0.237250 -0.160000
v 3.898185 0.246332 -0.160000
v 3.896288 0.255578 -0.160000
v 3.894830 0.264975 -0.160000
v 3.893802 0.274514 -0.160000
v 3.893193 0.284187 -0.160000
v 3.892973 0.294921 -0.160000
v 3.894823 0.322713 -0.160000
v 3.900611 0.350066 -0.160000
v 3.910285 0.375761 -0.160000
v 3.923724 0.399382 -0.160000
v 3.940662 0.420538 -0.160000
v 3.960731 0.438944 -0.160000
v 3.983536 0.454450 -0.160000
v 4.008727 0.467028 -0.160000
v 4.036034 0.476717 -0.160000
v 4.065260 0.483581 -0.160000
v 4.096271 0.487675 -0.160000
v 4.128170 0.489000 -0.160000
v 4.354001 0.489000 -0.160000
v 4.354001 0.340000 -0.160000
v 4.094948 0.331481 -0.160000
v 4.088272 0.330216 -0.160000
v 4.081992 0.328198 -0.160000
v 4.076167 0.325503 -0.160000
v 4.070873 0.322216 -0.160000
v 4.066186 0.318436 -0.160000
v 4.062175 0.314276 -0.160000
v 4.058890 0.309850 -0.160000
v 4.056352 0.305267 -0.160000
v 4.054556 0.300599 -0.160000
v 4.053480 0.295868 -0.160000
v 4.053094 0.290738 -0.160000
v 4.053501 0.284177 -0.160000
v 4.054656 0.278249 -0.160000
v 4.056403 0.273136 -0.160000
v 4.058666 0.268691 -0.160000
v 4.061442 0.264764 -0.160000
v 4.064797 0.261232 -0.160000
v 4.068841 0.258032 -0.160000
v 4.073701 0.255171 -0.160000
v 4.079489 0.252716 -0.160000
v 4.086285 0.250783 -0.160000
v 4.094130 0.249512 -0.160000
v 4.102858 0.249061 -0.160000
v 4.110418 0.249505 -0.160000
v 4.117077 0.250719 -0.160000
v 4.122992 0.252589 -0.160000
v 4.128206 0.255019 -0.160000
v 4.132774 0.257942 -0.160000
v 4.136751 0.261323 -0.160000
v 4.140182 0.265163 -0.160000
v 4.143095 0.269494 -0.160000
v 4.145484 0.274373 -0.160000
v 4.147311 0.279872 -0.160000
v 4.148496 0.286066 -0.160000
v 4.148905 0.292698 -0.160000
v 4.148537 0.297498 -0.160000
v 4.147515 0.301897 -0.160000
v 4.145793 0.306291 -0.160000
v 4.143336 0.310655 -0.160000
v 4.140134 0.314908 -0.160000
v 4.136214 0.318929 -0.160000
v 4.131634 0.322590 -0.160000
v 4.126482 0.325772 -0.160000
v 4.120854 0.328371 -0.160000
v 4.114851 0.330304 -0.160000
v 4.108555 0.331505 -0.160000
v 4.101985 0.331921 -0.160000
v 4.067609 -0.062478 -0.160000
v 4.057222 -0.063749 -0.160000
v 4.047958 -0.065723 -0.160000
v 4.039917 -0.068259 -0.160000
v 4.033179 -0.071188 -0.160000
v 4.027792 -0.074313 -0.160000
v 4.023737 -0.077419 -0.160000
v 4.020910 -0.080310 -0.160000
v 4.019094 -0.082868 -0.160000
v 4.018006 -0.085139 -0.160000
v 4.017388 -0.087385 -0.160000
v 4.017149 -0.090079 -0.160000
v 4.017462 -0.093780 -0.160000
v 4.018175 -0.096380 -0.160000
v 4.019192 -0.098418 -0.160000
v 4.020866 -0.100588 -0.160000
v 4.023806 -0.103235 -0.160000
v 4.028557 -0.106307 -0.160000
v 4.035437 -0.109530 -0.160000
v 4.044544 -0.112592 -0.160000
v 4.055850 -0.115234 -0.160000
v 4.069267 -0.117262 -0.160000
v 4.084694 -0.118544 -0.160000
v 4.101985 -0.118987 -0.160000
v 4.118616 -0.118548 -0.160000
v 4.133590 -0.117285 -0.160000
v 4.146786 -0.115288 -0.160000
v 4.158085 -0.112684 -0.160000
v 4.167373 -0.109647 -0.160000
v 4.174563 -0.106418 -0.160000
v 4.179655 -0.103310 -0.160000
v 4.182817 -0.100660 -0.160000
v 4.184464 -0.098701 -0.160000
v 4.185215 -0.097339 -0.160000
v 4.185622 -0.096017 -0.160000
v 4.185737 -0.094823 -0.160000
v 4.185307 -0.091692 -0.160000
v 4.184499 -0.089879 -0.160000
v 4.182205 -0.087021 -0.160000
v 4.177313 -0.083026 -0.160000
v 4.169556 -0.078548 -0.160000
v 4.159295 -0.074206 -0.160000
v 4.147123 -0.070374 -0.160000
v 4.133674 -0.067235 -0.160000
v 4.119557 -0.064852 -0.160000
v 4.105358 -0.063221 -0.160000
v 4.091648 -0.062298 -0.160000
v 4.079332 -0.062018 -0.160000
v 3.992001 0.128018 -0.160000
v 3.992001 0.179801 -0.160000
v 3.952941 0.155262 -0.160000
v 3.929669 0.050306 -0.160000
v 3.932663 0.044913 -0.160000
v 3.919993 0.037523 -0.160000
v 4.116460 0.094262 -0.160000
v 3.888811 -0.014041 -0.160000
v 3.879315 -0.020028 -0.160000
v 3.870313 -0.025442 -0.160000
v 3.861623 -0.030326 -0.160000
v 3.853069 -0.034705 -0.160000
v 3.844496 -0.038573 -0.160000
v 3.835799 -0.041892 -0.160000
v 3.826943 -0.044601 -0.160000
v 3.817968 -0.046649 -0.160000
v 3.808957 -0.048027 -0.160000
v 3.799984 -0.048784 -0.160000
v 3.790883 -0.049016 -0.160000
v 3.778942 -0.048642 -0.160000
v 3.767194 -0.047431 -0.160000
v 3.755658 -0.045245 -0.160000
v 3.744349 -0.041918 -0.160000
v 3.733370 -0.037283 -0.160000
v 3.722935 -0.031224 -0.160000
v 3.713339 -0.023746 -0.160000
v 3.704876 -0.015004 -0.160000
v 3.697743 -0.005273 -0.160000
v 3.691985 0.005146 -0.160000
v 3.687515 0.016021 -0.160000
v 3.701154 -0.029733 -0.160000
v 3.736598 -0.002882 -0.160000
v 3.725110 -0.010745 -0.160000
v 3.713432 -0.017907 -0.160000
v 3.701571 -0.024358 -0.160000
v 3.689538 -0.030085 -0.160000
v 3.677346 -0.035077 -0.160000
v 3.665010 -0.039320 -0.160000
v 3.652553 -0.042805 -0.160000
v 3.639997 -0.045523 -0.160000
v 3.627368 -0.047466 -0.160000
v 3.614693 -0.048631 -0.160000
v 3.601294 -0.049040 -0.160000
v 3.580638 -0.047679 -0.160000
v 3.560258 -0.043526 -0.160000
v 3.541108 -0.036792 -0.160000
v 3.523424 -0.027691 -0.160000
v 3.507406 -0.016468 -0.160000
v 3.493210 -0.003383 -0.160000
v 3.480956 0.011313 -0.160000
v 3.470737 0.027380 -0.160000
v 3.462640 0.044596 -0.160000
v 3.456746 0.062746 -0.160000
v 3.453142 0.081624 -0.160000
v 3.451902 0.101297 -0.160000
v 3.454020 0.128486 -0.160000
v 3.460421 0.153856 -0.160000
v 3.470768 0.176727 -0.160000
v 3.484372 0.196702 -0.160000
v 3.500356 0.213708 -0.160000
v 3.517919 0.228007 -0.160000
v 3.536461 0.240037 -0.160000
v 3.555556 0.250262 -0.160000
v 3.574880 0.259100 -0.160000
v 3.594142 0.266908 -0.160000
v 3.613056 0.273985 -0.160000
v 3.631519 0.280660 -0.160000
v 3.684000 0.299261 -0.160000
v 3.684000 0.294156 -0.160000
v 3.683556 0.304676 -0.160000
v 3.682471 0.312382 -0.160000
v 3.680968 0.318084 -0.160000
v 3.679332 0.321991 -0.160000
v 3.677753 0.324538 -0.160000
v 3.676166 0.326324 -0.160000
v 3.674183 0.327895 -0.160000
v 3.671239 0.329524 -0.160000
v 3.666834 0.331167 -0.160000
v 3.660682 0.332610 -0.160000
v 3.652699 0.333608 -0.160000
v 3.643037 0.333971 -0.160000
v 3.633882 0.333611 -0.160000
v 3.624740 0.332526 -0.160000
v 3.615569 0.330693 -0.160000
v 3.606359 0.328086 -0.160000
v 3.597102 0.324667 -0.160000
v 3.587794 0.320395 -0.160000
v 3.578440 0.315224 -0.160000
v 3.569050 0.309105 -0.160000
v 3.559642 0.301989 -0.160000
v 3.550241 0.293828 -0.160000
v 3.540878 0.284578 -0.160000
v 3.461000 0.195325 -0.160000
v 3.461000 0.412620 -0.160000
v 3.481687 0.435068 -0.160000
v 3.493639 0.446162 -0.160000
v 3.506399 0.456232 -0.160000
v 3.519928 0.465234 -0.160000
v 3.534174 0.473135 -0.160000
v 3.549080 0.479919 -0.160000
v 3.564592 0.485586 -0.160000
v 3.580662 0.490153 -0.160000
v 3.597254 0.493645 -0.160000
v 3.614343 0.496095 -0.160000
v 3.631919 0.497540 -0.160000
v 3.650340 0.498023 -0.160000
v 3.675901 0.496919 -0.160000
v 3.701116 0.493475 -0.160000
v 3.725513 0.487552 -0.160000
v 3.748870 0.478971 -0.160000
v 3.770897 0.467551 -0.160000
v 3.791207 0.453146 -0.160000
v 3.809328 0.435706 -0.160000
v 3.824761 0.415331 -0.160000
v 3.837068 0.392271 -0.160000
v 3.845958 0.366854 -0.160000
v 3.851299 0.339383 -0.160000
v 3.853000 0.311206 -0.160000
v 3.853000 0.079618 -0.160000
v 3.853061 0.077658 -0.160000
v 3.853100 0.077280 -0.160000
v 3.852960 0.078001 -0.160000
v 3.852390 0.079839 -0.160000
v 3.851087 0.082665 -0.160000
v 3.848793 0.086122 -0.160000
v 3.845480 0.089620 -0.160000
v 3.841498 0.092536 -0.160000
v 3.837476 0.094512 -0.160000
v 3.834032 0.095568 -0.160000
v 3.831541 0.095972 -0.160000
v 3.829442 0.096074 -0.160000
v 3.827013 0.095888 -0.160000
v 3.825736 0.095636 -0.160000
v 3.825859 0.095672 -0.160000
v 3.826982 0.096082 -0.160000
v 3.828848 0.096882 -0.160000
v 3.831288 0.098060 -0.160000
v 3.834184 0.099599 -0.160000
v 3.837450 0.101478 -0.160000
v 3.841016 0.103677 -0.160000
v 3.844826 0.106176 -0.160000
v 3.848835 0.108957 -0.160000
v 3.917000 0.158809 -0.160000
v 3.917000 0.004311 -0.160000
v 3.718648 0.177797 -0.160000
v 3.701237 0.171456 -0.160000
v 3.685002 0.165093 -0.160000
v 3.670196 0.158681 -0.160000
v 3.657088 0.152231 -0.160000
v 3.645953 0.145821 -0.160000
v 3.637041 0.139610 -0.160000
v 3.630503 0.133863 -0.160000
v 3.626260 0.128882 -0.160000
v 3.623874 0.124790 -0.160000
v 3.622663 0.121165 -0.160000
v 3.622130 0.116117 -0.160000
v 3.622323 0.112974 -0.160000
v 3.622975 0.109549 -0.160000
v 3.623929 0.106664 -0.160000
v 3.625121 0.104220 -0.160000
v 3.626528 0.102120 -0.160000
v 3.628164 0.100285 -0.160000
v 3.630071 0.098659 -0.160000
v 3.632313 0.097221 -0.160000
v 3.634964 0.095983 -0.160000
v 3.638093 0.094990 -0.160000
v 3.641761 0.094320 -0.160000
v 3.646350 0.094049 -0.160000
v 3.649656 0.094186 -0.160000
v 3.653309 0.094640 -0.160000
v 3.657022 0.095408 -0.160000
v 3.660842 0.096509 -0.160000
v 3.664797 0.097971 -0.160000
v 3.668903 0.099819 -0.160000
v 3.673162 0.102078 -0.160000
v 3.677568 0.104763 -0.160000
v 3.682106 0.107886 -0.160000
v 3.686759 0.111452 -0.160000
v 3.691507 0.115458 -0.160000
v 3.684000 0.108550 -0.160000
v 3.684000 0.165763 -0.160000
v 3.853000 0.112003 -0.160000
v 3.683788 0.299186 -0.160000
v 3.699803 -0.025200 -0.160000
v 3.709669 -0.019954 -0.160000
v 3.711528 -0.021874 -0.160000
v 3.684000 0.109338 -0.160000
v 3.684000 0.164659 -0.160000
v 3.272000 -0.040000 -0.160000
v 3.272000 0.722000 -0.160000
v 3.441000 0.722000 -0.160000
v 3.441000 -0.040000 -0.160000
v 2.992000 0.554000 -0.160000
v 2.992000 0.445000 -0.160000
v 3.258000 0.445000 -0.160000
v 3.258000 0.277000 -0.160000
v 2.992000 0.277000 -0.160000
v 2.992000 -0.040000 -0.160000
v 2.814000 -0.040000 -0.160000
v 2.814000 0.722000 -0.160000
v 3.258000 0.722000 -0.160000
v 3.258000 0.554000 -0.160000
v 2.824000 -0.165000 -0.160000
v 2.232000 -0.165000 -0.160000
v 2.232000 -0.035000 -0.160000
v 2.824000 -0.035000 -0.160000
v 1.925364 0.727522 -0.160000
v 1.981190 0.717116 -0.160000
v 2.033148 0.700255 -0.160000
v 2.080878 0.677383 -0.160000
v 2.124022 0.648983 -0.160000
v 2.162245 0.615579 -0.160000
v 2.195238 0.577716 -0.160000
v 2.222728 0.535953 -0.160000
v 2.244469 0.490848 -0.160000
v 2.260240 0.442957 -0.160000
v 2.269840 0.392829 -0.160000
v 2.273078 0.340998 -0.160000
v 2.269915 0.290446 -0.160000
v 2.260523 0.241189 -0.160000
v 2.245049 0.193812 -0.160000
v 2.223645 0.148901 -0.160000
v 2.196472 0.107055 -0.160000
v 2.163710 0.068889 -0.160000
v 2.125569 0.035025 -0.160000
v 2.082299 0.006083 -0.160000
v 2.034187 -0.017335 -0.160000
v 1.981552 -0.034668 -0.160000
v 1.924725 -0.045402 -0.160000
v 1.863967 -0.049075 -0.160000
v 1.804942 -0.045410 -0.160000
v 1.749420 -0.034693 -0.160000
v 1.697786 -0.017401 -0.160000
v 1.650405 0.005948 -0.160000
v 1.607625 0.034793 -0.160000
v 1.569762 0.068546 -0.160000
v 1.537096 0.106609 -0.160000
v 1.509878 0.148386 -0.160000
v 1.488336 0.193289 -0.160000
v 1.472687 0.240742 -0.160000
v 1.463145 0.290172 -0.160000
v 1.459919 0.341010 -0.160000
v 1.463227 0.392722 -0.160000
v 1.473005 0.442775 -0.160000
v 1.489009 0.490602 -0.160000
v 1.510986 0.535653 -0.160000
v 1.538671 0.577379 -0.160000
v 1.571784 0.615229 -0.160000
v 1.610025 0.648653 -0.160000
v 1.653068 0.677107 -0.160000
v 1.700564 0.700061 -0.160000
v 1.752139 0.717013 -0.160000
v 1.807407 0.727494 -0.160000
v 1.865974 0.731073 -0.160000
v 1.898460 0.123045 -0.160000
v 1.928953 0.128758 -0.160000
v 1.957328 0.137932 -0.160000
v 1.983444 0.150311 -0.160000
v 2.007160 0.165661 -0.160000
v 2.028328 0.183771 -0.160000
v 2.046792 0.204450 -0.160000
v 2.062382 0.227527 -0.160000
v 2.074912 0.252851 -0.160000
v 2.084175 0.280288 -0.160000
v 2.089933 0.309714 -0.160000
v 2.091920 0.341007 -0.160000
v 2.089931 0.372519 -0.160000
v 2.084168 0.402087 -0.160000
v 2.074904 0.429589 -0.160000
v 2.062382 0.454916 -0.160000
v 2.046808 0.477953 -0.160000
v 2.028366 0.498566 -0.160000
v 2.007219 0.516598 -0.160000
v 1.983518 0.531871 -0.160000
v 1.957405 0.544179 -0.160000
v 1.929018 0.553296 -0.160000
v 1.898498 0.558970 -0.160000
v 1.866008 0.560927 -0.160000
v 1.833759 0.558973 -0.160000
v 1.803449 0.553307 -0.160000
v 1.775229 0.544201 -0.160000
v 1.749241 0.531901 -0.160000
v 1.725631 0.516635 -0.160000
v 1.704547 0.498603 -0.160000
v 1.686145 0.477986 -0.160000
v 1.670596 0.454942 -0.160000
v 1.658086 0.429605 -0.160000
v 1.648830 0.402096 -0.160000
v 1.643069 0.372521 -0.160000
v 1.641080 0.341007 -0.160000
v 1.643066 0.309711 -0.160000
v 1.648822 0.280280 -0.160000
v 1.658078 0.252835 -0.160000
v 1.670595 0.227502 -0.160000
v 1.686161 0.204417 -0.160000
v 1.704584 0.183734 -0.160000
v 1.725690 0.165625 -0.160000
v 1.749315 0.150280 -0.160000
v 1.775305 0.137910 -0.160000
v 1.803514 0.128747 -0.160000
v 1.833797 0.123043 -0.160000
v 1.866008 0.121074 -0.160000
v 1.200000 0.554000 -0.160000
v 1.200000 0.445000 -0.160000
v 1.466000 0.445000 -0.160000
v 1.466000 0.277000 -0.160000
v 1.200000 0.277000 -0.160000
v 1.200000 -0.040000 -0.160000
v 1.022000 -0.040000 -0.160000
v 1.022000 0.722000 -0.160000
v 1.466000 0.722000 -0.160000
v 1.466000 0.554000 -0.160000
v 0.963747 0.223173 -0.160000
v 0.956713 0.180519 -0.160000
v 0.944769 0.140253 -0.160000
v 0.927762 0.102747 -0.160000
v 0.905622 0.068470 -0.160000
v 0.878416 0.037938 -0.160000
v 0.846364 0.011622 -0.160000
v 0.809778 -0.010130 -0.160000
v 0.768969 -0.027126 -0.160000
v 0.724171 -0.039290 -0.160000
v 0.675517 -0.046600 -0.160000
v 0.622981 -0.049044 -0.160000
v 0.583304 -0.047160 -0.160000
v 0.544094 -0.041413 -0.160000
v 0.505799 -0.031637 -0.160000
v 0.468898 -0.017644 -0.160000
v 0.433931 0.000770 -0.160000
v 0.401508 0.023793 -0.160000
v 0.372322 0.051550 -0.160000
v 0.347116 0.084055 -0.160000
v 0.326614 0.121184 -0.160000
v 0.311446 0.162704 -0.160000
v 0.302096 0.208358 -0.160000
v 0.299000 0.256721 -0.160000
v 0.299000 0.722000 -0.160000
v 0.477000 0.722000 -0.160000
v 0.477000 0.279234 -0.160000
v 0.477205 0.261702 -0.160000
v 0.477822 0.246393 -0.160000
v 0.478856 0.233010 -0.160000
v 0.480294 0.221443 -0.160000
v 0.482103 0.211559 -0.160000
v 0.484241 0.203176 -0.160000
v 0.486678 0.196041 -0.160000
v 0.489428 0.189828 -0.160000
v 0.492583 0.184165 -0.160000
v 0.496313 0.178693 -0.160000
v 0.500834 0.173119 -0.160000
v 0.506288 0.167310 -0.160000
v 0.514343 0.159759 -0.160000
v 0.522634 0.152963 -0.160000
v 0.531180 0.146883 -0.160000
v 0.540008 0.141485 -0.160000
v 0.549148 0.136739 -0.160000
v 0.558641 0.132625 -0.160000
v 0.568524 0.129129 -0.160000
v 0.578838 0.126247 -0.160000
v 0.589617 0.123982 -0.160000
v 0.600892 0.122345 -0.160000
v 0.612686 0.121351 -0.160000
v 0.625010 0.121015 -0.160000
v 0.641138 0.121446 -0.160000
v 0.656331 0.122694 -0.160000
v 0.670575 0.124686 -0.160000
v 0.683872 0.127351 -0.160000
v 0.696225 0.130619 -0.160000
v 0.707636 0.134418 -0.160000
v 0.718112 0.138677 -0.160000
v 0.727656 0.143323 -0.160000
v 0.736277 0.148283 -0.160000
v 0.743981 0.153484 -0.160000
v 0.750779 0.158848 -0.160000
v 0.756546 0.164172 -0.160000
v 0.762192 0.170412 -0.160000
v 0.766986 0.176914 -0.160000
v 0.771191 0.183962 -0.160000
v 0.774887 0.191691 -0.160000
v 0.778110 0.200216 -0.160000
v 0.780869 0.209614 -0.160000
v 0.783163 0.219926 -0.160000
v 0.784992 0.231163 -0.160000
v 0.786364 0.243317 -0.160000
v 0.787300 0.256365 -0.160000
v 0.787831 0.270281 -0.160000
v 0.788000 0.285226 -0.160000
v 0.788000 0.722000 -0.160000
v 0.966000 0.722000 -0.160000
v 0.966000 0.266972 -0.160000
v 0.963747 0.223173 -0.160000
v 0.963747 0.223173 0.160000
v 0.956713 0.180519 -0.160000
v 0.956713 0.180519 0.160000
v 0.944769 0.140253 -0.160000
v 0.944769 0.140253 0.160000
v 0.927762 0.102747 -0.160000
v 0.927762 0.102747 0.160000
v 0.905622 0.068470 -0.160000
v 0.905622 0.068470 0.160000
v 0.878416 0.037938 -0.160000
v 0.878416 0.037938 0.160000
v 0.846364 0.011622 -0.160000
v 0.846364 0.011622 0.160000
v 0.809778 -0.010130 -0.160000
v 0.809778 -0.010130 0.160000
v 0.768969 -0.027126 -0.160000
v 0.768969 -0.027126 0.160000
v 0.724171 -0.039290 -0.160000
v 0.724171 -0.039290 0.160000
v 0.675517 -0.046600 -0.160000
v 0.675517 -0.046600 0.160000
v 0.622981 -0.049044 -0.160000
v 0.622981 -0.049044 0.160000
v 0.583304 -0.047160 -0.160000
v 0.583304 -0.047160 0.160000
v 0.544094 -0.041413 -0.160000
v 0.544094 -0.041413 0.160000
v 0.505799 -0.031637 -0.160000
v 0.505799 -0.031637 0.160000
v 0.468898 -0.017644 -0.160000
v 0.468898 -0.017644 0.160000
v 0.433931 0.000770 -0.160000
v 0.433931 0.000770 0.160000
v 0.401508 0.023793 -0.160000
v 0.401508 0.023793 0.160000
v 0.372322 0.051550 -0.160000
v 0.372322 0.051550 0.160000
v 0.347116 0.084055 -0.160000
v 0.347116 0.084055 0.160000
v 0.326614 0.121184 -0.160000
v 0.326614 0.121183 0.160000
v 0.311446 0.162704 -0.160000
v 0.311446 0.162704 0.160000
v 0.302096 0.208358 -0.160000
v 0.302096 0.208358 0.160000
v 0.299000 0.256721 -0.160000
v 0.299000 0.256721 0.160000
v 0.299000 0.722000 -0.160000
v 0.299000 0.722000 0.160000
v 0.477000 0.722000 -0.160000
v 0.477000 0.722000 0.160000
v 0.477000 0.279234 -0.160000
v 0.477000 0.279234 0.160000
v 0.477205 0.261702 -0.160000
v 0.477205 0.261702 0.160000
v 0.477822 0.246393 -0.160000
v 0.477822 0.246393 0.160000
v 0.478856 0.233010 -0.160000
v 0.478856 0.233010 0.160000
v 0.480294 0.221443 -0.160000
v 0.480294 0.221443 0.160000
v 0.482103 0.211559 -0.160000
v 0.482103 0.211559 0.160000
v 0.484241 0.203176 -0.160000
v 0.484241 0.203176 0.160000
v 0.486678 0.196041 -0.160000
v 0.486678 0.196041 0.160000
v 0.489428 0.189828 -0.160000
v 0.489428 0.189828 0.160000
v 0.492583 0.184165 -0.160000
v 0.492583 0.184165 0.160000
v 0.496313 0.178693 -0.160000
v 0.496313 0.178693 0.160000
v 0.500834 0.173119 -0.160000
v 0.500834 0.173119 0.160000
v 0.506288 0.167310 -0.160000
v 0.506288 0.167310 0.160000
v 0.514343 0.159759 -0.160000
v 0.514343 0.159759 0.160000
v 0.522634 0.152963 -0.160000
v 0.522634 0.152963 0.160000
v 0.531180 0.146883 -0.160000
v 0.531180 0.146883 0.160000
v 0.540008 0.141485 -0.160000
v 0.540008 0.141485 0.160000
v 0.549148 0.136739 -0.160000
v 0.549148 0.136739 0.160000
v 0.558641 0.132625 -0.160000
v 0.558641 0.132625 0.160000
v 0.568524 0.129129 -0.160000
v 0.568524 0.129129 0.160000
v 0.578838 0.126247 -0.160000
v 0.578838 0.126247 0.160000
v 0.589617 0.123982 -0.160000
v 0.589617 0.123982 0.160000
v 0.600892 0.122345 -0.160000
v 0.600892 0.122345 0.160000
v 0.612686 0.121351 -0.160000
v 0.612686 0.121350 0.160000
v 0.625010 0.121015 -0.160000
v 0.625010 0.121015 0.160000
v 0.641138 0.121446 -0.160000
v 0.641138 0.121446 0.160000
v 0.656331 0.122694 -0.160000
v 0.656331 0.122694 0.160000
v 0.670575 0.124686 -0.160000
v 0.670575 0.124686 0.160000
v 0.683872 0.127351 -0.160000
v 0.683872 0.127351 0.160000
v 0.696225 0.130619 -0.160000
v 0.696225 0.130619 0.160000
v 0.707636 0.134418 -0.160000
v 0.707636 0.134418 0.160000
v 0.718112 0.138677 -0.160000
v 0.718112 0.138677 0.160000
v 0.727656 0.143323 -0.160000
v 0.727656 0.143323 0.160000
v 0.736277 0.148283 -0.160000
v 0.736277 0.148283 0.160000
v 0.743981 0.153484 -0.160000
v 0.743981 0.153484 0.160000
v 0.750779 0.158848 -0.160000
v 0.750779 0.158848 0.160000
v 0.756546 0.164172 -0.160000
v 0.756546 0.164172 0.160000
v 0.762192 0.170412 -0.160000
v 0.762192 0.170412 0.160000
v 0.766986 0.176914 -0.160000
v 0.766986 0.176914 0.160000
v 0.771191 0.183962 -0.160000
v 0.771191 0.183962 0.160000
v 0.774887 0.191691 -0.160000
v 0.774887 0.191691 0.160000
v 0.778110 0.200216 -0.160000
v 0.778110 0.200216 0.160000
v 0.780869 0.209614 -0.160000
v 0.780869 0.209614 0.160000
v 0.783163 0.219926 -0.160000
v 0.783163 0.219926 0.160000
v 0.784992 0.231163 -0.160000
v 0.784992 0.231163 0.160000
v 0.786364 0.243317 -0.160000
v 0.786364 0.243317 0.160000
v 0.787300 0.256365 -0.160000
v 0.787300 0.256365 0.160000
v 0.787831 0.270281 -0.160000
v 0.787831 0.270281 0.160000
v 0.788000 0.285226 -0.160000
v 0.788000 0.285226 0.160000
v 0.788000 0.722000 -0.160000
v 0.788000 0.722000 0.160000
v 0.966000 0.722000 -0.160000
v 0.966000 0.722000 0.160000
v 0.966000 0.266972 -0.160000
v 0.966000 0.266972 0.160000
v 1.200000 0.554000 -0.160000
v 1.200000 0.554000 0.160000
v 1.200000 0.445000 -0.160000
v 1.200000 0.445000 0.160000
v 1.466000 0.445000 -0.160000
v 1.466000 0.445000 0.160000
v 1.466000 0.277000 -0.160000
v 1.466000 0.277000 0.160000
v 1.200000 0.277000 -0.160000
v 1.200000 0.277000 0.160000
v 1.200000 -0.040000 -0.160000
v 1.200000 -0.040000 0.160000
v 1.022000 -0.040000 -0.160000
v 1.022000 -0.040000 0.160000
v 1.022000 0.722000 -0.160000
v 1.022000 0.722000 0.160000
v 1.466000 0.722000 -0.160000
v 1.466000 0.722000 0.160000
v 1.466000 0.554000 -0.160000
v 1.466000 0.554000 0.160000
v 1.925364 0.727522 -0.160000
v 1.925364 0.727522 0.160000
v 1.981190 0.717116 -0.160000
v 1.981190 0.717116 0.160000
v 2.033148 0.700255 -0.160000
v 2.033148 0.700255 0.160000
v 2.080878 0.677383 -0.160000
v 2.080878 0.677383 0.160000
v 2.124022 0.648983 -0.160000
v 2.124022 0.648983 0.160000
v 2.162245 0.615579 -0.160000
v 2.162245 0.615579 0.160000
v 2.195238 0.577716 -0.160000
v 2.195238 0.577716 0.160000
v 2.222728 0.535953 -0.160000
v 2.222728 0.535953 0.160000
v 2.244469 0.490848 -0.160000
v 2.244469 0.490848 0.160000
v 2.260240 0.442957 -0.160000
v 2.260240 0.442957 0.160000
v 2.269840 0.392829 -0.160000
v 2.269840 0.392829 0.160000
v 2.273078 0.340998 -0.160000
v 2.273078 0.340998 0.160000
v 2.269915 0.290446 -0.160000
v 2.269915 0.290446 0.160000
v 2.260523 0.241189 -0.160000
v 2.260523 0.241189 0.160000
v 2.245049 0.193812 -0.160000
v 2.245049 0.193812 0.160000
v 2.223645 0.148901 -0.160000
v 2.223645 0.148901 0.160000
v 2.196472 0.107055 -0.160000
v 2.196472 0.107055 0.160000
v 2.163710 0.068889 -0.160000
v 2.163710 0.068889 0.160000
v 2.125569 0.035025 -0.160000
v 2.125569 0.035025 0.160000
v 2.082299 0.006083 -0.160000
v 2.082299 0.006083 0.160000
v 2.034187 -0.017335 -0.160000
v 2.034187 -0.017335 0.160000
v 1.981552 -0.034668 -0.160000
v 1.981552 -0.034668 0.160000
v 1.924725 -0.045402 -0.160000
v 1.924725 -0.045402 0.160000
v 1.863967 -0.049075 -0.160000
v 1.863967 -0.049075 0.160000
v 1.804942 -0.045410 -0.160000
v 1.804942 -0.045410 0.160000
v 1.749420 -0.034693 -0.160000
v 1.749420 -0.034693 0.160000
v 1.697786 -0.017401 -0.160000
v 1.697786 -0.017401 0.160000
v 1.650405 0.005948 -0.160000
v 1.650405 0.005948 0.160000
v 1.607625 0.034793 -0.160000
v 1.607625 0.034793 0.160000
v 1.569762 0.068546 -0.160000
v 1.569762 0.068546 0.160000
v 1.537096 0.106609 -0.160000
v 1.537096 0.106609 0.160000
v 1.509878 0.148386 -0.160000
v 1.509878 0.148386 0.160000
v 1.488336 0.193289 -0.160000
v 1.488336 0.193289 0.160000
v 1.472687 0.240742 -0.160000
v 1.472687 0.240742 0.160000
v 1.463145 0.290172 -0.160000
v 1.463145 0.290172 0.160000
v 1.459919 0.341010 -0.160000
v 1.459919 0.341010 0.160000
v 1.463227 0.392722 -0.160000
v 1.463227 0.392722 0.160000
v 1.473005 0.442775 -0.160000
v 1.473005 0.442775 0.160000
v 1.489009 0.490602 -0.160000
v 1.489009 0.490602 0.160000
v 1.510986 0.535653 -0.160000
v 1.510986 0.535653 0.160000
v 1.538671 0.577379 -0.160000
v 1.538671 0.577379 0.160000
v 1.571784 0.615229 -0.160000
v 1.571784 0.615229 0.160000
v 1.610025 0.648653 -0.160000
v 1.610025 0.648653 0.160000
v 1.653068 0.677107 -0.160000
v 1.653068 0.677107 0.160000
v 1.700564 0.700061 -0.160000
v 1.700564 0.700061 0.160000
v 1.752139 0.717013 -0.160000
v 1.752139 0.717013 0.160000
v 1.807407 0.727494 -0.160000
v 1.807407 0.727494 0.160000
v 1.865974 0.731073 -0.160000
v 1.865974 0.731073 0.160000
v 1.898460 0.123045 -0.160000
v 1.898460 0.123045 0.160000
v 1.928953 0.128758 -0.160000
v 1.928953 0.128758 0.160000
v 1.957328 0.137932 -0.160000
v 1.957328 0.137932 0.160000
v 1.983444 0.150311 -0.160000
v 1.983444 0.150311 0.160000
v 2.007160 0.165661 -0.160000
v 2.007160 0.165661 0.160000
v 2.028328 0.183771 -0.160000
v 2.028328 0.183771 0.160000
v 2.046792 0.204450 -0.160000
v 2.046792 0.204450 0.160000
v 2.062382 0.227527 -0.160000
v 2.062382 0.227527 0.160000
v 2.074912 0.252851 -0.160000
v 2.074912 0.252851 0.160000
v 2.084175 0.280288 -0.160000
v 2.084175 0.280288 0.160000
v 2.089933 0.309714 -0.160000
v 2.089933 0.309714 0.160000
v 2.091920 0.341007 -0.160000
v 2.091920 0.341007 0.160000
v 2.089931 0.372519 -0.160000
v 2.089931 0.372519 0.160000
v 2.084168 0.402087 -0.160000
v 2.084168 0.402087 0.160000
v 2.074904 0.429589 -0.160000
v 2.074904 0.429589 0.160000
v 2.062382 0.454916 -0.160000
v 2.062382 0.454916 0.160000
v 2.046808 0.477953 -0.160000
v 2.046808 0.477953 0.160000
v 2.028366 0.498566 -0.160000
v 2.028366 0.498566 0.160000
v 2.007219 0.516598 -0.160000
v 2.007219 0.516598 0.160000
v 1.983518 0.531871 -0.160000
v 1.983518 0.531871 0.160000
v 1.957405 0.544179 -0.160000
v 1.957405 0.544179 0.160000
v 1.929018 0.553296 -0.160000
v 1.929018 0.553296 0.160000
v 1.898498 0.558970 -0.160000
v 1.898498 0.558970 0.160000
v 1.866008 0.560927 -0.160000
v 1.866008 0.560927 0.160000
v 1.833759 0.558973 -0.160000
v 1.833759 0.558973 0.160000
v 1.803449 0.553307 -0.160000
v 1.803449 0.553307 0.160000
v 1.775229 0.544201 -0.160000
v 1.775229 0.544201 0.160000
v 1.749241 0.531901 -0.160000
v 1.749241 0.531901 0.160000
v 1.725631 0.516635 -0.160000
v 1.725631 0.516635 0.160000
v 1.704547 0.498603 -0.160000
v 1.704547 0.498603 0.160000
v 1.686145 0.477986 -0.160000
v 1.686145 0.477986 0.160000
v 1.670596 0.454942 -0.160000
v 1.670596 0.454942 0.160000
v 1.658086 0.429605 -0.160000
v 1.658086 0.429605 0.160000
v 1.648830 0.402096 -0.160000
v 1.648830 0.402096 0.160000
v 1.643069 0.372521 -0.160000
v 1.643069 0.372521 0.160000
v 1.641080 0.341007 -0.160000
v 1.641080 0.341007 0.160000
v 1.643066 0.309711 -0.160000
v 1.643066 0.309711 0.160000
v 1.648822 0.280280 -0.160000
v 1.648822 0.280280 0.160000
v 1.658078 0.252835 -0.160000
v 1.658078 0.252835 0.160000
v 1.670595 0.227502 -0.160000
v 1.670595 0.227502 0.160000
v 1.686161 0.204417 -0.160000
v 1.686161 0.204417 0.160000
v 1.704584 0.183734 -0.160000
v 1.704584 0.183734 0.160000
v 1.725690 0.165625 -0.160000
v 1.725690 0.165625 0.160000
v 1.749315 0.150280 -0.160000
v 1.749315 0.150280 0.160000
v 1.775305 0.137910 -0.160000
v 1.775305 0.137910 0.160000
v 1.803514 0.128747 -0.160000
v 1.803514 0.128747 0.160000
v 1.833797 0.123043 -0.160000
v 1.833797 0.123043 0.160000
v 1.866008 0.121074 -0.160000
v 1.866008 0.121074 0.160000
v 2.824000 -0.165000 -0.160000
v 2.824000 -0.165000 0.160000
v 2.232000 -0.165000 -0.160000
v 2.232000 -0.165000 0.160000
v 2.232000 -0.035000 -0.160000
v 2.232000 -0.035000 0.160000
v 2.824000 -0.035000 -0.160000
v 2.824000 -0.035000 0.160000
v 2.992000 0.554000 -0.160000
v 2.992000 0.554000 0.160000
v 2.992000 0.445000 -0.160000
v 2.992000 0.445000 0.160000
v 3.258000 0.445000 -0.160000
v 3.258000 0.445000 0.160000
v 3.258000 0.277000 -0.160000
v 3.258000 0.277000 0.160000
v 2.992000 0.277000 -0.160000
v 2.992000 0.277000 0.160000
v 2.992000 -0.040000 -0.160000
v 2.992000 -0.040000 0.160000
v 2.814000 -0.040000 -0.160000
v 2.814000 -0.040000 0.160000
v 2.814000 0.722000 -0.160000
v 2.814000 0.722000 0.160000
v 3.258000 0.722000 -0.160000
v 3.258000 0.722000 0.160000
v 3.258000 0.554000 -0.160000
v 3.258000 0.554000 0.160000
v 3.272000 -0.040000 -0.160000
v 3.272000 -0.040000 0.160000
v 3.272000 0.722000 -0.160000
v 3.272000 0.722000 0.160000
v 3.441000 0.722000 -0.160000
v 3.441000 0.722000 0.160000
v 3.441000 -0.040000 -0.160000
v 3.441000 -0.040000 0.160000
v 3.888811 -0.014041 -0.160000
v 3.888811 -0.014041 0.160000
v 3.879315 -0.020028 -0.160000
v 3.879315 -0.020028 0.160000
v 3.870313 -0.025442 -0.160000
v 3.870313 -0.025442 0.160000
v 3.861623 -0.030326 -0.160000
v 3.861623 -0.030326 0.160000
v 3.853069 -0.034705 -0.160000
v 3.853069 -0.034705 0.160000
v 3.844496 -0.038573 -0.160000
v 3.844496 -0.038573 0.160000
v 3.835799 -0.041892 -0.160000
v 3.835799 -0.041892 0.160000
v 3.826943 -0.044601 -0.160000
v 3.826943 -0.044601 0.160000
v 3.817968 -0.046649 -0.160000
v 3.817968 -0.046649 0.160000
v 3.808957 -0.048027 -0.160000
v 3.808957 -0.048027 0.160000
v 3.799984 -0.048784 -0.160000
v 3.799984 -0.048784 0.160000
v 3.790883 -0.049016 -0.160000
v 3.790883 -0.049016 0.160000
v 3.778942 -0.048642 -0.160000
v 3.778942 -0.048642 0.160000
v 3.767194 -0.047431 -0.160000
v 3.767194 -0.047431 0.160000
v 3.755658 -0.045245 -0.160000
v 3.755658 -0.045245 0.160000
v 3.744349 -0.041918 -0.160000
v 3.744349 -0.041918 0.160000
v 3.733370 -0.037283 -0.160000
v 3.733370 -0.037283 0.160000
v 3.722935 -0.031224 -0.160000
v 3.722935 -0.031224 0.160000
v 3.713339 -0.023746 -0.160000
v 3.713339 -0.023746 0.160000
v 3.704876 -0.015004 -0.160000
v 3.704876 -0.015004 0.160000
v 3.697743 -0.005273 -0.160000
v 3.697743 -0.005273 0.160000
v 3.691985 0.005146 -0.160000
v 3.691985 0.005146 0.160000
v 3.687515 0.016021 -0.160000
v 3.687515 0.016021 0.160000
v 3.701154 -0.029733 -0.160000
v 3.701154 -0.029733 0.160000
v 3.736598 -0.002882 -0.160000
v 3.736598 -0.002882 0.160000
v 3.725110 -0.010745 -0.160000
v 3.725110 -0.010745 0.160000
v 3.713432 -0.017907 -0.160000
v 3.713432 -0.017907 0.160000
v 3.701571 -0.024358 -0.160000
v 3.701571 -0.024358 0.160000
v 3.689538 -0.030085 -0.160000
v 3.689538 -0.030085 0.160000
v 3.677346 -0.035077 -0.160000
v 3.677346 -0.035077 0.160000
v 3.665010 -0.039320 -0.160000
v 3.665010 -0.039320 0.160000
v 3.652553 -0.042805 -0.160000
v 3.652553 -0.042805 0.160000
v 3.639997 -0.045523 -0.160000
v 3.639997 -0.045523 0.160000
v 3.627368 -0.047466 -0.160000
v 3.627368 -0.047466 0.160000
v 3.614693 -0.048631 -0.160000
v 3.614693 -0.048631 0.160000
v 3.601294 -0.049040 -0.160000
v 3.601294 -0.049040 0.160000
v 3.580638 -0.047679 -0.160000
v 3.580638 -0.047679 0.160000
v 3.560258 -0.043526 -0.160000
v 3.560258 -0.043526 0.160000
v 3.541108 -0.036792 -0.160000
v 3.541108 -0.036792 0.160000
v 3.523424 -0.027691 -0.160000
v 3.523424 -0.027691 0.160000
v 3.507406 -0.016468 -0.160000
v 3.507406 -0.016469 0.160000
v 3.493210 -0.003383 -0.160000
v 3.493210 -0.003383 0.160000
v 3.480956 0.011313 -0.160000
v 3.480956 0.011313 0.160000
v 3.470737 0.027380 -0.160000
v 3.470737 0.027380 0.160000
v 3.462640 0.044596 -0.160000
v 3.462640 0.044596 0.160000
v 3.456746 0.062746 -0.160000
v 3.456746 0.062746 0.160000
v 3.453142 0.081624 -0.160000
v 3.453142 0.081624 0.160000
v 3.451902 0.101297 -0.160000
v 3.451902 0.101297 0.160000
v 3.454020 0.128486 -0.160000
v 3.454020 0.128486 0.160000
v 3.460421 0.153856 -0.160000
v 3.460421 0.153856 0.160000
v 3.470768 0.176727 -0.160000
v 3.470768 0.176727 0.160000
v 3.484372 0.196702 -0.160000
v 3.484372 0.196702 0.160000
v 3.500356 0.213708 -0.160000
v 3.500356 0.213708 0.160000
v 3.517919 0.228007 -0.160000
v 3.517919 0.228007 0.160000
v 3.536461 0.240037 -0.160000
v 3.536461 0.240037 0.160000
v 3.555556 0.250262 -0.160000
v 3.555556 0.250262 0.160000
v 3.574880 0.259100 -0.160000
v 3.574880 0.259100 0.160000
v 3.594142 0.266908 -0.160000
v 3.594142 0.266908 0.160000
v 3.613056 0.273985 -0.160000
v 3.613056 0.273985 0.160000
v 3.631519 0.280660 -0.160000
v 3.631519 0.280660 0.160000
v 3.684000 0.299261 -0.160000
v 3.684000 0.299261 0.160000
v 3.684000 0.294156 -0.160000
v 3.684000 0.294156 0.160000
v 3.683556 0.304676 -0.160000
v 3.683556 0.304676 0.160000
v 3.682471 0.312382 -0.160000
v 3.682471 0.312382 0.160000
v 3.680968 0.318084 -0.160000
v 3.680968 0.318084 0.160000
v 3.679332 0.321991 -0.160000
v 3.679332 0.321991 0.160000
v 3.677753 0.324538 -0.160000
v 3.677753 0.324538 0.160000
v 3.676166 0.326324 -0.160000
v 3.676166 0.326324 0.160000
v 3.674183 0.327895 -0.160000
v 3.674183 0.327895 0.160000
v 3.671239 0.329524 -0.160000
v 3.671239 0.329524 0.160000
v 3.666834 0.331167 -0.160000
v 3.666834 0.331167 0.160000
v 3.660682 0.332610 -0.160000
v 3.660682 0.332610 0.160000
v 3.652699 0.333608 -0.160000
v 3.652699 0.333608 0.160000
v 3.643037 0.333971 -0.160000
v 3.643037 0.333971 0.160000
v 3.633882 0.333611 -0.160000
v 3.633882 0.333611 0.160000
v 3.624740 0.332526 -0.160000
v 3.624740 0.332526 0.160000
v 3.615569 0.330693 -0.160000
v 3.615569 0.330693 0.160000
v 3.606359 0.328086 -0.160000
v 3.606359 0.328086 0.160000
v 3.597102 0.324667 -0.160000
v 3.597102 0.324667 0.160000
v 3.587794 0.320395 -0.160000
v 3.587794 0.320395 0.160000
v 3.578440 0.315224 -0.160000
v 3.578440 0.315224 0.160000
v 3.569050 0.309105 -0.160000
v 3.569050 0.309105 0.160000
v 3.559642 0.301989 -0.160000
v 3.559642 0.301989 0.160000
v 3.550241 0.293828 -0.160000
v 3.550241 0.293828 0.160000
v 3.540878 0.284578 -0.160000
v 3.540878 0.284578 0.160000
v 3.461000 0.195325 -0.160000
v 3.461000 0.195325 0.160000
v 3.461000 0.412620 -0.160000
v 3.461000 0.412620 0.160000
v 3.481687 0.435068 -0.160000
v 3.481687 0.435068 0.160000
v 3.493639 0.446162 -0.160000
v 3.493639 0.446162 0.160000
v 3.506399 0.456232 -0.160000
v 3.506399 0.456232 0.160000
v 3.519928 0.465234 -0.160000
v 3.519928 0.465234 0.160000
v 3.534174 0.473135 -0.160000
v 3.534174 0.473135 0.160000
v 3.549080 0.479919 -0.160000
v 3.549080 0.479919 0.160000
v 3.564592 0.485586 -0.160000
v 3.564592 0.485586 0.160000
v 3.580662 0.490153 -0.160000
v 3.580662 0.490153 0.160000
v 3.597254 0.493645 -0.160000
v 3.597254 0.493645 0.160000
v 3.614343 0.496095 -0.160000
v 3.614343 0.496095 0.160000
v 3.631919 0.497540 -0.160000
v 3.631919 0.497540 0.160000
v 3.650340 0.498023 -0.160000
v 3.650340 0.498023 0.160000
v 3.675901 0.496919 -0.160000
v 3.675901 0.496919 0.160000
v 3.701116 0.493475 -0.160000
v 3.701116 0.493475 0.160000
v 3.725513 0.487552 -0.160000
v 3.725513 0.487552 0.160000
v 3.748870 0.478971 -0.160000
v 3.748870 0.478971 0.160000
v 3.770897 0.467551 -0.160000
v 3.770897 0.467551 0.160000
v 3.791207 0.453146 -0.160000
v 3.791207 0.453146 0.160000
v 3.809328 0.435706 -0.160000
v 3.809328 0.435706 0.160000
v 3.824761 0.415331 -0.160000
v 3.824761 0.415331 0.160000
v 3.837068 0.392271 -0.160000
v 3.837068 0.392271 0.160000
v 3.845958 0.366854 -0.160000
v 3.845958 0.366854 0.160000
v 3.851299 0.339383 -0.160000
v 3.851299 0.339383 0.160000
v 3.853000 0.311206 -0.160000
v 3.853000 0.311206 0.160000
v 3.853000 0.079618 -0.160000
v 3.853000 0.079618 0.160000
v 3.853061 0.077658 -0.160000
v 3.853061 0.077658 0.160000
v 3.853100 0.077280 -0.160000
v 3.853100 0.077280 0.160000
v 3.852960 0.078001 -0.160000
v 3.852960 0.078001 0.160000
v 3.852390 0.079839 -0.160000
v 3.852390 0.079839 0.160000
v 3.851087 0.082665 -0.160000
v 3.851087 0.082665 0.160000
v 3.848793 0.086122 -0.160000
v 3.848793 0.086122 0.160000
v 3.845480 0.089620 -0.160000
v 3.845480 0.089620 0.160000
v 3.841498 0.092536 -0.160000
v 3.841498 0.092536 0.160000
v 3.837476 0.094512 -0.160000
v 3.837476 0.094512 0.160000
v 3.834032 0.095568 -0.160000
v 3.834032 0.095568 0.160000
v 3.831541 0.095972 -0.160000
v 3.831541 0.095972 0.160000
v 3.829442 0.096074 -0.160000
v 3.829442 0.096074 0.160000
v 3.827013 0.095888 -0.160000
v 3.827013 0.095888 0.160000
v 3.825736 0.095636 -0.160000
v 3.825736 0.095636 0.160000
v 3.825859 0.095672 -0.160000
v 3.825859 0.095672 0.160000
v 3.826982 0.096082 -0.160000
v 3.826982 0.096082 0.160000
v 3.828848 0.096882 -0.160000
v 3.828848 0.096882 0.160000
v 3.831288 0.098060 -0.160000
v 3.831288 0.098060 0.160000
v 3.834184 0.099599 -0.160000
v 3.834184 0.099599 0.160000
v 3.837450 0.101478 -0.160000
v 3.837450 0.101478 0.160000
v 3.841016 0.103677 -0.160000
v 3.841016 0.103677 0.160000
v 3.844826 0.106176 -0.160000
v 3.844826 0.106176 0.160000
v 3.848835 0.108957 -0.160000
v 3.848835 0.108957 0.160000
v 3.917000 0.158809 -0.160000
v 3.917000 0.158809 0.160000
v 3.917000 0.004311 -0.160000
v 3.917000 0.004311 0.160000
v 3.718648 0.177797 -0.160000
v 3.718648 0.177797 0.160000
v 3.701237 0.171456 -0.160000
v 3.701237 0.171456 0.160000
v 3.685002 0.165093 -0.160000
v 3.685002 0.165093 0.160000
v 3.670196 0.158681 -0.160000
v 3.670196 0.158681 0.160000
v 3.657088 0.152231 -0.160000
v 3.657088 0.152231 0.160000
v 3.645953 0.145821 -0.160000
v 3.645953 0.145821 0.160000
v 3.637041 0.139610 -0.160000
v 3.637041 0.139610 0.160000
v 3.630503 0.133863 -0.160000
v 3.630503 0.133863 0.160000
v 3.626260 0.128882 -0.160000
v 3.626260 0.128882 0.160000
v 3.623874 0.124790 -0.160000
v 3.623874 0.124790 0.160000
v 3.622663 0.121165 -0.160000
v 3.622663 0.121165 0.160000
v 3.622130 0.116117 -0.160000
v 3.622130 0.116117 0.160000
v 3.622323 0.112974 -0.160000
v 3.622323 0.112974 0.160000
v 3.622975 0.109549 -0.160000
v 3.622975 0.109549 0.160000
v 3.623929 0.106664 -0.160000
v 3.623929 0.106664 0.160000
v 3.625121 0.104220 -0.160000
v 3.625121 0.104220 0.160000
v 3.626528 0.102120 -0.160000
v 3.626528 0.102120 0.160000
v 3.628164 0.100285 -0.160000
v 3.628164 0.100285 0.160000
v 3.630071 0.098659 -0.160000
v 3.630071 0.098659 0.160000
v 3.632313 0.097221 -0.160000
v 3.632313 0.097221 0.160000
v 3.634964 0.095983 -0.160000
v 3.634964 0.095983 0.160000
v 3.638093 0.094990 -0.160000
v 3.638093 0.094990 0.160000
v 3.641761 0.094320 -0.160000
v 3.641761 0.094320 0.160000
v 3.646350 0.094049 -0.160000
v 3.646350 0.094049 0.160000
v 3.649656 0.094186 -0.160000
v 3.649656 0.094186 0.160000
v 3.653309 0.094640 -0.160000
v 3.653309 0.094640 0.160000
v 3.657022 0.095408 -0.160000
v 3.657022 0.095408 0.160000
v 3.660842 0.096509 -0.160000
v 3.660842 0.096509 0.160000
v 3.664797 0.097971 -0.160000
v 3.664797 0.097971 0.160000
v 3.668903 0.099819 -0.160000
v 3.668903 0.099819 0.160000
v 3.673162 0.102078 -0.160000
v 3.673162 0.102078 0.160000
v 3.677568 0.104763 -0.160000
v 3.677568 0.104763 0.160000
v 3.682106 0.107886 -0.160000
v 3.682106 0.107886 0.160000
v 3.686759 0.111452 -0.160000
v 3.686759 0.111452 0.160000
v 3.691507 0.115458 -0.160000
v 3.691507 0.115458 0.160000
v 3.684000 0.108550 -0.160000
v 3.684000 0.108550 0.160000
v 3.684000 0.165763 -0.160000
v 3.684000 0.165763 0.160000
v 4.316361 0.340000 -0.160000
v 4.316361 0.340000 0.160000
v 4.259563 0.398702 -0.160000
v 4.259563 0.398702 0.160000
v 4.268069 0.389201 -0.160000
v 4.268069 0.389201 0.160000
v 4.275856 0.379627 -0.160000
v 4.275856 0.379627 0.160000
v 4.282920 0.369862 -0.160000
v 4.282920 0.369862 0.160000
v 4.289231 0.359810 -0.160000
v 4.289231 0.359810 0.160000
v 4.294731 0.349416 -0.160000
v 4.294731 0.349416 0.160000
v 4.299353 0.338681 -0.160000
v 4.299353 0.338681 0.160000
v 4.303047 0.327655 -0.160000
v 4.303047 0.327655 0.160000
v 4.305802 0.316420 -0.160000
v 4.305802 0.316420 0.160000
v 4.307658 0.305054 -0.160000
v 4.307658 0.305054 0.160000
v 4.308694 0.293602 -0.160000
v 4.308694 0.293602 0.160000
v 4.309026 0.281646 -0.160000
v 4.309026 0.281646 0.160000
v 4.308459 0.269168 -0.160000
v 4.308459 0.269168 0.160000
v 4.306831 0.256554 -0.160000
v 4.306831 0.256554 0.160000
v 4.304316 0.244254 -0.160000
v 4.304316 0.244254 0.160000
v 4.301033 0.232289 -0.160000
v 4.301033 0.232289 0.160000
v 4.297081 0.220684 -0.160000
v 4.297081 0.220684 0.160000
v 4.292540 0.209472 -0.160000
v 4.292540 0.209472 0.160000
v 4.287474 0.198692 -0.160000
v 4.287474 0.198692 0.160000
v 4.281933 0.188386 -0.160000
v 4.281933 0.188386 0.160000
v 4.275951 0.178592 -0.160000
v 4.275951 0.178592 0.160000
v 4.269537 0.169349 -0.160000
v 4.269537 0.169349 0.160000
v 4.262665 0.160685 -0.160000
v 4.262665 0.160685 0.160000
v 4.254942 0.152292 -0.160000
v 4.254942 0.152292 0.160000
v 4.234339 0.134338 -0.160000
v 4.234339 0.134338 0.160000
v 4.210572 0.120267 -0.160000
v 4.210572 0.120267 0.160000
v 4.186503 0.110372 -0.160000
v 4.186503 0.110372 0.160000
v 4.163033 0.103512 -0.160000
v 4.163033 0.103512 0.160000
v 4.140844 0.098673 -0.160000
v 4.140844 0.098673 0.160000
v 4.120620 0.095014 -0.160000
v 4.120620 0.095014 0.160000
v 4.103203 0.091865 -0.160000
v 4.103203 0.091865 0.160000
v 4.089755 0.088826 -0.160000
v 4.089755 0.088826 0.160000
v 4.081909 0.086147 -0.160000
v 4.081909 0.086147 0.160000
v 4.081109 0.085668 -0.160000
v 4.081109 0.085668 0.160000
v 4.084638 0.090117 -0.160000
v 4.084638 0.090117 0.160000
v 4.085674 0.095044 -0.160000
v 4.085674 0.095044 0.160000
v 4.084453 0.102602 -0.160000
v 4.084453 0.102602 0.160000
v 4.082063 0.107247 -0.160000
v 4.082063 0.107247 0.160000
v 4.080805 0.108634 -0.160000
v 4.080805 0.108634 0.160000
v 4.082346 0.107480 -0.160000
v 4.082346 0.107480 0.160000
v 4.087018 0.104875 -0.160000
v 4.087018 0.104875 0.160000
v 4.094619 0.101533 -0.160000
v 4.094619 0.101533 0.160000
v 4.104874 0.097825 -0.160000
v 4.104874 0.097825 0.160000
v 4.117558 0.093924 -0.160000
v 4.117558 0.093924 0.160000
v 4.132504 0.089905 -0.160000
v 4.132504 0.089905 0.160000
v 4.149593 0.085788 -0.160000
v 4.149593 0.085788 0.160000
v 4.168736 0.081567 -0.160000
v 4.168736 0.081567 0.160000
v 4.190626 0.077063 -0.160000
v 4.190626 0.077063 0.160000
v 4.215482 0.071198 -0.160000
v 4.215482 0.071198 0.160000
v 4.239003 0.063602 -0.160000
v 4.239003 0.063602 0.160000
v 4.260446 0.054432 -0.160000
v 4.260446 0.054432 0.160000
v 4.279831 0.043649 -0.160000
v 4.279831 0.043649 0.160000
v 4.297114 0.031236 -0.160000
v 4.297114 0.031236 0.160000
v 4.312185 0.017235 -0.160000
v 4.312185 0.017235 0.160000
v 4.324899 0.001788 -0.160000
v 4.324899 0.001788 0.160000
v 4.335133 -0.014853 -0.160000
v 4.335133 -0.014853 0.160000
v 4.342848 -0.032361 -0.160000
v 4.342848 -0.032361 0.160000
v 4.348117 -0.050393 -0.160000
v 4.348117 -0.050393 0.160000
v 4.351109 -0.068654 -0.160000
v 4.351109 -0.068654 0.160000
v 4.352078 -0.087487 -0.160000
v 4.352078 -0.087487 0.160000
v 4.350009 -0.114767 -0.160000
v 4.350009 -0.114767 0.160000
v 4.343606 -0.141229 -0.160000
v 4.343606 -0.141229 0.160000
v 4.332919 -0.165943 -0.160000
v 4.332919 -0.165943 0.160000
v 4.318197 -0.188377 -0.160000
v 4.318197 -0.188377 0.160000
v 4.299869 -0.208135 -0.160000
v 4.299869 -0.208135 0.160000
v 4.278420 -0.225036 -0.160000
v 4.278420 -0.225036 0.160000
v 4.254265 -0.239084 -0.160000
v 4.254265 -0.239084 0.160000
v 4.227698 -0.250377 -0.160000
v 4.227698 -0.250377 0.160000
v 4.198901 -0.259034 -0.160000
v 4.198901 -0.259034 0.160000
v 4.167983 -0.265157 -0.160000
v 4.167983 -0.265157 0.160000
v 4.135011 -0.268809 -0.160000
v 4.135011 -0.268809 0.160000
v 4.099903 -0.270027 -0.160000
v 4.099903 -0.270027 0.160000
v 4.067275 -0.268736 -0.160000
v 4.067275 -0.268736 0.160000
v 4.036032 -0.264899 -0.160000
v 4.036032 -0.264899 0.160000
v 4.006418 -0.258585 -0.160000
v 4.006418 -0.258585 0.160000
v 3.978591 -0.249836 -0.160000
v 3.978591 -0.249836 0.160000
v 3.952724 -0.238666 -0.160000
v 3.952724 -0.238666 0.160000
v 3.929022 -0.225058 -0.160000
v 3.929022 -0.225058 0.160000
v 3.907740 -0.208975 -0.160000
v 3.907740 -0.208975 0.160000
v 3.889227 -0.190378 -0.160000
v 3.889227 -0.190378 0.160000
v 3.873941 -0.169294 -0.160000
v 3.873941 -0.169294 0.160000
v 3.862437 -0.145903 -0.160000
v 3.862437 -0.145903 0.160000
v 3.855267 -0.120610 -0.160000
v 3.855267 -0.120610 0.160000
v 3.852916 -0.094906 -0.160000
v 3.852916 -0.094906 0.160000
v 3.853870 -0.074170 -0.160000
v 3.853870 -0.074170 0.160000
v 3.856739 -0.054995 -0.160000
v 3.856739 -0.054995 0.160000
v 3.861756 -0.036498 -0.160000
v 3.861756 -0.036498 0.160000
v 3.869066 -0.018882 -0.160000
v 3.869066 -0.018882 0.160000
v 3.878701 -0.002436 -0.160000
v 3.878701 -0.002436 0.160000
v 3.890546 0.012550 -0.160000
v 3.890546 0.012550 0.160000
v 3.904374 0.025877 -0.160000
v 3.904374 0.025877 0.160000
v 3.919927 0.037485 -0.160000
v 3.919927 0.037485 0.160000
v 3.936997 0.047442 -0.160000
v 3.936997 0.047442 0.160000
v 3.955462 0.055887 -0.160000
v 3.955462 0.055887 0.160000
v 3.975282 0.062980 -0.160000
v 3.975282 0.062980 0.160000
v 3.908990 0.044560 -0.160000
v 3.908990 0.044560 0.160000
v 3.976332 0.001493 -0.160000
v 3.976332 0.001493 0.160000
v 3.968120 0.007254 -0.160000
v 3.968120 0.007254 0.160000
v 3.960417 0.013249 -0.160000
v 3.960417 0.013249 0.160000
v 3.953213 0.019552 -0.160000
v 3.953213 0.019552 0.160000
v 3.946520 0.026245 -0.160000
v 3.946520 0.026245 0.160000
v 3.940374 0.033413 -0.160000
v 3.940374 0.033413 0.160000
v 3.934848 0.041128 -0.160000
v 3.934848 0.041128 0.160000
v 3.930055 0.049430 -0.160000
v 3.930055 0.049430 0.160000
v 3.926141 0.058301 -0.160000
v 3.926141 0.058301 0.160000
v 3.923254 0.067640 -0.160000
v 3.923254 0.067640 0.160000
v 3.921506 0.077269 -0.160000
v 3.921506 0.077269 0.160000
v 3.920905 0.087424 -0.160000
v 3.920905 0.087424 0.160000
v 3.921961 0.100546 -0.160000
v 3.921961 0.100546 0.160000
v 3.925139 0.113568 -0.160000
v 3.925139 0.113568 0.160000
v 3.930169 0.125741 -0.160000
v 3.930169 0.125741 0.160000
v 3.936759 0.136878 -0.160000
v 3.936759 0.136878 0.160000
v 3.944629 0.146918 -0.160000
v 3.944629 0.146918 0.160000
v 3.953555 0.155879 -0.160000
v 3.953555 0.155879 0.160000
v 3.963375 0.163817 -0.160000
v 3.963375 0.163817 0.160000
v 3.973975 0.170797 -0.160000
v 3.973975 0.170797 0.160000
v 3.985279 0.176872 -0.160000
v 3.985279 0.176872 0.160000
v 3.997232 0.182081 -0.160000
v 3.997232 0.182081 0.160000
v 4.009792 0.186447 -0.160000
v 4.009792 0.186447 0.160000
v 3.992001 0.181660 -0.160000
v 3.992001 0.181660 0.160000
v 3.992001 0.127038 -0.160000
v 3.992001 0.127038 0.160000
v 4.006938 0.120378 -0.160000
v 4.006938 0.120378 0.160000
v 3.997799 0.124874 -0.160000
v 3.997799 0.124874 0.160000
v 3.988957 0.129668 -0.160000
v 3.988957 0.129668 0.160000
v 3.980417 0.134767 -0.160000
v 3.980417 0.134767 0.160000
v 3.972189 0.140176 -0.160000
v 3.972189 0.140176 0.160000
v 3.964283 0.145900 -0.160000
v 3.964283 0.145900 0.160000
v 3.956711 0.151942 -0.160000
v 3.956711 0.151942 0.160000
v 3.949486 0.158304 -0.160000
v 3.949486 0.158304 0.160000
v 3.942622 0.164983 -0.160000
v 3.942622 0.164983 0.160000
v 3.936134 0.171976 -0.160000
v 3.936134 0.171976 0.160000
v 3.930038 0.179276 -0.160000
v 3.930038 0.179276 0.160000
v 3.924229 0.187030 -0.160000
v 3.924229 0.187030 0.160000
v 3.919087 0.194882 -0.160000
v 3.919087 0.194882 0.160000
v 3.914466 0.202887 -0.160000
v 3.914466 0.202887 0.160000
v 3.910295 0.211146 -0.160000
v 3.910295 0.211146 0.160000
v 3.906581 0.219639 -0.160000
v 3.906581 0.219639 0.160000
v 3.903326 0.228346 -0.160000
v 3.903326 0.228346 0.160000
v 3.900528 0.237250 -0.160000
v 3.900528 0.237250 0.160000
v 3.898185 0.246332 -0.160000
v 3.898185 0.246332 0.160000
v 3.896288 0.255578 -0.160000
v 3.896288 0.255578 0.160000
v 3.894830 0.264975 -0.160000
v 3.894830 0.264975 0.160000
v 3.893802 0.274514 -0.160000
v 3.893802 0.274514 0.160000
v 3.893193 0.284187 -0.160000
v 3.893193 0.284187 0.160000
v 3.892973 0.294921 -0.160000
v 3.892973 0.294921 0.160000
v 3.894823 0.322713 -0.160000
v 3.894823 0.322713 0.160000
v 3.900611 0.350066 -0.160000
v 3.900611 0.350066 0.160000
v 3.910285 0.375761 -0.160000
v 3.910285 0.375761 0.160000
v 3.923724 0.399382 -0.160000
v 3.923724 0.399382 0.160000
v 3.940662 0.420538 -0.160000
v 3.940662 0.420538 0.160000
v 3.960731 0.438944 -0.160000
v 3.960731 0.438944 0.160000
v 3.983536 0.454450 -0.160000
v 3.983536 0.454450 0.160000
v 4.008727 0.467028 -0.160000
v 4.008727 0.467028 0.160000
v 4.036034 0.476717 -0.160000
v 4.036034 0.476717 0.160000
v 4.065260 0.483581 -0.160000
v 4.065260 0.483581 0.160000
v 4.096271 0.487675 -0.160000
v 4.096271 0.487675 0.160000
v 4.128170 0.489000 -0.160000
v 4.128170 0.489000 0.160000
v 4.354001 0.489000 -0.160000
v 4.354001 0.489000 0.160000
v 4.354001 0.340000 -0.160000
v 4.354001 0.340000 0.160000
v 4.094948 0.331481 -0.160000
v 4.094948 0.331481 0.160000
v 4.088272 0.330216 -0.160000
v 4.088272 0.330216 0.160000
v 4.081992 0.328198 -0.160000
v 4.081992 0.328198 0.160000
v 4.076167 0.325503 -0.160000
v 4.076167 0.325503 0.160000
v 4.070873 0.322216 -0.160000
v 4.070873 0.322216 0.160000
v 4.066186 0.318436 -0.160000
v 4.066186 0.318436 0.160000
v 4.062175 0.314276 -0.160000
v 4.062175 0.314276 0.160000
v 4.058890 0.309850 -0.160000
v 4.058890 0.309850 0.160000
v 4.056352 0.305267 -0.160000
v 4.056352 0.305267 0.160000
v 4.054556 0.300599 -0.160000
v 4.054556 0.300599 0.160000
v 4.053480 0.295868 -0.160000
v 4.053480 0.295868 0.160000
v 4.053094 0.290738 -0.160000
v 4.053094 0.290738 0.160000
v 4.053501 0.284177 -0.160000
v 4.053501 0.284177 0.160000
v 4.054656 0.278249 -0.160000
v 4.054656 0.278249 0.160000
v 4.056403 0.273136 -0.160000
v 4.056403 0.273136 0.160000
v 4.058666 0.268691 -0.160000
v 4.058666 0.268691 0.160000
v 4.061442 0.264764 -0.160000
v 4.061442 0.264764 0.160000
v 4.064797 0.261232 -0.160000
v 4.064797 0.261232 0.160000
v 4.068841 0.258032 -0.160000
v 4.068841 0.258032 0.160000
v 4.073701 0.255171 -0.160000
v 4.073701 0.255171 0.160000
v 4.079489 0.252716 -0.160000
v 4.079489 0.252716 0.160000
v 4.086285 0.250783 -0.160000
v 4.086285 0.250783 0.160000
v 4.094130 0.249512 -0.160000
v 4.094130 0.249512 0.160000
v 4.102858 0.249061 -0.160000
v 4.102858 0.249061 0.160000
v 4.110418 0.249505 -0.160000
v 4.110418 0.249505 0.160000
v 4.117077 0.250719 -0.160000
v 4.117077 0.250719 0.160000
v 4.122992 0.252589 -0.160000
v 4.122992 0.252589 0.160000
v 4.128206 0.255019 -0.160000
v 4.128206 0.255019 0.160000
v 4.132774 0.257942 -0.160000
v 4.132774 0.257942 0.160000
v 4.136751 0.261323 -0.160000
v 4.136751 0.261323 0.160000
v 4.140182 0.265163 -0.160000
v 4.140182 0.265163 0.160000
v 4.143095 0.269494 -0.160000
v 4.143095 0.269494 0.160000
v 4.145484 0.274373 -0.160000
v 4.145484 0.274373 0.160000
v 4.147311 0.279872 -0.160000
v 4.147311 0.279872 0.160000
v 4.148496 0.286066 -0.160000
v 4.148496 0.286066 0.160000
v 4.148905 0.292698 -0.160000
v 4.148905 0.292698 0.160000
v 4.148537 0.297498 -0.160000
v 4.148537 0.297498 0.160000
v 4.147515 0.301897 -0.160000
v 4.147515 0.301897 0.160000
v 4.145793 0.306291 -0.160000
v 4.145793 0.306291 0.160000
v 4.143336 0.310655 -0.160000
v 4.143336 0.310655 0.160000
v 4.140134 0.314908 -0.160000
v 4.140134 0.314908 0.160000
v 4.136214 0.318929 -0.160000
v 4.136214 0.318929 0.160000
v 4.131634 0.322590 -0.160000
v 4.131634 0.322590 0.160000
v 4.126482 0.325772 -0.160000
v 4.126482 0.325772 0.160000
v 4.120854 0.328371 -0.160000
v 4.120854 0.328371 0.160000
v 4.114851 0.330304 -0.160000
v 4.114851 0.330304 0.160000
v 4.108555 0.331505 -0.160000
v 4.108555 0.331505 0.160000
v 4.101985 0.331921 -0.160000
v 4.101985 0.331921 0.160000
v 4.067609 -0.062478 -0.160000
v 4.067609 -0.062478 0.160000
v 4.057222 -0.063749 -0.160000
v 4.057222 -0.063749 0.160000
v 4.047958 -0.065723 -0.160000
v 4.047958 -0.065723 0.160000
v 4.039917 -0.068259 -0.160000
v 4.039917 -0.068259 0.160000
v 4.033179 -0.071188 -0.160000
v 4.033179 -0.071188 0.160000
v 4.027792 -0.074313 -0.160000
v 4.027792 -0.074313 0.160000
v 4.023737 -0.077419 -0.160000
v 4.023737 -0.077419 0.160000
v 4.020910 -0.080310 -0.160000
v 4.020910 -0.080310 0.160000
v 4.019094 -0.082868 -0.160000
v 4.019094 -0.082868 0.160000
v 4.018006 -0.085139 -0.160000
v 4.018006 -0.085139 0.160000
v 4.017388 -0.087385 -0.160000
v 4.017388 -0.087385 0.160000
v 4.017149 -0.090079 -0.160000
v 4.017149 -0.090079 0.160000
v 4.017462 -0.093780 -0.160000
v 4.017462 -0.093780 0.160000
v 4.018175 -0.096380 -0.160000
v 4.018175 -0.096380 0.160000
v 4.019192 -0.098418 -0.160000
v 4.019192 -0.098418 0.160000
v 4.020866 -0.100588 -0.160000
v 4.020866 -0.100588 0.160000
v 4.023806 -0.103235 -0.160000
v 4.023806 -0.103235 0.160000
v 4.028557 -0.106307 -0.160000
v 4.028557 -0.106307 0.160000
v 4.035437 -0.109530 -0.160000
v 4.035437 -0.109530 0.160000
v 4.044544 -0.112592 -0.160000
v 4.044544 -0.112592 0.160000
v 4.055850 -0.115234 -0.160000
v 4.055850 -0.115234 0.160000
v 4.069267 -0.117262 -0.160000
v 4.069267 -0.117263 0.160000
v 4.084694 -0.118544 -0.160000
v 4.084694 -0.118544 0.160000
v 4.101985 -0.118987 -0.160000
v 4.101985 -0.118987 0.160000
v 4.118616 -0.118548 -0.160000
v 4.118616 -0.118548 0.160000
v 4.133590 -0.117285 -0.160000
v 4.133590 -0.117285 0.160000
v 4.146786 -0.115288 -0.160000
v 4.146786 -0.115288 0.160000
v 4.158085 -0.112684 -0.160000
v 4.158085 -0.112684 0.160000
v 4.167373 -0.109647 -0.160000
v 4.167373 -0.109647 0.160000
v 4.174563 -0.106418 -0.160000
v 4.174563 -0.106419 0.160000
v 4.179655 -0.103310 -0.160000
v 4.179655 -0.103310 0.160000
v 4.182817 -0.100660 -0.160000
v 4.182817 -0.100660 0.160000
v 4.184464 -0.098701 -0.160000
v 4.184464 -0.098701 0.160000
v 4.185215 -0.097339 -0.160000
v 4.185215 -0.097339 0.160000
v 4.185622 -0.096017 -0.160000
v 4.185622 -0.096017 0.160000
v 4.185737 -0.094823 -0.160000
v 4.185737 -0.094823 0.160000
v 4.185307 -0.091692 -0.160000
v 4.185307 -0.091693 0.160000
v 4.184499 -0.089879 -0.160000
v 4.184499 -0.089879 0.160000
v 4.182205 -0.087021 -0.160000
v 4.182205 -0.087021 0.160000
v 4.177313 -0.083026 -0.160000
v 4.177313 -0.083026 0.160000
v 4.169556 -0.078548 -0.160000
v 4.169556 -0.078548 0.160000
v 4.159295 -0.074206 -0.160000
v 4.159295 -0.074206 0.160000
v 4.147123 -0.070374 -0.160000
v 4.147123 -0.070374 0.160000
v 4.133674 -0.067235 -0.160000
v 4.133674 -0.067235 0.160000
v 4.119557 -0.064852 -0.160000
v 4.119557 -0.064852 0.160000
v 4.105358 -0.063221 -0.160000
v 4.105358 -0.063221 0.160000
v 4.091648 -0.062298 -0.160000
v 4.091648 -0.062298 0.160000
v 4.079332 -0.062018 -0.160000
v 4.079332 -0.062018 0.160000
v 0.322790 -0.279956 -0.160000
v 0.322790 -0.279956 0.160000
v 0.359626 -0.285925 -0.160000
v 0.359626 -0.285925 0.160000
v 0.393503 -0.295775 -0.160000
v 0.393503 -0.295775 0.160000
v 0.424282 -0.309393 -0.160000
v 0.424282 -0.309393 0.160000
v 0.451754 -0.326592 -0.160000
v 0.451754 -0.326592 0.160000
v 0.475678 -0.347074 -0.160000
v 0.475678 -0.347074 0.160000
v 0.495849 -0.370429 -0.160000
v 0.495849 -0.370429 0.160000
v 0.512157 -0.396171 -0.160000
v 0.512157 -0.396171 0.160000
v 0.524609 -0.423806 -0.160000
v 0.524609 -0.423806 0.160000
v 0.533304 -0.452887 -0.160000
v 0.533304 -0.452887 0.160000
v 0.538396 -0.483039 -0.160000
v 0.538396 -0.483039 0.160000
v 0.540062 -0.514076 -0.160000
v 0.540062 -0.514076 0.160000
v 0.538285 -0.544978 -0.160000
v 0.538285 -0.544978 0.160000
v 0.532814 -0.575071 -0.160000
v 0.532814 -0.575071 0.160000
v 0.523467 -0.603995 -0.160000
v 0.523467 -0.603995 0.160000
v 0.510104 -0.631328 -0.160000
v 0.510104 -0.631328 0.160000
v 0.492677 -0.656588 -0.160000
v 0.492677 -0.656588 0.160000
v 0.471263 -0.679281 -0.160000
v 0.471263 -0.679281 0.160000
v 0.446051 -0.698977 -0.160000
v 0.446051 -0.698977 0.160000
v 0.417283 -0.715364 -0.160000
v 0.417283 -0.715364 0.160000
v 0.385185 -0.728251 -0.160000
v 0.385185 -0.728251 0.160000
v 0.349910 -0.737536 -0.160000
v 0.349910 -0.737536 0.160000
v 0.311531 -0.743153 -0.160000
v 0.311531 -0.743153 0.160000
v 0.270909 -0.745000 -0.160000
v 0.270909 -0.745000 0.160000
v 0.208000 -0.745000 -0.160000
v 0.208000 -0.745000 0.160000
v 0.208000 -1.040000 -0.160000
v 0.208000 -1.040000 0.160000
v 0.030000 -1.040000 -0.160000
v 0.030000 -1.040000 0.160000
v 0.030000 -0.278000 -0.160000
v 0.030000 -0.278000 0.160000
v 0.284008 -0.278000 -0.160000
v 0.284008 -0.278000 0.160000
v 0.278089 -0.577000 -0.160000
v 0.278089 -0.577000 0.160000
v 0.292908 -0.576324 -0.160000
v 0.292908 -0.576324 0.160000
v 0.305345 -0.574522 -0.160000
v 0.305345 -0.574522 0.160000
v 0.316225 -0.571713 -0.160000
v 0.316225 -0.571713 0.160000
v 0.325554 -0.568068 -0.160000
v 0.325554 -0.568068 0.160000
v 0.333411 -0.563740 -0.160000
v 0.333411 -0.563740 0.160000
v 0.339949 -0.558824 -0.160000
v 0.339949 -0.558824 0.160000
v 0.345371 -0.553311 -0.160000
v 0.345371 -0.553311 0.160000
v 0.349866 -0.547068 -0.160000
v 0.349866 -0.547068 0.160000
v 0.353543 -0.539859 -0.160000
v 0.353543 -0.539859 0.160000
v 0.356384 -0.531411 -0.160000
v 0.356384 -0.531411 0.160000
v 0.358253 -0.521491 -0.160000
v 0.358253 -0.521491 0.160000
v 0.358945 -0.509749 -0.160000
v 0.358945 -0.509749 0.160000
v 0.358552 -0.501280 -0.160000
v 0.358552 -0.501280 0.160000
v 0.357326 -0.492891 -0.160000
v 0.357326 -0.492891 0.160000
v 0.355298 -0.485103 -0.160000
v 0.355298 -0.485103 0.160000
v 0.352508 -0.478055 -0.160000
v 0.352508 -0.478055 0.160000
v 0.348983 -0.471785 -0.160000
v 0.348983 -0.471785 0.160000
v 0.344667 -0.466215 -0.160000
v 0.344667 -0.466215 0.160000
v 0.339355 -0.461206 -0.160000
v 0.339355 -0.461206 0.160000
v 0.332669 -0.456653 -0.160000
v 0.332669 -0.456653 0.160000
v 0.324119 -0.452590 -0.160000
v 0.324119 -0.452590 0.160000
v 0.313219 -0.449229 -0.160000
v 0.313219 -0.449229 0.160000
v 0.299581 -0.446917 -0.160000
v 0.299581 -0.446917 0.160000
v 0.281960 -0.446000 -0.160000
v 0.281960 -0.446000 0.160000
v 0.208000 -0.446000 -0.160000
v 0.208000 -0.446000 0.160000
v 0.208000 -0.577000 -0.160000
v 0.208000 -0.577000 0.160000
v 0.818000 -1.040659 -0.160000
v 0.818000 -1.040659 0.160000
v 0.876102 -0.981630 -0.160000
v 0.876102 -0.981630 0.160000
v 0.864212 -0.992322 -0.160000
v 0.864212 -0.992322 0.160000
v 0.851787 -1.002217 -0.160000
v 0.851787 -1.002217 0.160000
v 0.838893 -1.011289 -0.160000
v 0.838893 -1.011289 0.160000
v 0.825591 -1.019509 -0.160000
v 0.825591 -1.019509 0.160000
v 0.811934 -1.026839 -0.160000
v 0.811934 -1.026839 0.160000
v 0.797971 -1.033238 -0.160000
v 0.797971 -1.033238 0.160000
v 0.783745 -1.038656 -0.160000
v 0.783745 -1.038656 0.160000
v 0.769294 -1.043031 -0.160000
v 0.769294 -1.043031 0.160000
v 0.754653 -1.046289 -0.160000
v 0.754653 -1.046289 0.160000
v 0.739857 -1.048334 -0.160000
v 0.739857 -1.048334 0.160000
v 0.724746 -1.049058 -0.160000
v 0.724746 -1.049058 0.160000
v 0.697847 -1.047426 -0.160000
v 0.697847 -1.047426 0.160000
v 0.671720 -1.042431 -0.160000
v 0.671720 -1.042431 0.160000
v 0.646868 -1.034040 -0.160000
v 0.646868 -1.034040 0.160000
v 0.623640 -1.022263 -0.160000
v 0.623640 -1.022263 0.160000
v 0.602412 -1.007201 -0.160000
v 0.602412 -1.007201 0.160000
v 0.583538 -0.989052 -0.160000
v 0.583538 -0.989052 0.160000
v 0.567306 -0.968084 -0.160000
v 0.567306 -0.968084 0.160000
v 0.553905 -0.944591 -0.160000
v 0.553905 -0.944591 0.160000
v 0.543441 -0.918848 -0.160000
v 0.543441 -0.918848 0.160000
v 0.535953 -0.891075 -0.160000
v 0.535953 -0.891075 0.160000
v 0.531456 -0.861435 -0.160000
v 0.531456 -0.861435 0.160000
v 0.530000 -0.830955 -0.160000
v 0.530000 -0.830955 0.160000
v 0.530000 -0.511000 -0.160000
v 0.530000 -0.511000 0.160000
v 0.699000 -0.511000 -0.160000
v 0.699000 -0.511000 0.160000
v 0.699000 -0.835150 -0.160000
v 0.699000 -0.835150 0.160000
v 0.699529 -0.847594 -0.160000
v 0.699529 -0.847594 0.160000
v 0.700907 -0.857592 -0.160000
v 0.700907 -0.857592 0.160000
v 0.702994 -0.865916 -0.160000
v 0.702994 -0.865916 0.160000
v 0.705593 -0.872629 -0.160000
v 0.705593 -0.872629 0.160000
v 0.708539 -0.877916 -0.160000
v 0.708539 -0.877916 0.160000
v 0.711769 -0.882080 -0.160000
v 0.711769 -0.882080 0.160000
v 0.715403 -0.885475 -0.160000
v 0.715403 -0.885475 0.160000
v 0.719743 -0.888386 -0.160000
v 0.719743 -0.888386 0.160000
v 0.725182 -0.890921 -0.160000
v 0.725182 -0.890921 0.160000
v 0.732080 -0.893000 -0.160000
v 0.732080 -0.893000 0.160000
v 0.740673 -0.894422 -0.160000
v 0.740673 -0.894422 0.160000
v 0.751101 -0.894953 -0.160000
v 0.751101 -0.894953 0.160000
v 0.757288 -0.894670 -0.160000
v 0.757288 -0.894670 0.160000
v 0.763515 -0.893808 -0.160000
v 0.763515 -0.893808 0.160000
v 0.769716 -0.892366 -0.160000
v 0.769716 -0.892366 0.160000
v 0.775920 -0.890325 -0.160000
v 0.775920 -0.890325 0.160000
v 0.782144 -0.887658 -0.160000
v 0.782144 -0.887658 0.160000
v 0.788393 -0.884331 -0.160000
v 0.788393 -0.884331 0.160000
v 0.794660 -0.880310 -0.160000
v 0.794660 -0.880310 0.160000
v 0.800925 -0.875565 -0.160000
v 0.800925 -0.875565 0.160000
v 0.807161 -0.870069 -0.160000
v 0.807161 -0.870069 0.160000
v 0.813334 -0.863799 -0.160000
v 0.813334 -0.863799 0.160000
v 0.819406 -0.856739 -0.160000
v 0.819406 -0.856739 0.160000
v 0.818000 -0.858603 -0.160000
v 0.818000 -0.858603 0.160000
v 0.818000 -0.511000 -0.160000
v 0.818000 -0.511000 0.160000
v 0.987000 -0.511000 -0.160000
v 0.987000 -0.511000 0.160000
v 0.987000 -1.040000 -0.160000
v 0.987000 -1.040000 0.160000
v 0.818000 -1.040000 -0.160000
v 0.818000 -1.040000 0.160000
v 1.300875 -0.693383 -0.160000
v 1.300875 -0.693383 0.160000
v 1.290007 -0.687109 -0.160000
v 1.290007 -0.687109 0.160000
v 1.279399 -0.681547 -0.160000
v 1.279399 -0.681547 0.160000
v 1.269096 -0.676681 -0.160000
v 1.269096 -0.676681 0.160000
v 1.259144 -0.672490 -0.160000
v 1.259144 -0.672490 0.160000
v 1.249594 -0.668954 -0.160000
v 1.249594 -0.668954 0.160000
v 1.240497 -0.666051 -0.160000
v 1.240497 -0.666051 0.160000
v 1.231912 -0.663758 -0.160000
v 1.231912 -0.663758 0.160000
v 1.223900 -0.662046 -0.160000
v 1.223900 -0.662046 0.160000
v 1.216531 -0.660882 -0.160000
v 1.216531 -0.660882 0.160000
v 1.209880 -0.660227 -0.160000
v 1.209880 -0.660227 0.160000
v 1.204108 -0.660028 -0.160000
v 1.204108 -0.660028 0.160000
v 1.198570 -0.660249 -0.160000
v 1.198570 -0.660249 0.160000
v 1.193938 -0.660830 -0.160000
v 1.193938 -0.660830 0.160000
v 1.190171 -0.661660 -0.160000
v 1.190171 -0.661660 0.160000
v 1.187299 -0.662604 -0.160000
v 1.187299 -0.662604 0.160000
v 1.185325 -0.663505 -0.160000
v 1.185325 -0.663505 0.160000
v 1.184200 -0.664195 -0.160000
v 1.184200 -0.664195 0.160000
v 1.183810 -0.664513 -0.160000
v 1.183810 -0.664513 0.160000
v 1.183959 -0.664350 -0.160000
v 1.183959 -0.664350 0.160000
v 1.184384 -0.663705 -0.160000
v 1.184384 -0.663705 0.160000
v 1.184817 -0.662728 -0.160000
v 1.184817 -0.662728 0.160000
v 1.185073 -0.661716 -0.160000
v 1.185073 -0.661716 0.160000
v 1.185201 -0.660127 -0.160000
v 1.185201 -0.660127 0.160000
v 1.184762 -0.656608 -0.160000
v 1.184762 -0.656608 0.160000
v 1.183869 -0.654173 -0.160000
v 1.183869 -0.654173 0.160000
v 1.183887 -0.654204 -0.160000
v 1.183887 -0.654204 0.160000
v 1.185633 -0.656383 -0.160000
v 1.185633 -0.656383 0.160000
v 1.189422 -0.660225 -0.160000
v 1.189422 -0.660225 0.160000
v 1.195316 -0.665363 -0.160000
v 1.195316 -0.665363 0.160000
v 1.203298 -0.671572 -0.160000
v 1.203298 -0.671572 0.160000
v 1.213344 -0.678736 -0.160000
v 1.213344 -0.678736 0.160000
v 1.225440 -0.686803 -0.160000
v 1.225440 -0.686803 0.160000
v 1.239591 -0.695763 -0.160000
v 1.239591 -0.695763 0.160000
v 1.255815 -0.705632 -0.160000
v 1.255815 -0.705632 0.160000
v 1.275409 -0.717188 -0.160000
v 1.275409 -0.717188 0.160000
v 1.294448 -0.730104 -0.160000
v 1.294448 -0.730104 0.160000
v 1.311135 -0.742114 -0.160000
v 1.311135 -0.742114 0.160000
v 1.326286 -0.753882 -0.160000
v 1.326286 -0.753882 0.160000
v 1.339997 -0.765615 -0.160000
v 1.339997 -0.765615 0.160000
v 1.352340 -0.777538 -0.160000
v 1.352340 -0.777538 0.160000
v 1.363337 -0.789888 -0.160000
v 1.363337 -0.789888 0.160000
v 1.372931 -0.802873 -0.160000
v 1.372931 -0.802873 0.160000
v 1.380979 -0.816619 -0.160000
v 1.380979 -0.816619 0.160000
v 1.387292 -0.831106 -0.160000
v 1.387292 -0.831106 0.160000
v 1.391722 -0.846153 -0.160000
v 1.391722 -0.846153 0.160000
v 1.394258 -0.861494 -0.160000
v 1.394258 -0.861494 0.160000
v 1.395069 -0.877318 -0.160000
v 1.395069 -0.877318 0.160000
v 1.393434 -0.901657 -0.160000
v 1.393434 -0.901657 0.160000
v 1.388501 -0.925220 -0.160000
v 1.388501 -0.925220 0.160000
v 1.380405 -0.947404 -0.160000
v 1.380405 -0.947404 0.160000
v 1.369333 -0.967896 -0.160000
v 1.369333 -0.967896 0.160000
v 1.355542 -0.986419 -0.160000
v 1.355542 -0.986419 0.160000
v 1.339329 -1.002754 -0.160000
v 1.339329 -1.002754 0.160000
v 1.321001 -1.016744 -0.160000
v 1.321001 -1.016744 0.160000
v 1.300854 -1.028289 -0.160000
v 1.300854 -1.028289 0.160000
v 1.279156 -1.037329 -0.160000
v 1.279156 -1.037329 0.160000
v 1.256146 -1.043824 -0.160000
v 1.256146 -1.043824 0.160000
v 1.232036 -1.047743 -0.160000
v 1.232036 -1.047743 0.160000
v 1.207702 -1.049018 -0.160000
v 1.207702 -1.049018 0.160000
v 1.192041 -1.048747 -0.160000
v 1.192041 -1.048747 0.160000
v 1.177358 -1.047941 -0.160000
v 1.177358 -1.047941 0.160000
v 1.162861 -1.046543 -0.160000
v 1.162861 -1.046543 0.160000
v 1.148500 -1.044516 -0.160000
v 1.148500 -1.044516 0.160000
v 1.134232 -1.041829 -0.160000
v 1.134232 -1.041829 0.160000
v 1.120016 -1.038462 -0.160000
v 1.120016 -1.038462 0.160000
v 1.105807 -1.034402 -0.160000
v 1.105807 -1.034402 0.160000
v 1.091554 -1.029644 -0.160000
v 1.091554 -1.029644 0.160000
v 1.077193 -1.024185 -0.160000
v 1.077193 -1.024185 0.160000
v 1.062647 -1.018020 -0.160000
v 1.062647 -1.018020 0.160000
v 1.047828 -1.011143 -0.160000
v 1.047828 -1.011143 0.160000
v 1.011000 -0.992710 -0.160000
v 1.011000 -0.992710 0.160000
v 1.011000 -0.797383 -0.160000
v 1.011000 -0.797383 0.160000
v 1.086944 -0.847861 -0.160000
v 1.086944 -0.847861 0.160000
v 1.099860 -0.855805 -0.160000
v 1.099860 -0.855805 0.160000
v 1.112409 -0.862904 -0.160000
v 1.112409 -0.862904 0.160000
v 1.124534 -0.869167 -0.160000
v 1.124534 -0.869167 0.160000
v 1.136177 -0.874602 -0.160000
v 1.136177 -0.874602 0.160000
v 1.147274 -0.879219 -0.160000
v 1.147274 -0.879219 0.160000
v 1.157758 -0.883031 -0.160000
v 1.157758 -0.883031 0.160000
v 1.167551 -0.886056 -0.160000
v 1.167551 -0.886056 0.160000
v 1.176569 -0.888317 -0.160000
v 1.176569 -0.888317 0.160000
v 1.184714 -0.889849 -0.160000
v 1.184714 -0.889849 0.160000
v 1.191877 -0.890704 -0.160000
v 1.191877 -0.890704 0.160000
v 1.197018 -0.890922 -0.160000
v 1.197018 -0.890922 0.160000
v 1.201703 -0.890493 -0.160000
v 1.201703 -0.890493 0.160000
v 1.207122 -0.889579 -0.160000
v 1.207122 -0.889579 0.160000
v 1.211888 -0.888367 -0.160000
v 1.211888 -0.888367 0.160000
v 1.215886 -0.886956 -0.160000
v 1.215886 -0.886956 0.160000
v 1.219023 -0.885477 -0.160000
v 1.219023 -0.885477 0.160000
v 1.221260 -0.884092 -0.160000
v 1.221260 -0.884092 0.160000
v 1.222641 -0.882970 -0.160000
v 1.222641 -0.882970 0.160000
v 1.223322 -0.882230 -0.160000
v 1.223322 -0.882230 0.160000
v 1.223566 -0.881862 -0.160000
v 1.223566 -0.881862 0.160000
v 1.223661 -0.881649 -0.160000
v 1.223661 -0.881649 0.160000
v 1.223780 -0.881175 -0.160000
v 1.223780 -0.881175 0.160000
v 1.223567 -0.883855 -0.160000
v 1.223567 -0.883855 0.160000
v 1.223521 -0.883687 -0.160000
v 1.223521 -0.883687 0.160000
v 1.220068 -0.879407 -0.160000
v 1.220068 -0.879407 0.160000
v 1.207907 -0.869706 -0.160000
v 1.207907 -0.869706 0.160000
v 1.188793 -0.857533 -0.160000
v 1.188793 -0.857533 0.160000
v 1.164996 -0.843776 -0.160000
v 1.164996 -0.843776 0.160000
v 1.138398 -0.828418 -0.160000
v 1.138398 -0.828418 0.160000
v 1.110594 -0.811051 -0.160000
v 1.110594 -0.811051 0.160000
v 1.083037 -0.790980 -0.160000
v 1.083037 -0.790980 0.160000
v 1.057216 -0.767200 -0.160000
v 1.057216 -0.767200 0.160000
v 1.035040 -0.738453 -0.160000
v 1.035040 -0.738453 0.160000
v 1.019359 -0.703829 -0.160000
v 1.019359 -0.703829 0.160000
v 1.013812 -0.665592 -0.160000
v 1.013812 -0.665592 0.160000
v 1.015457 -0.640271 -0.160000
v 1.015457 -0.640271 0.160000
v 1.020137 -0.617588 -0.160000
v 1.020137 -0.617588 0.160000
v 1.027975 -0.596210 -0.160000
v 1.027975 -0.596210 0.160000
v 1.038877 -0.576503 -0.160000
v 1.038877 -0.576503 0.160000
v 1.052618 -0.558826 -0.160000
v 1.052618 -0.558826 0.160000
v 1.068868 -0.543448 -0.160000
v 1.068868 -0.543448 0.160000
v 1.087262 -0.530518 -0.160000
v 1.087262 -0.530518 0.160000
v 1.107464 -0.520068 -0.160000
v 1.107464 -0.520068 0.160000
v 1.129205 -0.512058 -0.160000
v 1.129205 -0.512058 0.160000
v 1.152288 -0.506415 -0.160000
v 1.152288 -0.506415 0.160000
v 1.176575 -0.503068 -0.160000
v 1.176575 -0.503068 0.160000
v 1.201607 -0.501979 -0.160000
v 1.201607 -0.501979 0.160000
v 1.214422 -0.502284 -0.160000
v 1.214422 -0.502284 0.160000
v 1.226876 -0.503173 -0.160000
v 1.226876 -0.503173 0.160000
v 1.239355 -0.504652 -0.160000
v 1.239355 -0.504652 0.160000
v 1.251854 -0.506719 -0.160000
v 1.251854 -0.506719 0.160000
v 1.264371 -0.509369 -0.160000
v 1.264371 -0.509369 0.160000
v 1.276904 -0.512596 -0.160000
v 1.276904 -0.512596 0.160000
v 1.289457 -0.516392 -0.160000
v 1.289457 -0.516392 0.160000
v 1.302035 -0.520749 -0.160000
v 1.302035 -0.520749 0.160000
v 1.314645 -0.525662 -0.160000
v 1.314645 -0.525662 0.160000
v 1.327298 -0.531124 -0.160000
v 1.327298 -0.531124 0.160000
v 1.340004 -0.537130 -0.160000
v 1.340004 -0.537130 0.160000
v 1.374000 -0.554552 -0.160000
v 1.374000 -0.554552 0.160000
v 1.374000 -0.739602 -0.160000
v 1.374000 -0.739602 0.160000
v 1.528514 -0.570000 -0.160000
v 1.528514 -0.570000 0.160000
v 1.526292 -0.572612 -0.160000
v 1.526292 -0.572612 0.160000
v 1.537744 -0.560964 -0.160000
v 1.537744 -0.560964 0.160000
v 1.549896 -0.550263 -0.160000
v 1.549896 -0.550263 0.160000
v 1.562686 -0.540540 -0.160000
v 1.562686 -0.540540 0.160000
v 1.576055 -0.531825 -0.160000
v 1.576055 -0.531825 0.160000
v 1.589948 -0.524150 -0.160000
v 1.589948 -0.524150 0.160000
v 1.604306 -0.517547 -0.160000
v 1.604306 -0.517547 0.160000
v 1.619073 -0.512053 -0.160000
v 1.619073 -0.512053 0.160000
v 1.634191 -0.507706 -0.160000
v 1.634191 -0.507706 0.160000
v 1.649597 -0.504547 -0.160000
v 1.649597 -0.504547 0.160000
v 1.665228 -0.502618 -0.160000
v 1.665228 -0.502618 0.160000
v 1.681337 -0.501952 -0.160000
v 1.681337 -0.501952 0.160000
v 1.707306 -0.503464 -0.160000
v 1.707306 -0.503464 0.160000
v 1.732800 -0.508167 -0.160000
v 1.732800 -0.508167 0.160000
v 1.757244 -0.516190 -0.160000
v 1.757244 -0.516190 0.160000
v 1.780268 -0.527626 -0.160000
v 1.780268 -0.527626 0.160000
v 1.801444 -0.542466 -0.160000
v 1.801444 -0.542466 0.160000
v 1.820351 -0.560579 -0.160000
v 1.820351 -0.560579 0.160000
v 1.836637 -0.581728 -0.160000
v 1.836637 -0.581728 0.160000
v 1.850077 -0.605635 -0.160000
v 1.850077 -0.605635 0.160000
v 1.860557 -0.632052 -0.160000
v 1.860557 -0.632052 0.160000
v 1.868045 -0.660798 -0.160000
v 1.868045 -0.660798 0.160000
v 1.872540 -0.691777 -0.160000
v 1.872540 -0.691777 0.160000
v 1.874000 -0.724097 -0.160000
v 1.874000 -0.724097 0.160000
v 1.874000 -1.040000 -0.160000
v 1.874000 -1.040000 0.160000
v 1.705000 -1.040000 -0.160000
v 1.705000 -1.040000 0.160000
v 1.705000 -0.722874 -0.160000
v 1.705000 -0.722874 0.160000
v 1.704420 -0.709608 -0.160000
v 1.704420 -0.709608 0.160000
v 1.702887 -0.698505 -0.160000
v 1.702887 -0.698505 0.160000
v 1.700515 -0.688781 -0.160000
v 1.700515 -0.688781 0.160000
v 1.697468 -0.680464 -0.160000
v 1.697468 -0.680464 0.160000
v 1.693916 -0.673529 -0.160000
v 1.693916 -0.673529 0.160000
v 1.690005 -0.667888 -0.160000
v 1.690005 -0.667888 0.160000
v 1.685823 -0.663388 -0.160000
v 1.685823 -0.663388 0.160000
v 1.681357 -0.659838 -0.160000
v 1.681357 -0.659838 0.160000
v 1.676475 -0.657064 -0.160000
v 1.676475 -0.657064 0.160000
v 1.670949 -0.654975 -0.160000
v 1.670949 -0.654975 0.160000
v 1.664517 -0.653600 -0.160000
v 1.664517 -0.653600 0.160000
v 1.656443 -0.653054 -0.160000
v 1.656443 -0.653054 0.160000
v 1.650694 -0.653282 -0.160000
v 1.650694 -0.653282 0.160000
v 1.644854 -0.654015 -0.160000
v 1.644854 -0.654015 0.160000
v 1.639313 -0.655227 -0.160000
v 1.639313 -0.655227 0.160000
v 1.633830 -0.656971 -0.160000
v 1.633830 -0.656971 0.160000
v 1.628180 -0.659355 -0.160000
v 1.628180 -0.659355 0.160000
v 1.622184 -0.662518 -0.160000
v 1.622184 -0.662518 0.160000
v 1.615721 -0.666608 -0.160000
v 1.615721 -0.666608 0.160000
v 1.608719 -0.671759 -0.160000
v 1.608719 -0.671759 0.160000
v 1.601144 -0.678075 -0.160000
v 1.601144 -0.678075 0.160000
v 1.592976 -0.685634 -0.160000
v 1.592976 -0.685634 0.160000
v 1.584203 -0.694489 -0.160000
v 1.584203 -0.694489 0.160000
v 1.585000 -0.693625 -0.160000
v 1.585000 -0.693625 0.160000
v 1.585000 -1.040000 -0.160000
v 1.585000 -1.040000 0.160000
v 1.416000 -1.040000 -0.160000
v 1.416000 -1.040000 0.160000
v 1.416000 -0.278000 -0.160000
v 1.416000 -0.278000 0.160000
v 1.585000 -0.278000 -0.160000
v 1.585000 -0.278000 0.160000
v 1.585000 -0.570000 -0.160000
v 1.585000 -0.570000 0.160000
v 2.531729 -0.485624 -0.160000
v 2.531729 -0.485624 0.160000
v 2.519266 -0.475713 -0.160000
v 2.519266 -0.475713 0.160000
v 2.507102 -0.467201 -0.160000
v 2.507102 -0.467201 0.160000
v 2.495255 -0.459980 -0.160000
v 2.495255 -0.459980 0.160000
v 2.483734 -0.453946 -0.160000
v 2.483734 -0.453946 0.160000
v 2.472540 -0.448996 -0.160000
v 2.472540 -0.448996 0.160000
v 2.461671 -0.445030 -0.160000
v 2.461671 -0.445030 0.160000
v 2.451120 -0.441959 -0.160000
v 2.451120 -0.441959 0.160000
v 2.440880 -0.439696 -0.160000
v 2.440880 -0.439696 0.160000
v 2.430944 -0.438164 -0.160000
v 2.430944 -0.438164 0.160000
v 2.421309 -0.437293 -0.160000
v 2.421309 -0.437293 0.160000
v 2.412289 -0.437026 -0.160000
v 2.412289 -0.437026 0.160000
v 2.400245 -0.437557 -0.160000
v 2.400245 -0.437557 0.160000
v 2.389500 -0.439030 -0.160000
v 2.389500 -0.439030 0.160000
v 2.379875 -0.441326 -0.160000
v 2.379875 -0.441326 0.160000
v 2.371448 -0.444300 -0.160000
v 2.371448 -0.444300 0.160000
v 2.364276 -0.447786 -0.160000
v 2.364276 -0.447786 0.160000
v 2.358371 -0.451614 -0.160000
v 2.358371 -0.451614 0.160000
v 2.353690 -0.455623 -0.160000
v 2.353690 -0.455623 0.160000
v 2.350124 -0.459698 -0.160000
v 2.350124 -0.459698 0.160000
v 2.347511 -0.463815 -0.160000
v 2.347511 -0.463815 0.160000
v 2.345683 -0.468078 -0.160000
v 2.345683 -0.468078 0.160000
v 2.344542 -0.472716 -0.160000
v 2.344542 -0.472716 0.160000
v 2.344302 -0.475757 -0.160000
v 2.344302 -0.475757 0.160000
v 2.347690 -0.493372 -0.160000
v 2.347690 -0.493372 0.160000
v 2.357069 -0.508489 -0.160000
v 2.357069 -0.508489 0.160000
v 2.375261 -0.525573 -0.160000
v 2.375261 -0.525573 0.160000
v 2.401963 -0.543931 -0.160000
v 2.401963 -0.543931 0.160000
v 2.434989 -0.563313 -0.160000
v 2.434989 -0.563313 0.160000
v 2.471927 -0.584351 -0.160000
v 2.471927 -0.584351 0.160000
v 2.510521 -0.608225 -0.160000
v 2.510521 -0.608225 0.160000
v 2.548583 -0.636495 -0.160000
v 2.548583 -0.636495 0.160000
v 2.583694 -0.670985 -0.160000
v 2.583694 -0.670985 0.160000
v 2.612815 -0.713399 -0.160000
v 2.612815 -0.713399 0.160000
v 2.632349 -0.764509 -0.160000
v 2.632349 -0.764509 0.160000
v 2.639148 -0.822947 -0.160000
v 2.639148 -0.822947 0.160000
v 2.637097 -0.855255 -0.160000
v 2.637097 -0.855255 0.160000
v 2.631229 -0.885176 -0.160000
v 2.631229 -0.885176 0.160000
v 2.621635 -0.913461 -0.160000
v 2.621635 -0.913461 0.160000
v 2.608511 -0.939799 -0.160000
v 2.608511 -0.939799 0.160000
v 2.592088 -0.963886 -0.160000
v 2.592088 -0.963886 0.160000
v 2.572623 -0.985442 -0.160000
v 2.572623 -0.985442 0.160000
v 2.550394 -1.004210 -0.160000
v 2.550394 -1.004210 0.160000
v 2.525690 -1.019959 -0.160000
v 2.525690 -1.019959 0.160000
v 2.498808 -1.032487 -0.160000
v 2.498808 -1.032487 0.160000
v 2.470041 -1.041615 -0.160000
v 2.470041 -1.041615 0.160000
v 2.439681 -1.047188 -0.160000
v 2.439681 -1.047188 0.160000
v 2.408729 -1.049027 -0.160000
v 2.408729 -1.049027 0.160000
v 2.387900 -1.048549 -0.160000
v 2.387900 -1.048549 0.160000
v 2.368241 -1.047145 -0.160000
v 2.368241 -1.047145 0.160000
v 2.348986 -1.044770 -0.160000
v 2.348986 -1.044770 0.160000
v 2.330123 -1.041402 -0.160000
v 2.330123 -1.041402 0.160000
v 2.311649 -1.037022 -0.160000
v 2.311649 -1.037022 0.160000
v 2.293561 -1.031618 -0.160000
v 2.293561 -1.031618 0.160000
v 2.275859 -1.025187 -0.160000
v 2.275859 -1.025187 0.160000
v 2.258543 -1.017733 -0.160000
v 2.258543 -1.017733 0.160000
v 2.241607 -1.009267 -0.160000
v 2.241607 -1.009267 0.160000
v 2.225039 -0.999804 -0.160000
v 2.225039 -0.999804 0.160000
v 2.208819 -0.989360 -0.160000
v 2.208819 -0.989360 0.160000
v 2.177000 -0.966532 -0.160000
v 2.177000 -0.966532 0.160000
v 2.177000 -0.711110 -0.160000
v 2.177000 -0.711110 0.160000
v 2.259779 -0.810923 -0.160000
v 2.259779 -0.810923 0.160000
v 2.271351 -0.823268 -0.160000
v 2.271351 -0.823268 0.160000
v 2.283194 -0.834386 -0.160000
v 2.283194 -0.834386 0.160000
v 2.295266 -0.844281 -0.160000
v 2.295266 -0.844281 0.160000
v 2.307526 -0.852961 -0.160000
v 2.307526 -0.852961 0.160000
v 2.319941 -0.860439 -0.160000
v 2.319941 -0.860439 0.160000
v 2.332486 -0.866732 -0.160000
v 2.332486 -0.866732 0.160000
v 2.345145 -0.871858 -0.160000
v 2.345145 -0.871858 0.160000
v 2.357914 -0.875836 -0.160000
v 2.357914 -0.875836 0.160000
v 2.370800 -0.878677 -0.160000
v 2.370800 -0.878677 0.160000
v 2.383821 -0.880388 -0.160000
v 2.383821 -0.880388 0.160000
v 2.396806 -0.880954 -0.160000
v 2.396806 -0.880954 0.160000
v 2.410759 -0.880211 -0.160000
v 2.410759 -0.880211 0.160000
v 2.422610 -0.878220 -0.160000
v 2.422610 -0.878220 0.160000
v 2.432673 -0.875253 -0.160000
v 2.432673 -0.875253 0.160000
v 2.441124 -0.871552 -0.160000
v 2.441124 -0.871552 0.160000
v 2.448145 -0.867317 -0.160000
v 2.448145 -0.867317 0.160000
v 2.453907 -0.862702 -0.160000
v 2.453907 -0.862702 0.160000
v 2.458547 -0.857839 -0.160000
v 2.458547 -0.857839 0.160000
v 2.462168 -0.852854 -0.160000
v 2.462168 -0.852854 0.160000
v 2.464840 -0.847891 -0.160000
v 2.464840 -0.847891 0.160000
v 2.466626 -0.843126 -0.160000
v 2.466626 -0.843126 0.160000
v 2.467600 -0.838769 -0.160000
v 2.467600 -0.838769 0.160000
v 2.467734 -0.837005 -0.160000
v 2.467734 -0.837005 0.160000
v 2.463987 -0.815824 -0.160000
v 2.463987 -0.815824 0.160000
v 2.453707 -0.797479 -0.160000
v 2.453707 -0.797479 0.160000
v 2.435066 -0.777882 -0.160000
v 2.435066 -0.777882 0.160000
v 2.408443 -0.757418 -0.160000
v 2.408443 -0.757418 0.160000
v 2.375799 -0.736345 -0.160000
v 2.375799 -0.736345 0.160000
v 2.339410 -0.714240 -0.160000
v 2.339410 -0.714240 0.160000
v 2.301456 -0.690190 -0.160000
v 2.301456 -0.690190 0.160000
v 2.264021 -0.662903 -0.160000
v 2.264021 -0.662903 0.160000
v 2.229290 -0.630728 -0.160000
v 2.229290 -0.630728 0.160000
v 2.200012 -0.591849 -0.160000
v 2.200012 -0.591849 0.160000
v 2.179889 -0.545124 -0.160000
v 2.179889 -0.545124 0.160000
v 2.172833 -0.492416 -0.160000
v 2.172833 -0.492416 0.160000
v 2.174930 -0.458949 -0.160000
v 2.174930 -0.458949 0.160000
v 2.180959 -0.428455 -0.160000
v 2.180959 -0.428455 0.160000
v 2.190967 -0.399784 -0.160000
v 2.190967 -0.399784 0.160000
v 2.204833 -0.373290 -0.160000
v 2.204833 -0.373290 0.160000
v 2.222341 -0.349331 -0.160000
v 2.222341 -0.349331 0.160000
v 2.243188 -0.328219 -0.160000
v 2.243188 -0.328219 0.160000
v 2.267020 -0.310183 -0.160000
v 2.267020 -0.310183 0.160000
v 2.293482 -0.295359 -0.160000
v 2.293482 -0.295359 0.160000
v 2.322253 -0.283811 -0.160000
v 2.322253 -0.283811 0.160000
v 2.353063 -0.275560 -0.160000
v 2.353063 -0.275560 0.160000
v 2.385694 -0.270606 -0.160000
v 2.385694 -0.270606 0.160000
v 2.419550 -0.268975 -0.160000
v 2.419550 -0.268975 0.160000
v 2.435048 -0.269373 -0.160000
v 2.435048 -0.269373 0.160000
v 2.450072 -0.270530 -0.160000
v 2.450072 -0.270530 0.160000
v 2.465049 -0.272457 -0.160000
v 2.465049 -0.272457 0.160000
v 2.479957 -0.275150 -0.160000
v 2.479957 -0.275150 0.160000
v 2.494773 -0.278607 -0.160000
v 2.494773 -0.278607 0.160000
v 2.509475 -0.282822 -0.160000
v 2.509475 -0.282822 0.160000
v 2.524043 -0.287790 -0.160000
v 2.524043 -0.287790 0.160000
v 2.538455 -0.293505 -0.160000
v 2.538455 -0.293505 0.160000
v 2.552695 -0.299962 -0.160000
v 2.552695 -0.299962 0.160000
v 2.566741 -0.307152 -0.160000
v 2.566741 -0.307152 0.160000
v 2.580579 -0.315070 -0.160000
v 2.580579 -0.315070 0.160000
v 2.612000 -0.335010 -0.160000
v 2.612000 -0.335010 0.160000
v 2.612000 -0.557550 -0.160000
v 2.612000 -0.557550 0.160000
v 2.648000 -1.270000 -0.160000
v 2.648000 -1.270000 0.160000
v 2.648000 -0.511000 -0.160000
v 2.648000 -0.511000 0.160000
v 2.842841 -0.511000 -0.160000
v 2.842841 -0.511000 0.160000
v 2.884984 -0.512774 -0.160000
v 2.884984 -0.512774 0.160000
v 2.925232 -0.518271 -0.160000
v 2.925232 -0.518271 0.160000
v 2.962742 -0.527583 -0.160000
v 2.962742 -0.527583 0.160000
v 2.997375 -0.540860 -0.160000
v 2.997375 -0.540860 0.160000
v 3.028877 -0.558225 -0.160000
v 3.028877 -0.558225 0.160000
v 3.056873 -0.579701 -0.160000
v 3.056873 -0.579701 0.160000
v 3.080931 -0.605138 -0.160000
v 3.080931 -0.605138 0.160000
v 3.100685 -0.634203 -0.160000
v 3.100685 -0.634203 0.160000
v 3.115932 -0.666462 -0.160000
v 3.115932 -0.666462 0.160000
v 3.126660 -0.701509 -0.160000
v 3.126660 -0.701509 0.160000
v 3.132981 -0.739052 -0.160000
v 3.132981 -0.739052 0.160000
v 3.135061 -0.779146 -0.160000
v 3.135061 -0.779146 0.160000
v 3.132838 -0.816703 -0.160000
v 3.132838 -0.816703 0.160000
v 3.126225 -0.852663 -0.160000
v 3.126225 -0.852663 0.160000
v 3.115372 -0.886591 -0.160000
v 3.115372 -0.886591 0.160000
v 3.100456 -0.918162 -0.160000
v 3.100456 -0.918162 0.160000
v 3.081686 -0.947039 -0.160000
v 3.081686 -0.947039 0.160000
v 3.059314 -0.972889 -0.160000
v 3.059314 -0.972889 0.160000
v 3.033626 -0.995398 -0.160000
v 3.033626 -0.995398 0.160000
v 3.004943 -1.014277 -0.160000
v 3.004943 -1.014277 0.160000
v 2.973601 -1.029277 -0.160000
v 2.973601 -1.029277 0.160000
v 2.939944 -1.040186 -0.160000
v 2.939944 -1.040186 0.160000
v 2.904310 -1.046831 -0.160000
v 2.904310 -1.046831 0.160000
v 2.867851 -1.049021 -0.160000
v 2.867851 -1.049021 0.160000
v 2.858368 -1.048855 -0.160000
v 2.858368 -1.048855 0.160000
v 2.849751 -1.048394 -0.160000
v 2.849751 -1.048394 0.160000
v 2.841132 -1.047613 -0.160000
v 2.841132 -1.047613 0.160000
v 2.832505 -1.046506 -0.160000
v 2.832505 -1.046506 0.160000
v 2.823865 -1.045070 -0.160000
v 2.823865 -1.045070 0.160000
v 2.815204 -1.043305 -0.160000
v 2.815204 -1.043305 0.160000
v 2.806508 -1.041214 -0.160000
v 2.806508 -1.041214 0.160000
v 2.797761 -1.038801 -0.160000
v 2.797761 -1.038801 0.160000
v 2.788942 -1.036070 -0.160000
v 2.788942 -1.036070 0.160000
v 2.780027 -1.033024 -0.160000
v 2.780027 -1.033024 0.160000
v 2.770984 -1.029665 -0.160000
v 2.770984 -1.029665 0.160000
v 2.817000 -1.048020 -0.160000
v 2.817000 -1.048020 0.160000
v 2.817000 -1.270000 -0.160000
v 2.817000 -1.270000 0.160000
v 2.799874 -0.875494 -0.160000
v 2.799874 -0.875494 0.160000
v 2.805439 -0.877822 -0.160000
v 2.805439 -0.877822 0.160000
v 2.811038 -0.879935 -0.160000
v 2.811038 -0.879935 0.160000
v 2.816659 -0.881831 -0.160000
v 2.816659 -0.881831 0.160000
v 2.822290 -0.883508 -0.160000
v 2.822290 -0.883508 0.160000
v 2.827920 -0.884963 -0.160000
v 2.827920 -0.884963 0.160000
v 2.833535 -0.886195 -0.160000
v 2.833535 -0.886195 0.160000
v 2.839125 -0.887203 -0.160000
v 2.839125 -0.887203 0.160000
v 2.844677 -0.887987 -0.160000
v 2.844677 -0.887987 0.160000
v 2.850180 -0.888546 -0.160000
v 2.850180 -0.888546 0.160000
v 2.855623 -0.888880 -0.160000
v 2.855623 -0.888880 0.160000
v 2.860121 -0.888973 -0.160000
v 2.860121 -0.888973 0.160000
v 2.876012 -0.887946 -0.160000
v 2.876012 -0.887946 0.160000
v 2.889894 -0.885168 -0.160000
v 2.889894 -0.885168 0.160000
v 2.902664 -0.880745 -0.160000
v 2.902664 -0.880745 0.160000
v 2.914349 -0.874795 -0.160000
v 2.914349 -0.874795 0.160000
v 2.924960 -0.867395 -0.160000
v 2.924960 -0.867395 0.160000
v 2.934482 -0.858593 -0.160000
v 2.934482 -0.858593 0.160000
v 2.942865 -0.848420 -0.160000
v 2.942865 -0.848420 0.160000
v 2.950029 -0.836901 -0.160000
v 2.950029 -0.836901 0.160000
v 2.955861 -0.824062 -0.160000
v 2.955861 -0.824062 0.160000
v 2.960228 -0.809933 -0.160000
v 2.960228 -0.809933 0.160000
v 2.962976 -0.794558 -0.160000
v 2.962976 -0.794558 0.160000
v 2.963948 -0.777754 -0.160000
v 2.963948 -0.777754 0.160000
v 2.963113 -0.759406 -0.160000
v 2.963113 -0.759406 0.160000
v 2.960685 -0.742935 -0.160000
v 2.960685 -0.742935 0.160000
v 2.956864 -0.728662 -0.160000
v 2.956864 -0.728662 0.160000
v 2.951838 -0.716500 -0.160000
v 2.951838 -0.716500 0.160000
v 2.945745 -0.706241 -0.160000
v 2.945745 -0.706241 0.160000
v 2.938582 -0.697575 -0.160000
v 2.938582 -0.697575 0.160000
v 2.930166 -0.690187 -0.160000
v 2.930166 -0.690187 0.160000
v 2.920158 -0.683875 -0.160000
v 2.920158 -0.683875 0.160000
v 2.908180 -0.678623 -0.160000
v 2.908180 -0.678623 0.160000
v 2.893921 -0.674577 -0.160000
v 2.893921 -0.674577 0.160000
v 2.877196 -0.671968 -0.160000
v 2.877196 -0.671968 0.160000
v 2.857040 -0.671000 -0.160000
v 2.857040 -0.671000 0.160000
v 2.817000 -0.671000 -0.160000
v 2.817000 -0.671000 0.160000
v 2.817000 -0.883374 -0.160000
v 2.817000 -0.883374 0.160000
v 3.553811 -1.014041 -0.160000
v 3.553811 -1.014041 0.160000
v 3.544315 -1.020029 -0.160000
v 3.544315 -1.020029 0.160000
v 3.535313 -1.025442 -0.160000
v 3.535313 -1.025442 0.160000
v 3.526623 -1.030326 -0.160000
v 3.526623 -1.030326 0.160000
v 3.518068 -1.034705 -0.160000
v 3.518068 -1.034705 0.160000
v 3.509495 -1.038574 -0.160000
v 3.509495 -1.038574 0.160000
v 3.500798 -1.041892 -0.160000
v 3.500798 -1.041892 0.160000
v 3.491942 -1.044601 -0.160000
v 3.491942 -1.044601 0.160000
v 3.482967 -1.046649 -0.160000
v 3.482967 -1.046649 0.160000
v 3.473956 -1.048027 -0.160000
v 3.473956 -1.048027 0.160000
v 3.464984 -1.048784 -0.160000
v 3.464984 -1.048784 0.160000
v 3.455883 -1.049016 -0.160000
v 3.455883 -1.049016 0.160000
v 3.443942 -1.048642 -0.160000
v 3.443942 -1.048642 0.160000
v 3.432193 -1.047431 -0.160000
v 3.432193 -1.047431 0.160000
v 3.420658 -1.045245 -0.160000
v 3.420658 -1.045245 0.160000
v 3.409348 -1.041919 -0.160000
v 3.409348 -1.041919 0.160000
v 3.398370 -1.037283 -0.160000
v 3.398370 -1.037283 0.160000
v 3.387935 -1.031224 -0.160000
v 3.387935 -1.031224 0.160000
v 3.378339 -1.023746 -0.160000
v 3.378339 -1.023746 0.160000
v 3.369876 -1.015004 -0.160000
v 3.369876 -1.015004 0.160000
v 3.362743 -1.005273 -0.160000
v 3.362743 -1.005273 0.160000
v 3.356985 -0.994854 -0.160000
v 3.356985 -0.994854 0.160000
v 3.352515 -0.983979 -0.160000
v 3.352515 -0.983979 0.160000
v 3.366154 -1.029733 -0.160000
v 3.366154 -1.029733 0.160000
v 3.401597 -1.002882 -0.160000
v 3.401597 -1.002882 0.160000
v 3.390110 -1.010745 -0.160000
v 3.390110 -1.010745 0.160000
v 3.378432 -1.017907 -0.160000
v 3.378432 -1.017907 0.160000
v 3.366571 -1.024358 -0.160000
v 3.366571 -1.024358 0.160000
v 3.354538 -1.030085 -0.160000
v 3.354538 -1.030085 0.160000
v 3.342345 -1.035077 -0.160000
v 3.342345 -1.035077 0.160000
v 3.330010 -1.039320 -0.160000
v 3.330010 -1.039320 0.160000
v 3.317553 -1.042805 -0.160000
v 3.317553 -1.042805 0.160000
v 3.304997 -1.045523 -0.160000
v 3.304997 -1.045523 0.160000
v 3.292367 -1.047466 -0.160000
v 3.292367 -1.047466 0.160000
v 3.279693 -1.048631 -0.160000
v 3.279693 -1.048631 0.160000
v 3.266293 -1.049040 -0.160000
v 3.266293 -1.049040 0.160000
v 3.245638 -1.047678 -0.160000
v 3.245638 -1.047678 0.160000
v 3.225258 -1.043526 -0.160000
v 3.225258 -1.043526 0.160000
v 3.206108 -1.036792 -0.160000
v 3.206108 -1.036792 0.160000
v 3.188424 -1.027691 -0.160000
v 3.188424 -1.027691 0.160000
v 3.172406 -1.016469 -0.160000
v 3.172406 -1.016469 0.160000
v 3.158210 -1.003383 -0.160000
v 3.158210 -1.003383 0.160000
v 3.145955 -0.988687 -0.160000
v 3.145955 -0.988687 0.160000
v 3.135737 -0.972620 -0.160000
v 3.135737 -0.972620 0.160000
v 3.127639 -0.955404 -0.160000
v 3.127639 -0.955404 0.160000
v 3.121745 -0.937254 -0.160000
v 3.121745 -0.937254 0.160000
v 3.118141 -0.918376 -0.160000
v 3.118141 -0.918376 0.160000
v 3.116902 -0.898703 -0.160000
v 3.116902 -0.898703 0.160000
v 3.119020 -0.871514 -0.160000
v 3.119020 -0.871514 0.160000
v 3.125421 -0.846144 -0.160000
v 3.125421 -0.846144 0.160000
v 3.135768 -0.823273 -0.160000
v 3.135768 -0.823273 0.160000
v 3.149372 -0.803298 -0.160000
v 3.149372 -0.803298 0.160000
v 3.165356 -0.786292 -0.160000
v 3.165356 -0.786292 0.160000
v 3.182919 -0.771993 -0.160000
v 3.182919 -0.771993 0.160000
v 3.201460 -0.759963 -0.160000
v 3.201460 -0.759963 0.160000
v 3.220556 -0.749738 -0.160000
v 3.220556 -0.749738 0.160000
v 3.239879 -0.740900 -0.160000
v 3.239879 -0.740900 0.160000
v 3.259142 -0.733092 -0.160000
v 3.259142 -0.733092 0.160000
v 3.278055 -0.726015 -0.160000
v 3.278055 -0.726015 0.160000
v 3.296519 -0.719340 -0.160000
v 3.296519 -0.719340 0.160000
v 3.349000 -0.700739 -0.160000
v 3.349000 -0.700739 0.160000
v 3.349000 -0.705844 -0.160000
v 3.349000 -0.705844 0.160000
v 3.348556 -0.695324 -0.160000
v 3.348556 -0.695324 0.160000
v 3.347470 -0.687618 -0.160000
v 3.347470 -0.687618 0.160000
v 3.345967 -0.681916 -0.160000
v 3.345967 -0.681916 0.160000
v 3.344332 -0.678009 -0.160000
v 3.344332 -0.678009 0.160000
v 3.342752 -0.675462 -0.160000
v 3.342752 -0.675462 0.160000
v 3.341165 -0.673676 -0.160000
v 3.341165 -0.673676 0.160000
v 3.339183 -0.672105 -0.160000
v 3.339183 -0.672105 0.160000
v 3.336238 -0.670476 -0.160000
v 3.336238 -0.670476 0.160000
v 3.331834 -0.668833 -0.160000
v 3.331834 -0.668833 0.160000
v 3.325682 -0.667390 -0.160000
v 3.325682 -0.667390 0.160000
v 3.317699 -0.666392 -0.160000
v 3.317699 -0.666392 0.160000
v 3.308036 -0.666029 -0.160000
v 3.308036 -0.666029 0.160000
v 3.298881 -0.666389 -0.160000
v 3.298881 -0.666389 0.160000
v 3.289740 -0.667474 -0.160000
v 3.289740 -0.667474 0.160000
v 3.280569 -0.669307 -0.160000
v 3.280569 -0.669307 0.160000
v 3.271359 -0.671914 -0.160000
v 3.271359 -0.671914 0.160000
v 3.262102 -0.675333 -0.160000
v 3.262102 -0.675333 0.160000
v 3.252794 -0.679605 -0.160000
v 3.252794 -0.679605 0.160000
v 3.243440 -0.684776 -0.160000
v 3.243440 -0.684776 0.160000
v 3.234050 -0.690895 -0.160000
v 3.234050 -0.690895 0.160000
v 3.224642 -0.698011 -0.160000
v 3.224642 -0.698011 0.160000
v 3.215241 -0.706172 -0.160000
v 3.215241 -0.706172 0.160000
v 3.205878 -0.715422 -0.160000
v 3.205878 -0.715422 0.160000
v 3.126000 -0.804675 -0.160000
v 3.126000 -0.804675 0.160000
v 3.126000 -0.587380 -0.160000
v 3.126000 -0.587380 0.160000
v 3.146686 -0.564932 -0.160000
v 3.146686 -0.564932 0.160000
v 3.158638 -0.553838 -0.160000
v 3.158638 -0.553838 0.160000
v 3.171399 -0.543768 -0.160000
v 3.171399 -0.543768 0.160000
v 3.184928 -0.534766 -0.160000
v 3.184928 -0.534766 0.160000
v 3.199173 -0.526865 -0.160000
v 3.199173 -0.526865 0.160000
v 3.214080 -0.520081 -0.160000
v 3.214080 -0.520081 0.160000
v 3.229592 -0.514414 -0.160000
v 3.229592 -0.514414 0.160000
v 3.245662 -0.509847 -0.160000
v 3.245662 -0.509847 0.160000
v 3.262254 -0.506355 -0.160000
v 3.262254 -0.506355 0.160000
v 3.279343 -0.503905 -0.160000
v 3.279343 -0.503905 0.160000
v 3.296918 -0.502460 -0.160000
v 3.296918 -0.502460 0.160000
v 3.315339 -0.501977 -0.160000
v 3.315339 -0.501977 0.160000
v 3.340900 -0.503081 -0.160000
v 3.340900 -0.503081 0.160000
v 3.366116 -0.506525 -0.160000
v 3.366116 -0.506525 0.160000
v 3.390512 -0.512448 -0.160000
v 3.390512 -0.512448 0.160000
v 3.413870 -0.521029 -0.160000
v 3.413870 -0.521029 0.160000
v 3.435897 -0.532449 -0.160000
v 3.435897 -0.532449 0.160000
v 3.456207 -0.546854 -0.160000
v 3.456207 -0.546854 0.160000
v 3.474328 -0.564294 -0.160000
v 3.474328 -0.564294 0.160000
v 3.489761 -0.584669 -0.160000
v 3.489761 -0.584669 0.160000
v 3.502068 -0.607729 -0.160000
v 3.502068 -0.607729 0.160000
v 3.510958 -0.633146 -0.160000
v 3.510958 -0.633146 0.160000
v 3.516299 -0.660617 -0.160000
v 3.516299 -0.660617 0.160000
v 3.518000 -0.688794 -0.160000
v 3.518000 -0.688794 0.160000
v 3.518000 -0.920380 -0.160000
v 3.518000 -0.920380 0.160000
v 3.518061 -0.922341 -0.160000
v 3.518061 -0.922341 0.160000
v 3.518100 -0.922720 -0.160000
v 3.518100 -0.922720 0.160000
v 3.517960 -0.921999 -0.160000
v 3.517960 -0.921999 0.160000
v 3.517391 -0.920162 -0.160000
v 3.517391 -0.920162 0.160000
v 3.516088 -0.917336 -0.160000
v 3.516088 -0.917336 0.160000
v 3.513794 -0.913879 -0.160000
v 3.513794 -0.913879 0.160000
v 3.510481 -0.910381 -0.160000
v 3.510481 -0.910381 0.160000
v 3.506498 -0.907464 -0.160000
v 3.506498 -0.907464 0.160000
v 3.502475 -0.905488 -0.160000
v 3.502475 -0.905488 0.160000
v 3.499031 -0.904432 -0.160000
v 3.499031 -0.904432 0.160000
v 3.496540 -0.904028 -0.160000
v 3.496540 -0.904028 0.160000
v 3.494440 -0.903926 -0.160000
v 3.494440 -0.903926 0.160000
v 3.492012 -0.904112 -0.160000
v 3.492012 -0.904112 0.160000
v 3.490737 -0.904364 -0.160000
v 3.490737 -0.904364 0.160000
v 3.490860 -0.904328 -0.160000
v 3.490860 -0.904328 0.160000
v 3.491982 -0.903918 -0.160000
v 3.491982 -0.903918 0.160000
v 3.493848 -0.903118 -0.160000
v 3.493848 -0.903118 0.160000
v 3.496288 -0.901939 -0.160000
v 3.496288 -0.901939 0.160000
v 3.499185 -0.900401 -0.160000
v 3.499185 -0.900401 0.160000
v 3.502449 -0.898522 -0.160000
v 3.502449 -0.898522 0.160000
v 3.506015 -0.896324 -0.160000
v 3.506015 -0.896324 0.160000
v 3.509826 -0.893824 -0.160000
v 3.509826 -0.893824 0.160000
v 3.513834 -0.891043 -0.160000
v 3.513834 -0.891043 0.160000
v 3.582000 -0.841191 -0.160000
v 3.582000 -0.841191 0.160000
v 3.582000 -0.995689 -0.160000
v 3.582000 -0.995689 0.160000
v 3.383648 -0.822203 -0.160000
v 3.383648 -0.822203 0.160000
v 3.366237 -0.828544 -0.160000
v 3.366237 -0.828544 0.160000
v 3.350002 -0.834907 -0.160000
v 3.350002 -0.834907 0.160000
v 3.335196 -0.841319 -0.160000
v 3.335196 -0.841319 0.160000
v 3.322088 -0.847769 -0.160000
v 3.322088 -0.847769 0.160000
v 3.310953 -0.854180 -0.160000
v 3.310953 -0.854180 0.160000
v 3.302041 -0.860390 -0.160000
v 3.302041 -0.860390 0.160000
v 3.295503 -0.866137 -0.160000
v 3.295503 -0.866137 0.160000
v 3.291260 -0.871118 -0.160000
v 3.291260 -0.871118 0.160000
v 3.288874 -0.875210 -0.160000
v 3.288874 -0.875210 0.160000
v 3.287663 -0.878835 -0.160000
v 3.287663 -0.878835 0.160000
v 3.287129 -0.883883 -0.160000
v 3.287129 -0.883883 0.160000
v 3.287322 -0.887027 -0.160000
v 3.287322 -0.887027 0.160000
v 3.287974 -0.890450 -0.160000
v 3.287974 -0.890450 0.160000
v 3.288928 -0.893336 -0.160000
v 3.288928 -0.893336 0.160000
v 3.290121 -0.895780 -0.160000
v 3.290121 -0.895780 0.160000
v 3.291528 -0.897880 -0.160000
v 3.291528 -0.897880 0.160000
v 3.293163 -0.899715 -0.160000
v 3.293163 -0.899715 0.160000
v 3.295070 -0.901341 -0.160000
v 3.295070 -0.901341 0.160000
v 3.297313 -0.902779 -0.160000
v 3.297313 -0.902779 0.160000
v 3.299963 -0.904017 -0.160000
v 3.299963 -0.904017 0.160000
v 3.303092 -0.905010 -0.160000
v 3.303092 -0.905010 0.160000
v 3.306761 -0.905680 -0.160000
v 3.306761 -0.905680 0.160000
v 3.311350 -0.905951 -0.160000
v 3.311350 -0.905951 0.160000
v 3.314656 -0.905814 -0.160000
v 3.314656 -0.905814 0.160000
v 3.318308 -0.905360 -0.160000
v 3.318308 -0.905360 0.160000
v 3.322022 -0.904592 -0.160000
v 3.322022 -0.904592 0.160000
v 3.325841 -0.903491 -0.160000
v 3.325841 -0.903491 0.160000
v 3.329797 -0.902029 -0.160000
v 3.329797 -0.902029 0.160000
v 3.333903 -0.900180 -0.160000
v 3.333903 -0.900180 0.160000
v 3.338162 -0.897922 -0.160000
v 3.338162 -0.897922 0.160000
v 3.342567 -0.895237 -0.160000
v 3.342567 -0.895237 0.160000
v 3.347105 -0.892114 -0.160000
v 3.347105 -0.892114 0.160000
v 3.351758 -0.888548 -0.160000
v 3.351758 -0.888548 0.160000
v 3.356507 -0.884542 -0.160000
v 3.356507 -0.884542 0.160000
v 3.349000 -0.891450 -0.160000
v 3.349000 -0.891450 0.160000
v 3.349000 -0.834237 -0.160000
v 3.349000 -0.834237 0.160000
v 3.917461 -0.693961 -0.160000
v 3.917461 -0.693961 0.160000
v 3.906911 -0.687640 -0.160000
v 3.906911 -0.687640 0.160000
v 3.897119 -0.682270 -0.160000
v 3.897119 -0.682270 0.160000
v 3.888020 -0.677780 -0.160000
v 3.888020 -0.677780 0.160000
v 3.879536 -0.674092 -0.160000
v 3.879536 -0.674092 0.160000
v 3.871570 -0.671119 -0.160000
v 3.871570 -0.671119 0.160000
v 3.864005 -0.668772 -0.160000
v 3.864005 -0.668772 0.160000
v 3.856702 -0.666968 -0.160000
v 3.856702 -0.666968 0.160000
v 3.849504 -0.665634 -0.160000
v 3.849504 -0.665634 0.160000
v 3.842250 -0.664719 -0.160000
v 3.842250 -0.664719 0.160000
v 3.834782 -0.664184 -0.160000
v 3.834782 -0.664184 0.160000
v 3.827822 -0.664028 -0.160000
v 3.827822 -0.664028 0.160000
v 3.812477 -0.665004 -0.160000
v 3.812477 -0.665004 0.160000
v 3.799238 -0.667633 -0.160000
v 3.799238 -0.667633 0.160000
v 3.787244 -0.671801 -0.160000
v 3.787244 -0.671801 0.160000
v 3.776398 -0.677402 -0.160000
v 3.776398 -0.677402 0.160000
v 3.766611 -0.684399 -0.160000
v 3.766611 -0.684399 0.160000
v 3.757827 -0.692814 -0.160000
v 3.757827 -0.692814 0.160000
v 3.750047 -0.702706 -0.160000
v 3.750047 -0.702706 0.160000
v 3.743335 -0.714146 -0.160000
v 3.743335 -0.714146 0.160000
v 3.737810 -0.727190 -0.160000
v 3.737810 -0.727190 0.160000
v 3.733631 -0.741862 -0.160000
v 3.733631 -0.741862 0.160000
v 3.730981 -0.758154 -0.160000
v 3.730981 -0.758154 0.160000
v 3.730057 -0.775941 -0.160000
v 3.730057 -0.775941 0.160000
v 3.731044 -0.793921 -0.160000
v 3.731044 -0.793921 0.160000
v 3.733837 -0.809939 -0.160000
v 3.733837 -0.809939 0.160000
v 3.738212 -0.824067 -0.160000
v 3.738212 -0.824067 0.160000
v 3.743986 -0.836427 -0.160000
v 3.743986 -0.836427 0.160000
v 3.751049 -0.847193 -0.160000
v 3.751049 -0.847193 0.160000
v 3.759388 -0.856548 -0.160000
v 3.759388 -0.856548 0.160000
v 3.769085 -0.864632 -0.160000
v 3.769085 -0.864632 0.160000
v 3.780273 -0.871501 -0.160000
v 3.780273 -0.871501 0.160000
v 3.793092 -0.877110 -0.160000
v 3.793092 -0.877110 0.160000
v 3.807643 -0.881338 -0.160000
v 3.807643 -0.881338 0.160000
v 3.823965 -0.884013 -0.160000
v 3.823965 -0.884013 0.160000
v 3.842595 -0.884977 -0.160000
v 3.842595 -0.884977 0.160000
v 3.849699 -0.884821 -0.160000
v 3.849699 -0.884821 0.160000
v 3.857358 -0.884313 -0.160000
v 3.857358 -0.884313 0.160000
v 3.865042 -0.883462 -0.160000
v 3.865042 -0.883462 0.160000
v 3.872818 -0.882262 -0.160000
v 3.872818 -0.882262 0.160000
v 3.880749 -0.880698 -0.160000
v 3.880749 -0.880698 0.160000
v 3.888893 -0.878759 -0.160000
v 3.888893 -0.878759 0.160000
v 3.897302 -0.876427 -0.160000
v 3.897302 -0.876427 0.160000
v 3.906022 -0.873688 -0.160000
v 3.906022 -0.873688 0.160000
v 3.915093 -0.870530 -0.160000
v 3.915093 -0.870530 0.160000
v 3.924553 -0.866941 -0.160000
v 3.924553 -0.866941 0.160000
v 3.934434 -0.862913 -0.160000
v 3.934434 -0.862913 0.160000
v 4.001000 -0.834097 -0.160000
v 4.001000 -0.834097 0.160000
v 4.001000 -1.009356 -0.160000
v 4.001000 -1.009356 0.160000
v 3.967783 -1.023619 -0.160000
v 3.967783 -1.023619 0.160000
v 3.956966 -1.027610 -0.160000
v 3.956966 -1.027610 0.160000
v 3.945551 -1.031276 -0.160000
v 3.945551 -1.031276 0.160000
v 3.933571 -1.034646 -0.160000
v 3.933571 -1.034646 0.160000
v 3.921088 -1.037720 -0.160000
v 3.921088 -1.037720 0.160000
v 3.908183 -1.040485 -0.160000
v 3.908183 -1.040485 0.160000
v 3.894944 -1.042919 -0.160000
v 3.894944 -1.042919 0.160000
v 3.881464 -1.044995 -0.160000
v 3.881464 -1.044995 0.160000
v 3.867837 -1.046680 -0.160000
v 3.867837 -1.046680 0.160000
v 3.854155 -1.047940 -0.160000
v 3.854155 -1.047940 0.160000
v 3.840506 -1.048732 -0.160000
v 3.840506 -1.048732 0.160000
v 3.826242 -1.049024 -0.160000
v 3.826242 -1.049024 0.160000
v 3.789605 -1.046884 -0.160000
v 3.789605 -1.046884 0.160000
v 3.753936 -1.040402 -0.160000
v 3.753936 -1.040402 0.160000
v 3.720271 -1.029750 -0.160000
v 3.720271 -1.029750 0.160000
v 3.688932 -1.015084 -0.160000
v 3.688932 -1.015084 0.160000
v 3.660255 -0.996598 -0.160000
v 3.660255 -0.996598 0.160000
v 3.634574 -0.974527 -0.160000
v 3.634574 -0.974527 0.160000
v 3.612210 -0.949148 -0.160000
v 3.612210 -0.949148 0.160000
v 3.593455 -0.920773 -0.160000
v 3.593455 -0.920773 0.160000
v 3.578561 -0.889736 -0.160000
v 3.578561 -0.889736 0.160000
v 3.567736 -0.856380 -0.160000
v 3.567736 -0.856380 0.160000
v 3.561148 -0.821037 -0.160000
v 3.561148 -0.821037 0.160000
v 3.558941 -0.784211 -0.160000
v 3.558941 -0.784211 0.160000
v 3.560924 -0.744062 -0.160000
v 3.560924 -0.744062 0.160000
v 3.566835 -0.706234 -0.160000
v 3.566835 -0.706234 0.160000
v 3.576677 -0.670676 -0.160000
v 3.576677 -0.670676 0.160000
v 3.590435 -0.637636 -0.160000
v 3.590435 -0.637636 0.160000
v 3.608062 -0.607421 -0.160000
v 3.608062 -0.607421 0.160000
v 3.629447 -0.580385 -0.160000
v 3.629447 -0.580385 0.160000
v 3.654393 -0.556902 -0.160000
v 3.654393 -0.556902 0.160000
v 3.682606 -0.537316 -0.160000
v 3.682606 -0.537316 0.160000
v 3.713725 -0.521896 -0.160000
v 3.713725 -0.521896 0.160000
v 3.747377 -0.510814 -0.160000
v 3.747377 -0.510814 0.160000
v 3.783215 -0.504151 -0.160000
v 3.783215 -0.504151 0.160000
v 3.820216 -0.501977 -0.160000
v 3.820216 -0.501977 0.160000
v 3.835261 -0.502271 -0.160000
v 3.835261 -0.502271 0.160000
v 3.848977 -0.503102 -0.160000
v 3.848977 -0.503102 0.160000
v 3.862211 -0.504477 -0.160000
v 3.862211 -0.504477 0.160000
v 3.875009 -0.506379 -0.160000
v 3.875009 -0.506379 0.160000
v 3.887407 -0.508782 -0.160000
v 3.887407 -0.508782 0.160000
v 3.899444 -0.511655 -0.160000
v 3.899444 -0.511655 0.160000
v 3.911162 -0.514955 -0.160000
v 3.911162 -0.514955 0.160000
v 3.922611 -0.518640 -0.160000
v 3.922611 -0.518640 0.160000
v 3.933855 -0.522665 -0.160000
v 3.933855 -0.522665 0.160000
v 3.944966 -0.526989 -0.160000
v 3.944966 -0.526989 0.160000
v 3.956029 -0.531576 -0.160000
v 3.956029 -0.531576 0.160000
v 3.991000 -0.546759 -0.160000
v 3.991000 -0.546759 0.160000
v 3.991000 -0.741423 -0.160000
v 3.991000 -0.741423 0.160000
v 4.441521 -0.998698 -0.160000
v 4.441521 -0.998698 0.160000
v 4.426749 -1.007373 -0.160000
v 4.426749 -1.007373 0.160000
v 4.411741 -1.015302 -0.160000
v 4.411741 -1.015302 0.160000
v 4.396407 -1.022449 -0.160000
v 4.396407 -1.022449 0.160000
v 4.380676 -1.028778 -0.160000
v 4.380676 -1.028778 0.160000
v 4.364491 -1.034255 -0.160000
v 4.364491 -1.034255 0.160000
v 4.347807 -1.038859 -0.160000
v 4.347807 -1.038859 0.160000
v 4.330580 -1.042585 -0.160000
v 4.330580 -1.042585 0.160000
v 4.312759 -1.045439 -0.160000
v 4.312759 -1.045439 0.160000
v 4.294281 -1.047442 -0.160000
v 4.294281 -1.047442 0.160000
v 4.275067 -1.048621 -0.160000
v 4.275067 -1.048621 0.160000
v 4.254001 -1.049027 -0.160000
v 4.254001 -1.049027 0.160000
v 4.215637 -1.046369 -0.160000
v 4.215637 -1.046369 0.160000
v 4.178800 -1.038354 -0.160000
v 4.178800 -1.038354 0.160000
v 4.144801 -1.025393 -0.160000
v 4.144801 -1.025393 0.160000
v 4.113971 -1.007940 -0.160000
v 4.113971 -1.007940 0.160000
v 4.086575 -0.986536 -0.160000
v 4.086575 -0.986536 0.160000
v 4.062776 -0.961755 -0.160000
v 4.062776 -0.961755 0.160000
v 4.042646 -0.934153 -0.160000
v 4.042646 -0.934153 0.160000
v 4.026197 -0.904238 -0.160000
v 4.026197 -0.904238 0.160000
v 4.013413 -0.872468 -0.160000
v 4.013413 -0.872468 0.160000
v 4.004277 -0.839255 -0.160000
v 4.004277 -0.839255 0.160000
v 3.998783 -0.804978 -0.160000
v 3.998783 -0.804978 0.160000
v 3.996944 -0.769983 -0.160000
v 3.996944 -0.769983 0.160000
v 3.998941 -0.732574 -0.160000
v 3.998941 -0.732574 0.160000
v 4.004881 -0.696964 -0.160000
v 4.004881 -0.696964 0.160000
v 4.014679 -0.663388 -0.160000
v 4.014679 -0.663388 0.160000
v 4.028235 -0.632121 -0.160000
v 4.028235 -0.632121 0.160000
v 4.045424 -0.603469 -0.160000
v 4.045424 -0.603469 0.160000
v 4.066073 -0.577761 -0.160000
v 4.066073 -0.577761 0.160000
v 4.089963 -0.555332 -0.160000
v 4.089963 -0.555332 0.160000
v 4.116811 -0.536503 -0.160000
v 4.116811 -0.536503 0.160000
v 4.146289 -0.521555 -0.160000
v 4.146289 -0.521555 0.160000
v 4.178041 -0.510710 -0.160000
v 4.178041 -0.510710 0.160000
v 4.211713 -0.504130 -0.160000
v 4.211713 -0.504130 0.160000
v 4.246921 -0.501927 -0.160000
v 4.246921 -0.501927 0.160000
v 4.280732 -0.503908 -0.160000
v 4.280732 -0.503908 0.160000
v 4.312969 -0.509988 -0.160000
v 4.312969 -0.509988 0.160000
v 4.343473 -0.520375 -0.160000
v 4.343473 -0.520375 0.160000
v 4.371811 -0.535181 -0.160000
v 4.371811 -0.535181 0.160000
v 4.397482 -0.554355 -0.160000
v 4.397482 -0.554355 0.160000
v 4.420029 -0.577666 -0.160000
v 4.420029 -0.577666 0.160000
v 4.439148 -0.604775 -0.160000
v 4.439148 -0.604775 0.160000
v 4.454711 -0.635347 -0.160000
v 4.454711 -0.635347 0.160000
v 4.466723 -0.669136 -0.160000
v 4.466723 -0.669136 0.160000
v 4.475245 -0.706015 -0.160000
v 4.475245 -0.706015 0.160000
v 4.480336 -0.745946 -0.160000
v 4.480336 -0.745946 0.160000
v 4.483605 -0.829000 -0.160000
v 4.483605 -0.829000 0.160000
v 4.174790 -0.829000 -0.160000
v 4.174790 -0.829000 0.160000
v 4.169135 -0.800718 -0.160000
v 4.169135 -0.800718 0.160000
v 4.173831 -0.816534 -0.160000
v 4.173831 -0.816534 0.160000
v 4.179488 -0.830220 -0.160000
v 4.179488 -0.830220 0.160000
v 4.185979 -0.841889 -0.160000
v 4.185979 -0.841889 0.160000
v 4.193227 -0.851734 -0.160000
v 4.193227 -0.851734 0.160000
v 4.201251 -0.860004 -0.160000
v 4.201251 -0.860004 0.160000
v 4.210192 -0.866946 -0.160000
v 4.210192 -0.866946 0.160000
v 4.220292 -0.872733 -0.160000
v 4.220292 -0.872733 0.160000
v 4.231828 -0.877420 -0.160000
v 4.231828 -0.877420 0.160000
v 4.245043 -0.880947 -0.160000
v 4.245043 -0.880947 0.160000
v 4.260094 -0.883179 -0.160000
v 4.260094 -0.883179 0.160000
v 4.277306 -0.883972 -0.160000
v 4.277306 -0.883972 0.160000
v 4.287991 -0.883643 -0.160000
v 4.287991 -0.883643 0.160000
v 4.298918 -0.882638 -0.160000
v 4.298918 -0.882638 0.160000
v 4.309830 -0.880975 -0.160000
v 4.309830 -0.880975 0.160000
v 4.320769 -0.878655 -0.160000
v 4.320769 -0.878655 0.160000
v 4.331768 -0.875679 -0.160000
v 4.331768 -0.875679 0.160000
v 4.342856 -0.872046 -0.160000
v 4.342856 -0.872046 0.160000
v 4.354053 -0.867754 -0.160000
v 4.354053 -0.867754 0.160000
v 4.365377 -0.862804 -0.160000
v 4.365377 -0.862804 0.160000
v 4.376839 -0.857197 -0.160000
v 4.376839 -0.857197 0.160000
v 4.388446 -0.850939 -0.160000
v 4.388446 -0.850939 0.160000
v 4.400206 -0.844040 -0.160000
v 4.400206 -0.844040 0.160000
v 4.474000 -0.797398 -0.160000
v 4.474000 -0.797398 0.160000
v 4.474000 -0.977863 -0.160000
v 4.474000 -0.977863 0.160000
v 4.312850 -0.719124 -0.160000
v 4.312850 -0.719124 0.160000
v 4.310684 -0.707849 -0.160000
v 4.310684 -0.707849 0.160000
v 4.307653 -0.697997 -0.160000
v 4.307653 -0.697997 0.160000
v 4.303908 -0.689539 -0.160000
v 4.303908 -0.689539 0.160000
v 4.299575 -0.682389 -0.160000
v 4.299575 -0.682389 0.160000
v 4.294726 -0.676408 -0.160000
v 4.294726 -0.676408 0.160000
v 4.289347 -0.671427 -0.160000
v 4.289347 -0.671427 0.160000
v 4.283325 -0.667295 -0.160000
v 4.283325 -0.667295 0.160000
v 4.276473 -0.663932 -0.160000
v 4.276473 -0.663932 0.160000
v 4.268575 -0.661355 -0.160000
v 4.268575 -0.661355 0.160000
v 4.259444 -0.659674 -0.160000
v 4.259444 -0.659674 0.160000
v 4.248846 -0.659058 -0.160000
v 4.248846 -0.659058 0.160000
v 4.236761 -0.659667 -0.160000
v 4.236761 -0.659667 0.160000
v 4.225989 -0.661401 -0.160000
v 4.225989 -0.661401 0.160000
v 4.216621 -0.664091 -0.160000
v 4.216621 -0.664091 0.160000
v 4.208465 -0.667625 -0.160000
v 4.208465 -0.667625 0.160000
v 4.201278 -0.671975 -0.160000
v 4.201278 -0.671975 0.160000
v 4.194818 -0.677219 -0.160000
v 4.194818 -0.677219 0.160000
v 4.188906 -0.683522 -0.160000
v 4.188906 -0.683522 0.160000
v 4.183460 -0.691086 -0.160000
v 4.183460 -0.691086 0.160000
v 4.178495 -0.700091 -0.160000
v 4.178495 -0.700091 0.160000
v 4.174098 -0.710665 -0.160000
v 4.174098 -0.710665 0.160000
v 4.170381 -0.722870 -0.160000
v 4.170381 -0.722870 0.160000
v 4.177307 -0.690000 -0.160000
v 4.177307 -0.690000 0.160000
v 4.310210 -0.690000 -0.160000
v 4.310210 -0.690000 0.160000
vn -0.0000 -0.0000 1.0000
vn -0.0005 -0.0000 1.0000
vn -0.0002 -0.0000 1.0000
vn -0.0001 -0.0000 1.0000
vn -0.0004 -0.0000 1.0000
vn -0.0003 -0.0000 1.0000
vn 0.0001 -0.0000 1.0000
vn 0.0003 -0.0000 1.0000
vn -0.0000 -0.0000 -1.0000
vn -0.0005 -0.0000 -1.0000
vn -0.0002 -0.0000 -1.0000
vn -0.0001 -0.0000 -1.0000
vn -0.0004 -0.0000 -1.0000
vn -0.0003 -0.0000 -1.0000
vn 0.0001 -0.0000 -1.0000
vn 0.0003 -0.0000 -1.0000
vn 0.9942 -0.1072 -0.0000
vn 0.9746 -0.2240 -0.0000
vn 0.9369 -0.3495 -0.0000
vn 0.8778 -0.4791 -0.0000
vn 0.7957 -0.6057 -0.0000
vn 0.6927 -0.7212 -0.0000
vn 0.5744 -0.8185 -0.0000
vn 0.4489 -0.8936 -0.0000
vn 0.3239 -0.9461 -0.0000
vn 0.2057 -0.9786 -0.0000
vn 0.0977 -0.9952 -0.0000
vn -0.0005 -1.0000 -0.0000
vn -0.0963 -0.9953 -0.0000
vn -0.1965 -0.9805 -0.0000
vn -0.3014 -0.9535 -0.0000
vn -0.4110 -0.9116 -0.0000
vn -0.5236 -0.8520 -0.0000
vn -0.6357 -0.7720 -0.0000
vn -0.7418 -0.6706 -0.0000
vn -0.8353 -0.5497 -0.0000
vn -0.9101 -0.4145 -0.0000
vn -0.9621 -0.2726 -0.0000
vn -0.9912 -0.1326 -0.0000
vn -0.9995 -0.0320 -0.0000
vn -0.7071 0.7071 -0.0000
vn 0.7071 0.7071 -0.0000
vn 1.0000 0.0059 -0.0000
vn 0.9997 0.0260 -0.0000
vn 0.9983 0.0587 -0.0000
vn 0.9950 0.1002 -0.0000
vn 0.9884 0.1517 -0.0000
vn 0.9769 0.2137 -0.0000
vn 0.9584 0.2854 -0.0000
vn 0.9313 0.3643 -0.0000
vn 0.8950 0.4462 -0.0000
vn 0.8508 0.5255 -0.0000
vn 0.8021 0.5971 -0.0000
vn 0.7533 0.6576 -0.0000
vn 0.7068 0.7074 -0.0000
vn 0.6593 0.7519 -0.0000
vn 0.6072 0.7946 -0.0000
vn 0.5511 0.8345 -0.0000
vn 0.4916 0.8708 -0.0000
vn 0.4295 0.9031 -0.0000
vn 0.3658 0.9307 -0.0000
vn 0.3015 0.9535 -0.0000
vn 0.2375 0.9714 -0.0000
vn 0.1747 0.9846 -0.0000
vn 0.1139 0.9935 -0.0000
vn 0.0557 0.9984 -0.0000
vn 0.0002 1.0000 -0.0000
vn -0.0543 0.9985 -0.0000
vn -0.1102 0.9939 -0.0000
vn -0.1676 0.9859 -0.0000
vn -0.2262 0.9741 -0.0000
vn -0.2859 0.9582 -0.0000
vn -0.3464 0.9381 -0.0000
vn -0.4074 0.9133 -0.0000
vn -0.4685 0.8835 -0.0000
vn -0.5295 0.8483 -0.0000
vn -0.5899 0.8075 -0.0000
vn -0.6493 0.7605 -0.0000
vn -0.7106 0.7036 -0.0000
vn -0.7742 0.6330 -0.0000
vn -0.8328 0.5536 -0.0000
vn -0.8814 0.4724 -0.0000
vn -0.9196 0.3929 -0.0000
vn -0.9481 0.3179 -0.0000
vn -0.9684 0.2496 -0.0000
vn -0.9820 0.1890 -0.0000
vn -0.9906 0.1364 -0.0000
vn -0.9958 0.0919 -0.0000
vn -0.9985 0.0548 -0.0000
vn -0.9997 0.0247 -0.0000
vn -1.0000 0.0057 -0.0000
vn 0.9997 -0.0257 -0.0000
vn 0.7071 -0.7071 -0.0000
vn -0.7071 -0.7071 -0.0000
vn 0.1217 0.9926 -0.0000
vn 0.2465 0.9692 -0.0000
vn 0.3712 0.9285 -0.0000
vn 0.4921 0.8705 -0.0000
vn 0.6053 0.7960 -0.0000
vn 0.7076 0.7066 -0.0000
vn 0.7964 0.6048 -0.0000
vn 0.8700 0.4931 -0.0000
vn 0.9273 0.3743 -0.0000
vn 0.9680 0.2510 -0.0000
vn 0.9921 0.1255 -0.0000
vn 1.0000 -0.0000 -0.0000
vn 0.9921 -0.1251 -0.0000
vn 0.9684 -0.2494 -0.0000
vn 0.9286 -0.3711 -0.0000
vn 0.8726 -0.4885 -0.0000
vn 0.8005 -0.5993 -0.0000
vn 0.7130 -0.7012 -0.0000
vn 0.6114 -0.7913 -0.0000
vn 0.4980 -0.8672 -0.0000
vn 0.3761 -0.9266 -0.0000
vn 0.2497 -0.9683 -0.0000
vn 0.1232 -0.9924 -0.0000
vn -0.0008 -1.0000 -0.0000
vn -0.1260 -0.9920 -0.0000
vn -0.2541 -0.9672 -0.0000
vn -0.3807 -0.9247 -0.0000
vn -0.5017 -0.8650 -0.0000
vn -0.6136 -0.7896 -0.0000
vn -0.7137 -0.7004 -0.0000
vn -0.8001 -0.5999 -0.0000
vn -0.8716 -0.4902 -0.0000
vn -0.9276 -0.3736 -0.0000
vn -0.9678 -0.2519 -0.0000
vn -0.9919 -0.1267 -0.0000
vn -1.0000 0.0003 -0.0000
vn -0.9918 0.1281 -0.0000
vn -0.9669 0.2551 -0.0000
vn -0.9255 0.3787 -0.0000
vn -0.8679 0.4967 -0.0000
vn -0.7947 0.6070 -0.0000
vn -0.7069 0.7073 -0.0000
vn -0.6061 0.7954 -0.0000
vn -0.4944 0.8692 -0.0000
vn -0.3745 0.9272 -0.0000
vn -0.2498 0.9683 -0.0000
vn -0.1239 0.9923 -0.0000
vn -0.0007 1.0000 -0.0000
vn -0.1226 0.9925 -0.0000
vn -0.2464 0.9692 -0.0000
vn -0.3687 0.9295 -0.0000
vn -0.4869 0.8735 -0.0000
vn -0.5981 0.8015 -0.0000
vn -0.6996 0.7145 -0.0000
vn -0.7891 0.6143 -0.0000
vn -0.8644 0.5028 -0.0000
vn -0.9239 0.3825 -0.0000
vn -0.9665 0.2565 -0.0000
vn -0.9918 0.1280 -0.0000
vn -1.0000 0.0002 -0.0000
vn -0.9918 -0.1274 -0.0000
vn -0.9667 -0.2558 -0.0000
vn -0.9241 -0.3821 -0.0000
vn -0.8644 -0.5028 -0.0000
vn -0.7887 -0.6148 -0.0000
vn -0.6986 -0.7155 -0.0000
vn -0.5966 -0.8025 -0.0000
vn -0.4851 -0.8745 -0.0000
vn -0.3668 -0.9303 -0.0000
vn -0.2448 -0.9696 -0.0000
vn -0.1217 -0.9926 -0.0000
vn 0.0002 -1.0000 -0.0000
vn 0.1224 -0.9925 -0.0000
vn 0.2459 -0.9693 -0.0000
vn 0.3682 -0.9297 -0.0000
vn 0.4864 -0.8737 -0.0000
vn 0.5978 -0.8016 -0.0000
vn 0.6996 -0.7146 -0.0000
vn 0.7893 -0.6140 -0.0000
vn 0.8648 -0.5022 -0.0000
vn 0.9243 -0.3817 -0.0000
vn 0.9668 -0.2556 -0.0000
vn 0.9919 -0.1274 -0.0000
vn 1.0000 0.0002 -0.0000
vn 0.9918 0.1279 -0.0000
vn 0.9666 0.2563 -0.0000
vn 0.9241 0.3821 -0.0000
vn 0.8648 0.5022 -0.0000
vn 0.7897 0.6135 -0.0000
vn 0.7005 0.7136 -0.0000
vn 0.5993 0.8005 -0.0000
vn 0.4883 0.8727 -0.0000
vn 0.3701 0.9290 -0.0000
vn 0.2475 0.9689 -0.0000
vn 0.1233 0.9924 -0.0000
vn 0.5395 -0.8420 -0.0000
vn 0.5244 -0.8515 -0.0000
vn 0.5027 -0.8645 -0.0000
vn 0.4729 -0.8811 -0.0000
vn 0.4336 -0.9011 -0.0000
vn 0.3841 -0.9233 -0.0000
vn 0.3247 -0.9458 -0.0000
vn 0.2577 -0.9662 -0.0000
vn 0.1870 -0.9824 -0.0000
vn 0.1177 -0.9930 -0.0000
vn 0.0548 -0.9985 -0.0000
vn -0.0029 -1.0000 -0.0000
vn -0.0670 -0.9978 -0.0000
vn -0.1445 -0.9895 -0.0000
vn -0.2345 -0.9721 -0.0000
vn -0.3361 -0.9418 -0.0000
vn -0.4464 -0.8948 -0.0000
vn -0.5597 -0.8287 -0.0000
vn -0.6682 -0.7440 -0.0000
vn -0.7643 -0.6449 -0.0000
vn -0.8426 -0.5385 -0.0000
vn -0.9016 -0.4327 -0.0000
vn 0.3334 -0.9428 -0.0000
vn 0.3111 0.9504 -0.0000
vn -0.8114 -0.5845 -0.0000
vn 0.5440 -0.8391 -0.0000
vn 0.5005 -0.8658 -0.0000
vn 0.4539 -0.8910 -0.0000
vn 0.4045 -0.9146 -0.0000
vn 0.3522 -0.9359 -0.0000
vn 0.2975 -0.9547 -0.0000
vn 0.2406 -0.9706 -0.0000
vn 0.1819 -0.9833 -0.0000
vn 0.1219 -0.9925 -0.0000
vn 0.0611 -0.9981 -0.0000
vn -0.0176 -0.9998 -0.0000
vn -0.1330 -0.9911 -0.0000
vn -0.2663 -0.9639 -0.0000
vn -0.3956 -0.9184 -0.0000
vn -0.5169 -0.8560 -0.0000
vn -0.6272 -0.7789 -0.0000
vn -0.7244 -0.6893 -0.0000
vn -0.8076 -0.5898 -0.0000
vn -0.8761 -0.4821 -0.0000
vn -0.9298 -0.3680 -0.0000
vn -0.9686 -0.2487 -0.0000
vn -0.9921 -0.1254 -0.0000
vn -1.0000 0.0074 -0.0000
vn -0.9868 0.1617 -0.0000
vn -0.9441 0.3297 -0.0000
vn -0.8721 0.4894 -0.0000
vn -0.7800 0.6258 -0.0000
vn -0.6815 0.7318 -0.0000
vn -0.5887 0.8084 -0.0000
vn -0.5086 0.8610 -0.0000
vn -0.4442 0.8959 -0.0000
vn -0.3959 0.9183 -0.0000
vn -0.3631 0.9318 -0.0000
vn -0.3452 0.9385 -0.0000
vn -0.3370 0.9415 -0.0000
vn 0.5770 0.8167 -0.0000
vn 0.0211 -0.9998 -0.0000
vn -0.9959 -0.0910 -0.0000
vn -0.9803 -0.1975 -0.0000
vn -0.9470 -0.3213 -0.0000
vn -0.8889 -0.4580 -0.0000
vn -0.8017 -0.5977 -0.0000
vn -0.6870 -0.7267 -0.0000
vn -0.5545 -0.8322 -0.0000
vn -0.4179 -0.9085 -0.0000
vn -0.2895 -0.9572 -0.0000
vn -0.1765 -0.9843 -0.0000
vn -0.0809 -0.9967 -0.0000
vn 0.0009 -1.0000 -0.0000
vn 0.0786 -0.9969 -0.0000
vn 0.1570 -0.9876 -0.0000
vn 0.2344 -0.9721 -0.0000
vn 0.3097 -0.9508 -0.0000
vn 0.3821 -0.9241 -0.0000
vn 0.4508 -0.8926 -0.0000
vn 0.5152 -0.8571 -0.0000
vn 0.5750 -0.8182 -0.0000
vn 0.6297 -0.7768 -0.0000
vn 0.6795 -0.7337 -0.0000
vn 0.7243 -0.6895 -0.0000
vn -0.3570 -0.9341 -0.0000
vn -0.9315 0.3637 -0.0000
vn -0.7084 0.7058 -0.0000
vn -0.6504 0.7596 -0.0000
vn -0.5872 0.8094 -0.0000
vn -0.5199 0.8542 -0.0000
vn -0.4500 0.8930 -0.0000
vn -0.3790 0.9254 -0.0000
vn -0.3085 0.9512 -0.0000
vn -0.2398 0.9708 -0.0000
vn -0.1740 0.9847 -0.0000
vn -0.1120 0.9937 -0.0000
vn -0.0541 0.9985 -0.0000
vn 0.0085 1.0000 -0.0000
vn 0.0893 0.9960 -0.0000
vn 0.1859 0.9826 -0.0000
vn 0.2909 0.9568 -0.0000
vn 0.4034 0.9150 -0.0000
vn 0.5207 0.8538 -0.0000
vn 0.6378 0.7702 -0.0000
vn 0.7476 0.6642 -0.0000
vn 0.8423 0.5390 -0.0000
vn 0.9158 0.4017 -0.0000
vn 0.9653 0.2612 -0.0000
vn 0.9921 0.1258 -0.0000
vn 0.9995 0.0301 -0.0000
vn 0.9999 0.0155 -0.0000
vn 0.9978 0.0670 -0.0000
vn 0.1470 -0.9891 -0.0000
vn -0.9698 -0.2438 -0.0000
vn -0.9337 -0.3582 -0.0000
vn -0.8733 -0.4872 -0.0000
vn -0.7825 -0.6226 -0.0000
vn -0.6611 -0.7503 -0.0000
vn -0.5178 -0.8555 -0.0000
vn -0.3681 -0.9298 -0.0000
vn -0.2272 -0.9738 -0.0000
vn -0.1045 -0.9945 -0.0000
vn 0.0139 -0.9999 -0.0000
vn 0.1353 -0.9908 -0.0000
vn -0.9716 -0.2367 -0.0000
vn -0.3114 0.9503 -0.0000
vn -0.3689 0.9295 -0.0000
vn -0.4145 0.9101 -0.0000
vn -0.4521 0.8920 -0.0000
vn -0.4840 0.8751 -0.0000
vn -0.5119 0.8591 -0.0000
vn -0.5367 0.8438 -0.0000
vn -0.5593 0.8290 -0.0000
vn -0.5802 0.8145 -0.0000
vn 0.4526 0.8917 -0.0000
vn 0.8791 -0.4767 -0.0000
vn 0.9422 0.3352 -0.0000
vn 0.3536 -0.9354 -0.0000
vn 0.3812 -0.9245 -0.0000
vn 0.4196 -0.9077 -0.0000
vn 0.4705 -0.8824 -0.0000
vn 0.5358 -0.8443 -0.0000
vn 0.6170 -0.7870 -0.0000
vn 0.7126 -0.7016 -0.0000
vn 0.8157 -0.5784 -0.0000
vn 0.9110 -0.4124 -0.0000
vn 0.9772 -0.2122 -0.0000
vn 0.9998 -0.0220 -0.0000
vn 0.9922 0.1244 -0.0000
vn 0.9680 0.2511 -0.0000
vn 0.9262 0.3771 -0.0000
vn 0.8668 0.4987 -0.0000
vn 0.7905 0.6125 -0.0000
vn 0.6993 0.7149 -0.0000
vn 0.5957 0.8032 -0.0000
vn 0.4827 0.8758 -0.0000
vn 0.3635 0.9316 -0.0000
vn 0.2415 0.9704 -0.0000
vn 0.1196 0.9928 -0.0000
vn 0.0087 1.0000 -0.0000
vn -0.0825 0.9966 -0.0000
vn -0.1630 0.9866 -0.0000
vn -0.2399 0.9708 -0.0000
vn -0.3121 0.9501 -0.0000
vn -0.3788 0.9255 -0.0000
vn -0.4397 0.8981 -0.0000
vn -0.4947 0.8691 -0.0000
vn -0.5439 0.8391 -0.0000
vn -0.5878 0.8090 -0.0000
vn -0.6267 0.7792 -0.0000
vn 0.7503 0.6611 -0.0000
vn -0.4018 -0.9157 -0.0000
vn -0.8149 0.5796 -0.0000
vn -0.3903 -0.9207 -0.0000
vn 0.6813 -0.7320 -0.0000
vn 0.7606 0.6492 -0.0000
vn 0.7933 0.6088 -0.0000
vn 0.8290 0.5592 -0.0000
vn 0.8660 0.5000 -0.0000
vn 0.9019 0.4320 -0.0000
vn 0.9342 0.3569 -0.0000
vn 0.9605 0.2782 -0.0000
vn 0.9798 0.1998 -0.0000
vn 0.9921 0.1257 -0.0000
vn 0.9983 0.0590 -0.0000
vn 1.0000 -0.0088 -0.0000
vn 0.9962 -0.0868 -0.0000
vn 0.9864 -0.1643 -0.0000
vn 0.9726 -0.2326 -0.0000
vn 0.9559 -0.2936 -0.0000
vn 0.9371 -0.3490 -0.0000
vn 0.9163 -0.4005 -0.0000
vn 0.8932 -0.4496 -0.0000
vn 0.8674 -0.4976 -0.0000
vn 0.8379 -0.5459 -0.0000
vn 0.8029 -0.5961 -0.0000
vn 0.7602 -0.6497 -0.0000
vn 0.6975 -0.7166 -0.0000
vn 0.5856 -0.8106 -0.0000
vn 0.4460 -0.8950 -0.0000
vn 0.3309 -0.9437 -0.0000
vn 0.2470 -0.9690 -0.0000
vn 0.1956 -0.9807 -0.0000
vn 0.1780 -0.9840 -0.0000
vn 0.1992 -0.9800 -0.0000
vn 0.2722 -0.9622 -0.0000
vn 0.4204 -0.9073 -0.0000
vn -0.7522 -0.6590 -0.0000
vn -0.9052 0.4250 -0.0000
vn -0.9997 0.0235 -0.0000
vn -0.9500 -0.3124 -0.0000
vn -0.8220 -0.5695 -0.0000
vn -0.7394 0.6732 -0.0000
vn 0.5445 0.8388 -0.0000
vn 0.4452 0.8954 -0.0000
vn 0.3715 0.9284 -0.0000
vn 0.3171 0.9484 -0.0000
vn 0.2768 0.9609 -0.0000
vn 0.2470 0.9690 -0.0000
vn 0.2248 0.9744 -0.0000
vn 0.2084 0.9780 -0.0000
vn 0.2156 0.9765 -0.0000
vn 0.2687 0.9632 -0.0000
vn 0.3506 0.9365 -0.0000
vn 0.4402 0.8979 -0.0000
vn 0.5356 0.8445 -0.0000
vn 0.6332 0.7739 -0.0000
vn 0.7280 0.6856 -0.0000
vn 0.8139 0.5810 -0.0000
vn 0.8855 0.4646 -0.0000
vn 0.9395 0.3426 -0.0000
vn 0.9752 0.2215 -0.0000
vn 0.9943 0.1067 -0.0000
vn 0.9999 -0.0121 -0.0000
vn 0.9878 -0.1559 -0.0000
vn 0.9484 -0.3172 -0.0000
vn 0.8802 -0.4745 -0.0000
vn 0.7873 -0.6165 -0.0000
vn 0.6781 -0.7350 -0.0000
vn 0.5622 -0.8270 -0.0000
vn 0.4478 -0.8941 -0.0000
vn 0.3401 -0.9404 -0.0000
vn 0.2414 -0.9704 -0.0000
vn 0.1523 -0.9883 -0.0000
vn 0.0724 -0.9974 -0.0000
vn -0.0024 -1.0000 -0.0000
vn -0.0808 -0.9967 -0.0000
vn -0.1654 -0.9862 -0.0000
vn -0.2545 -0.9671 -0.0000
vn -0.3487 -0.9372 -0.0000
vn -0.4479 -0.8941 -0.0000
vn -0.5515 -0.8342 -0.0000
vn -0.6574 -0.7535 -0.0000
vn -0.7615 -0.6482 -0.0000
vn -0.8566 -0.5160 -0.0000
vn -0.9335 -0.3585 -0.0000
vn -0.9832 -0.1827 -0.0000
vn -0.9997 -0.0226 -0.0000
vn -0.9953 0.0971 -0.0000
vn -0.9787 0.2052 -0.0000
vn -0.9463 0.3232 -0.0000
vn -0.8953 0.4454 -0.0000
vn -0.8257 0.5641 -0.0000
vn -0.7409 0.6716 -0.0000
vn -0.6473 0.7622 -0.0000
vn -0.5519 0.8339 -0.0000
vn -0.4605 0.8877 -0.0000
vn -0.3768 0.9263 -0.0000
vn -0.9531 -0.3025 -0.0000
vn 0.9889 -0.1484 -0.0000
vn -0.8308 0.5566 -0.0000
vn -0.5944 -0.8042 -0.0000
vn -0.6366 -0.7712 -0.0000
vn -0.6832 -0.7302 -0.0000
vn -0.7336 -0.6795 -0.0000
vn -0.7868 -0.6172 -0.0000
vn -0.8405 -0.5418 -0.0000
vn -0.8918 -0.4525 -0.0000
vn -0.9367 -0.3501 -0.0000
vn -0.9714 -0.2374 -0.0000
vn -0.9929 -0.1191 -0.0000
vn -0.9999 0.0106 -0.0000
vn -0.9873 0.1591 -0.0000
vn -0.9506 0.3104 -0.0000
vn -0.8947 0.4467 -0.0000
vn -0.8256 0.5643 -0.0000
vn -0.7491 0.6625 -0.0000
vn -0.6695 0.7428 -0.0000
vn -0.5900 0.8074 -0.0000
vn -0.5122 0.8589 -0.0000
vn -0.4368 0.8996 -0.0000
vn -0.3642 0.9313 -0.0000
vn -0.9557 -0.2943 -0.0000
vn 0.7937 -0.6084 -0.0000
vn 0.8388 0.5444 -0.0000
vn -0.9055 0.4244 -0.0000
vn -0.4591 -0.8884 -0.0000
vn -0.4947 -0.8691 -0.0000
vn -0.5311 -0.8473 -0.0000
vn -0.5681 -0.8230 -0.0000
vn -0.6053 -0.7960 -0.0000
vn -0.6425 -0.7663 -0.0000
vn -0.6793 -0.7338 -0.0000
vn -0.7155 -0.6986 -0.0000
vn -0.7506 -0.6608 -0.0000
vn -0.7842 -0.6205 -0.0000
vn -0.8189 -0.5740 -0.0000
vn -0.8517 -0.5241 -0.0000
vn -0.8797 -0.4755 -0.0000
vn -0.9048 -0.4259 -0.0000
vn -0.9268 -0.3756 -0.0000
vn -0.9457 -0.3251 -0.0000
vn -0.9615 -0.2749 -0.0000
vn -0.9742 -0.2255 -0.0000
vn -0.9842 -0.1771 -0.0000
vn -0.9915 -0.1303 -0.0000
vn -0.9964 -0.0850 -0.0000
vn -0.9991 -0.0417 -0.0000
vn -0.9997 0.0230 -0.0000
vn -0.9906 0.1371 -0.0000
vn -0.9599 0.2805 -0.0000
vn -0.9053 0.4247 -0.0000
vn -0.8275 0.5615 -0.0000
vn -0.7304 0.6830 -0.0000
vn -0.6207 0.7840 -0.0000
vn -0.5056 0.8628 -0.0000
vn -0.3913 0.9203 -0.0000
vn -0.2819 0.9594 -0.0000
vn -0.1800 0.9837 -0.0000
vn -0.0863 0.9963 -0.0000
vn -0.0208 0.9998 -0.0000
vn 0.1246 -0.9922 -0.0000
vn 0.2465 -0.9691 -0.0000
vn 0.3635 -0.9316 -0.0000
vn 0.4746 -0.8802 -0.0000
vn 0.5787 -0.8155 -0.0000
vn 0.6752 -0.7377 -0.0000
vn 0.7630 -0.6464 -0.0000
vn 0.8407 -0.5414 -0.0000
vn 0.9062 -0.4228 -0.0000
vn 0.9567 -0.2912 -0.0000
vn 0.9889 -0.1488 -0.0000
vn 1.0000 -0.0065 -0.0000
vn 0.9919 0.1268 -0.0000
vn 0.9662 0.2579 -0.0000
vn 0.9210 0.3895 -0.0000
vn 0.8561 0.5168 -0.0000
vn 0.7728 0.6346 -0.0000
vn 0.6744 0.7383 -0.0000
vn 0.5653 0.8249 -0.0000
vn 0.4499 0.8931 -0.0000
vn 0.3327 0.9430 -0.0000
vn 0.2172 0.9761 -0.0000
vn 0.1059 0.9944 -0.0000
vn -0.0036 1.0000 -0.0000
vn -0.1192 0.9929 -0.0000
vn -0.2409 0.9706 -0.0000
vn -0.3627 0.9319 -0.0000
vn -0.4817 0.8763 -0.0000
vn -0.5947 0.8040 -0.0000
vn -0.6983 0.7158 -0.0000
vn -0.7896 0.6136 -0.0000
vn -0.8660 0.5001 -0.0000
vn -0.9256 0.3784 -0.0000
vn -0.9677 0.2521 -0.0000
vn -0.9922 0.1251 -0.0000
vn -1.0000 -0.0075 -0.0000
vn -0.9884 -0.1518 -0.0000
vn -0.9551 -0.2963 -0.0000
vn -0.9034 -0.4288 -0.0000
vn -0.8370 -0.5472 -0.0000
vn -0.7590 -0.6511 -0.0000
vn -0.6715 -0.7410 -0.0000
vn -0.5760 -0.8174 -0.0000
vn -0.4732 -0.8809 -0.0000
vn -0.3635 -0.9316 -0.0000
vn -0.2474 -0.9689 -0.0000
vn -0.1255 -0.9921 -0.0000
vn -0.0004 -1.0000 -0.0000
vn 0.0804 -0.9968 -0.0000
vn 0.1651 -0.9863 -0.0000
vn 0.2549 -0.9670 -0.0000
vn 0.3502 -0.9367 -0.0000
vn 0.4509 -0.8926 -0.0000
vn 0.5561 -0.8311 -0.0000
vn 0.6632 -0.7484 -0.0000
vn 0.7675 -0.6410 -0.0000
vn 0.8618 -0.5073 -0.0000
vn 0.9367 -0.3502 -0.0000
vn 0.9841 -0.1775 -0.0000
vn 1.0000 -0.0020 -0.0000
vn 0.9846 0.1750 -0.0000
vn 0.9340 0.3572 -0.0000
vn 0.8472 0.5312 -0.0000
vn 0.7334 0.6798 -0.0000
vn 0.6079 0.7940 -0.0000
vn 0.4847 0.8747 -0.0000
vn 0.3721 0.9282 -0.0000
vn 0.2735 0.9619 -0.0000
vn 0.1887 0.9820 -0.0000
vn 0.1162 0.9932 -0.0000
vn 0.0542 0.9985 -0.0000
vn -0.0004 1.0000 -0.0000
vn -0.0552 0.9985 -0.0000
vn -0.1169 0.9931 -0.0000
vn -0.1873 0.9823 -0.0000
vn -0.2680 0.9634 -0.0000
vn -0.3607 0.9327 -0.0000
vn -0.4662 0.8847 -0.0000
vn -0.5834 0.8122 -0.0000
vn -0.7065 0.7077 -0.0000
vn -0.8244 0.5661 -0.0000
vn -0.9205 0.3906 -0.0000
vn -0.9806 0.1959 -0.0000
vn -0.9998 -0.0204 -0.0000
vn -0.9617 -0.2743 -0.0000
vn -0.8537 -0.5207 -0.0000
vn -0.7101 -0.7041 -0.0000
vn -0.5681 -0.8229 -0.0000
vn -0.4456 -0.8952 -0.0000
vn -0.3454 -0.9385 -0.0000
vn -0.2640 -0.9645 -0.0000
vn -0.1970 -0.9804 -0.0000
vn -0.1403 -0.9901 -0.0000
vn -0.0907 -0.9959 -0.0000
vn -0.0450 -0.9990 -0.0000
vn 0.0083 -1.0000 -0.0000
vn 0.1053 0.9944 -0.0000
vn 0.2200 0.9755 -0.0000
vn 0.3427 0.9395 -0.0000
vn 0.4688 0.8833 -0.0000
vn 0.5921 0.8058 -0.0000
vn 0.7056 0.7086 -0.0000
vn 0.8030 0.5960 -0.0000
vn 0.8804 0.4742 -0.0000
vn 0.9370 0.3494 -0.0000
vn 0.9739 0.2269 -0.0000
vn 0.9939 0.1102 -0.0000
vn 1.0000 -0.0019 -0.0000
vn 0.9930 -0.1183 -0.0000
vn 0.9698 -0.2437 -0.0000
vn 0.9273 -0.3743 -0.0000
vn 0.8631 -0.5050 -0.0000
vn 0.7775 -0.6289 -0.0000
vn 0.6734 -0.7393 -0.0000
vn 0.5568 -0.8307 -0.0000
vn 0.4348 -0.9005 -0.0000
vn 0.3142 -0.9494 -0.0000
vn 0.2000 -0.9798 -0.0000
vn 0.0952 -0.9955 -0.0000
vn 0.0227 -0.9997 -0.0000
vn 0.0252 0.9997 -0.0000
vn -0.0228 0.9997 -0.0000
vn -0.0946 0.9955 -0.0000
vn -0.1970 0.9804 -0.0000
vn -0.3075 0.9516 -0.0000
vn -0.4241 0.9056 -0.0000
vn -0.5431 0.8397 -0.0000
vn -0.6588 0.7523 -0.0000
vn -0.7645 0.6446 -0.0000
vn -0.8536 0.5209 -0.0000
vn -0.9218 0.3876 -0.0000
vn -0.9676 0.2525 -0.0000
vn -0.9925 0.1222 -0.0000
vn -1.0000 0.0063 -0.0000
vn -0.9954 -0.0956 -0.0000
vn -0.9801 -0.1986 -0.0000
vn -0.9505 -0.3106 -0.0000
vn -0.9028 -0.4300 -0.0000
vn -0.8333 -0.5528 -0.0000
vn -0.7405 -0.6721 -0.0000
vn -0.6264 -0.7795 -0.0000
vn -0.4975 -0.8674 -0.0000
vn -0.3629 -0.9318 -0.0000
vn -0.2314 -0.9729 -0.0000
vn -0.1098 -0.9940 -0.0000
vn -0.0260 -0.9997 -0.0000
vn 0.3790 0.9254 -0.0000
vn -0.7229 -0.6910 -0.0000
vn 0.6461 -0.7633 -0.0000
vn 0.5995 -0.8004 -0.0000
vn 0.5508 -0.8346 -0.0000
vn 0.4995 -0.8663 -0.0000
vn 0.4450 -0.8955 -0.0000
vn 0.3865 -0.9223 -0.0000
vn 0.3230 -0.9464 -0.0000
vn 0.2537 -0.9673 -0.0000
vn 0.1772 -0.9842 -0.0000
vn 0.0925 -0.9957 -0.0000
vn -0.0063 -1.0000 -0.0000
vn -0.1244 -0.9922 -0.0000
vn -0.2544 -0.9671 -0.0000
vn -0.3871 -0.9221 -0.0000
vn -0.5168 -0.8561 -0.0000
vn -0.6377 -0.7703 -0.0000
vn -0.7439 -0.6683 -0.0000
vn -0.8317 -0.5552 -0.0000
vn -0.8995 -0.4370 -0.0000
vn -0.9477 -0.3190 -0.0000
vn -0.9787 -0.2055 -0.0000
vn -0.9951 -0.0990 -0.0000
vn -0.9997 -0.0239 -0.0000
vn 0.9998 0.0212 -0.0000
vn 0.9960 0.0896 -0.0000
vn 0.9818 0.1901 -0.0000
vn 0.9531 0.3027 -0.0000
vn 0.9052 0.4249 -0.0000
vn 0.8342 0.5514 -0.0000
vn 0.7387 0.6740 -0.0000
vn 0.6219 0.7831 -0.0000
vn 0.4912 0.8711 -0.0000
vn 0.3564 0.9343 -0.0000
vn 0.2264 0.9740 -0.0000
vn 0.1073 0.9942 -0.0000
vn 0.0025 1.0000 -0.0000
vn -0.0916 0.9958 -0.0000
vn -0.1820 0.9833 -0.0000
vn -0.2697 0.9629 -0.0000
vn -0.3535 0.9354 -0.0000
vn -0.4323 0.9017 -0.0000
vn -0.5054 0.8629 -0.0000
vn -0.5723 0.8201 -0.0000
vn -0.6329 0.7742 -0.0000
vn -0.6873 0.7263 -0.0000
vn -0.7358 0.6772 -0.0000
vn 0.6275 0.7786 -0.0000
vn -0.3176 -0.9482 -0.0000
vn -0.5172 -0.8558 -0.0000
vn -0.4823 -0.8760 -0.0000
vn -0.4458 -0.8951 -0.0000
vn -0.4077 -0.9131 -0.0000
vn -0.3678 -0.9299 -0.0000
vn -0.3257 -0.9455 -0.0000
vn -0.2811 -0.9597 -0.0000
vn -0.2336 -0.9723 -0.0000
vn -0.1825 -0.9832 -0.0000
vn -0.1271 -0.9919 -0.0000
vn -0.0663 -0.9978 -0.0000
vn 0.0027 -1.0000 -0.0000
vn 0.0823 -0.9966 -0.0000
vn 0.1700 -0.9854 -0.0000
vn 0.2641 -0.9645 -0.0000
vn 0.3643 -0.9313 -0.0000
vn 0.4699 -0.8827 -0.0000
vn -0.7266 -0.6871 -0.0000
vn -0.7892 0.6142 -0.0000
vn -0.8777 0.4793 -0.0000
vn -0.9453 0.3263 -0.0000
vn -0.9865 0.1635 -0.0000
vn -0.9998 -0.0217 -0.0000
vn -0.9718 -0.2356 -0.0000
vn -0.4293 0.9032 -0.0000
vn 0.8221 0.5693 -0.0000
vn 0.7473 0.6645 -0.0000
vn 0.6851 0.7285 -0.0000
vn 0.6358 0.7719 -0.0000
vn 0.5974 0.8019 -0.0000
vn 0.5678 0.8232 -0.0000
vn 0.5449 0.8385 -0.0000
vn 0.5274 0.8496 -0.0000
vn 0.5139 0.8579 -0.0000
vn 0.5350 0.8449 -0.0000
vn 0.5728 0.8197 -0.0000
vn 0.5989 0.8008 -0.0000
vn 0.6320 0.7750 -0.0000
vn 0.6728 0.7399 -0.0000
vn 0.7213 0.6926 -0.0000
vn 0.7764 0.6303 -0.0000
vn 0.8348 0.5505 -0.0000
vn 0.8914 0.4532 -0.0000
vn 0.9398 0.3416 -0.0000
vn 0.9748 0.2232 -0.0000
vn 0.9942 0.1073 -0.0000
vn 1.0000 -0.0079 -0.0000
vn 0.9907 -0.1363 -0.0000
vn 0.9616 -0.2746 -0.0000
vn 0.9120 -0.4102 -0.0000
vn 0.8432 -0.5377 -0.0000
vn 0.7578 -0.6525 -0.0000
vn 0.6598 -0.7514 -0.0000
vn 0.5532 -0.8331 -0.0000
vn 0.4418 -0.8971 -0.0000
vn 0.3287 -0.9444 -0.0000
vn 0.2164 -0.9763 -0.0000
vn 0.1065 -0.9943 -0.0000
vn 0.0175 -0.9998 -0.0000
vn -0.0361 -0.9993 -0.0000
vn -0.0754 -0.9972 -0.0000
vn -0.1179 -0.9930 -0.0000
vn -0.1624 -0.9867 -0.0000
vn -0.2078 -0.9782 -0.0000
vn -0.2527 -0.9676 -0.0000
vn -0.2958 -0.9553 -0.0000
vn -0.3728 -0.9279 -0.0000
vn -0.4056 -0.9140 -0.0000
vn -0.4343 -0.9008 -0.0000
vn -0.8508 -0.5256 -0.0000
vn -0.4725 0.8813 -0.0000
vn 0.5388 0.8424 -0.0000
vn 0.5082 0.8612 -0.0000
vn 0.4758 0.8796 -0.0000
vn 0.4410 0.8975 -0.0000
vn 0.4036 0.9149 -0.0000
vn 0.3630 0.9318 -0.0000
vn 0.3185 0.9479 -0.0000
vn 0.2692 0.9631 -0.0000
vn 0.2141 0.9768 -0.0000
vn 0.1518 0.9884 -0.0000
vn 0.0805 0.9968 -0.0000
vn -0.0245 0.9997 -0.0000
vn -0.1289 0.9917 -0.0000
vn -0.2065 0.9784 -0.0000
vn -0.2900 0.9570 -0.0000
vn -0.3801 0.9249 -0.0000
vn -0.4771 0.8788 -0.0000
vn -0.5798 0.8148 -0.0000
vn -0.6850 0.7285 -0.0000
vn -0.7867 0.6174 -0.0000
vn -0.8764 0.4815 -0.0000
vn 0.1623 0.9867 -0.0000
vn 0.0948 -0.9955 -0.0000
vn -0.8897 -0.4565 -0.0000
vn -0.7052 -0.7090 -0.0000
vn -0.5812 -0.8138 -0.0000
vn -0.5190 -0.8548 -0.0000
vn -0.5003 -0.8659 -0.0000
vn -0.5150 -0.8572 -0.0000
vn -0.5596 -0.8288 -0.0000
vn -0.6341 -0.7732 -0.0000
vn -0.7373 -0.6756 -0.0000
vn -0.8571 -0.5151 -0.0000
vn -0.9598 -0.2808 -0.0000
vn -0.9992 -0.0396 -0.0000
vn -0.9910 0.1338 -0.0000
vn -0.9618 0.2739 -0.0000
vn -0.9096 0.4154 -0.0000
vn -0.8348 0.5506 -0.0000
vn -0.7406 0.6720 -0.0000
vn -0.6329 0.7743 -0.0000
vn -0.5185 0.8551 -0.0000
vn -0.4034 0.9150 -0.0000
vn -0.2921 0.9564 -0.0000
vn -0.1872 0.9823 -0.0000
vn -0.0901 0.9959 -0.0000
vn -0.0098 1.0000 -0.0000
vn 0.0475 0.9989 -0.0000
vn 0.0945 0.9955 -0.0000
vn 0.1405 0.9901 -0.0000
vn 0.1852 0.9827 -0.0000
vn 0.2283 0.9736 -0.0000
vn 0.2694 0.9630 -0.0000
vn 0.3085 0.9512 -0.0000
vn 0.3453 0.9385 -0.0000
vn 0.3797 0.9251 -0.0000
vn 0.4119 0.9112 -0.0000
vn 0.4418 0.8971 -0.0000
vn 0.8532 0.5215 -0.0000
vn 0.4826 -0.8759 -0.0000
vn 0.4195 -0.9078 -0.0000
vn 0.6750 0.7378 -0.0000
vn -0.6874 0.7263 -0.0000
vn -0.6334 0.7738 -0.0000
vn -0.5760 0.8174 -0.0000
vn -0.5152 0.8571 -0.0000
vn -0.4510 0.8925 -0.0000
vn -0.3835 0.9235 -0.0000
vn -0.3128 0.9498 -0.0000
vn -0.2388 0.9711 -0.0000
vn -0.1618 0.9868 -0.0000
vn -0.0820 0.9966 -0.0000
vn 0.0084 1.0000 -0.0000
vn 0.1200 0.9928 -0.0000
vn 0.2472 0.9690 -0.0000
vn 0.3793 0.9253 -0.0000
vn 0.5108 0.8597 -0.0000
vn 0.6347 0.7728 -0.0000
vn 0.7441 0.6680 -0.0000
vn 0.8342 0.5515 -0.0000
vn 0.9027 0.4304 -0.0000
vn 0.9504 0.3110 -0.0000
vn 0.9802 0.1981 -0.0000
vn 0.9955 0.0945 -0.0000
vn 0.9997 0.0226 -0.0000
vn -0.9998 -0.0218 -0.0000
vn -0.9959 -0.0903 -0.0000
vn -0.9823 -0.1872 -0.0000
vn -0.9567 -0.2910 -0.0000
vn -0.9162 -0.4007 -0.0000
vn -0.8578 -0.5139 -0.0000
vn -0.7791 -0.6268 -0.0000
vn -0.6793 -0.7339 -0.0000
vn -0.5598 -0.8286 -0.0000
vn -0.4251 -0.9051 -0.0000
vn -0.2822 -0.9594 -0.0000
vn -0.1386 -0.9903 -0.0000
vn -0.0139 -0.9999 -0.0000
vn 0.0821 -0.9966 -0.0000
vn 0.1692 -0.9856 -0.0000
vn 0.2587 -0.9660 -0.0000
vn 0.3463 -0.9381 -0.0000
vn 0.4280 -0.9038 -0.0000
vn 0.5011 -0.8654 -0.0000
vn 0.5640 -0.8257 -0.0000
vn 0.6168 -0.7871 -0.0000
vn 0.6600 -0.7512 -0.0000
vn 0.6950 -0.7190 -0.0000
vn -0.6909 -0.7229 -0.0000
vn 0.3639 0.9315 -0.0000
vn -0.6452 -0.7641 -0.0000
vn -0.5982 -0.8014 -0.0000
vn -0.5472 -0.8370 -0.0000
vn -0.4924 -0.8703 -0.0000
vn -0.4344 -0.9007 -0.0000
vn -0.3738 -0.9275 -0.0000
vn -0.3113 -0.9503 -0.0000
vn -0.2478 -0.9688 -0.0000
vn -0.1842 -0.9829 -0.0000
vn -0.1212 -0.9926 -0.0000
vn -0.0598 -0.9982 -0.0000
vn 0.0072 -1.0000 -0.0000
vn 0.0900 -0.9959 -0.0000
vn 0.1842 -0.9829 -0.0000
vn 0.2828 -0.9592 -0.0000
vn 0.3856 -0.9227 -0.0000
vn 0.4915 -0.8709 -0.0000
vn 0.5986 -0.8011 -0.0000
vn 0.7033 -0.7109 -0.0000
vn 0.8007 -0.5990 -0.0000
vn 0.8845 -0.4665 -0.0000
vn 0.9482 -0.3175 -0.0000
vn 0.9872 -0.1593 -0.0000
vn 0.9985 0.0556 -0.0000
vn 0.9314 0.3641 -0.0000
vn 0.7737 0.6335 -0.0000
vn 0.6274 0.7787 -0.0000
vn 0.5367 0.8438 -0.0000
vn 0.5005 0.8657 -0.0000
vn 0.5106 0.8598 -0.0000
vn 0.5617 0.8274 -0.0000
vn 0.6501 0.7599 -0.0000
vn 0.7661 0.6427 -0.0000
vn 0.8854 0.4648 -0.0000
vn 0.9712 0.2381 -0.0000
vn 0.9997 0.0262 -0.0000
vn 0.9918 -0.1282 -0.0000
vn 0.9663 -0.2574 -0.0000
vn 0.9231 -0.3845 -0.0000
vn 0.8626 -0.5058 -0.0000
vn 0.7860 -0.6182 -0.0000
vn 0.6952 -0.7188 -0.0000
vn 0.5927 -0.8055 -0.0000
vn 0.4810 -0.8767 -0.0000
vn 0.3632 -0.9317 -0.0000
vn 0.2420 -0.9703 -0.0000
vn 0.1202 -0.9928 -0.0000
vn 0.0182 -0.9998 -0.0000
vn -0.0471 -0.9989 -0.0000
vn -0.0969 -0.9953 -0.0000
vn -0.1491 -0.9888 -0.0000
vn -0.2033 -0.9791 -0.0000
vn -0.2586 -0.9660 -0.0000
vn -0.3140 -0.9494 -0.0000
vn -0.3686 -0.9296 -0.0000
vn -0.4214 -0.9069 -0.0000
vn -0.4717 -0.8817 -0.0000
vn -0.5189 -0.8549 -0.0000
vn -0.5623 -0.8269 -0.0000
vn -0.8896 -0.4567 -0.0000
vn -0.3393 0.9407 -0.0000
vn 0.7500 0.6614 -0.0000
vn 0.7074 0.7068 -0.0000
vn 0.6596 0.7517 -0.0000
vn 0.6063 0.7953 -0.0000
vn 0.5473 0.8370 -0.0000
vn 0.4825 0.8759 -0.0000
vn 0.4122 0.9111 -0.0000
vn 0.3367 0.9416 -0.0000
vn 0.2566 0.9665 -0.0000
vn 0.1730 0.9849 -0.0000
vn 0.0870 0.9962 -0.0000
vn -0.0048 1.0000 -0.0000
vn -0.1096 0.9940 -0.0000
vn -0.2246 0.9744 -0.0000
vn -0.3427 0.9395 -0.0000
vn -0.4598 0.8880 -0.0000
vn -0.5721 0.8202 -0.0000
vn -0.6758 0.7371 -0.0000
vn -0.7680 0.6404 -0.0000
vn -0.8467 0.5321 -0.0000
vn -0.9105 0.4135 -0.0000
vn -0.9584 0.2853 -0.0000
vn -0.9891 0.1473 -0.0000
vn -0.9988 -0.0497 -0.0000
vn -0.9418 -0.3362 -0.0000
vn -0.8047 -0.5937 -0.0000
vn -0.6690 -0.7433 -0.0000
vn -0.5764 -0.8172 -0.0000
vn -0.5308 -0.8475 -0.0000
vn -0.5272 -0.8497 -0.0000
vn -0.5624 -0.8268 -0.0000
vn -0.6354 -0.7722 -0.0000
vn -0.7422 -0.6702 -0.0000
vn -0.8648 -0.5021 -0.0000
vn -0.9638 -0.2666 -0.0000
vn -0.9994 -0.0352 -0.0000
vn -0.9917 0.1285 -0.0000
vn -0.9650 0.2624 -0.0000
vn -0.9175 0.3977 -0.0000
vn -0.8490 0.5283 -0.0000
vn -0.7616 0.6481 -0.0000
vn -0.6592 0.7519 -0.0000
vn -0.5474 0.8369 -0.0000
vn -0.4315 0.9021 -0.0000
vn -0.3162 0.9487 -0.0000
vn -0.2047 0.9788 -0.0000
vn -0.0992 0.9951 -0.0000
vn -0.0112 0.9999 -0.0000
vn 0.0512 0.9987 -0.0000
vn 0.1022 0.9948 -0.0000
vn 0.1527 0.9883 -0.0000
vn 0.2026 0.9793 -0.0000
vn 0.2515 0.9679 -0.0000
vn 0.2993 0.9542 -0.0000
vn 0.3458 0.9383 -0.0000
vn 0.3909 0.9204 -0.0000
vn 0.4344 0.9007 -0.0000
vn 0.4763 0.8793 -0.0000
vn 0.5164 0.8564 -0.0000
vn 0.8763 0.4818 -0.0000
vn 0.4078 -0.9131 -0.0000
vn 0.0210 0.9998 -0.0000
vn 0.0888 0.9961 -0.0000
vn 0.1884 0.9821 -0.0000
vn 0.3000 0.9539 -0.0000
vn 0.4213 0.9069 -0.0000
vn 0.5472 0.8370 -0.0000
vn 0.6697 0.7426 -0.0000
vn 0.7793 0.6266 -0.0000
vn 0.8682 0.4962 -0.0000
vn 0.9326 0.3609 -0.0000
vn 0.9732 0.2298 -0.0000
vn 0.9940 0.1091 -0.0000
vn 1.0000 -0.0036 -0.0000
vn 0.9927 -0.1202 -0.0000
vn 0.9700 -0.2433 -0.0000
vn 0.9303 -0.3667 -0.0000
vn 0.8733 -0.4872 -0.0000
vn 0.7992 -0.6011 -0.0000
vn 0.7093 -0.7049 -0.0000
vn 0.6058 -0.7956 -0.0000
vn 0.4919 -0.8707 -0.0000
vn 0.3708 -0.9287 -0.0000
vn 0.2463 -0.9692 -0.0000
vn 0.0213 -0.9998 -0.0000
vn -0.0354 -0.9994 -0.0000
vn -0.0719 -0.9974 -0.0000
vn -0.1088 -0.9941 -0.0000
vn -0.1457 -0.9893 -0.0000
vn -0.1818 -0.9833 -0.0000
vn -0.2167 -0.9762 -0.0000
vn -0.2499 -0.9683 -0.0000
vn -0.2809 -0.9597 -0.0000
vn -0.3096 -0.9509 -0.0000
vn -0.3358 -0.9419 -0.0000
vn 0.9332 -0.3594 -0.0000
vn 0.8278 0.5610 -0.0000
vn -0.9156 0.4020 -0.0000
vn 0.3696 0.9292 -0.0000
vn 0.3364 0.9417 -0.0000
vn 0.3025 0.9531 -0.0000
vn 0.2678 0.9635 -0.0000
vn 0.2323 0.9726 -0.0000
vn 0.1959 0.9806 -0.0000
vn 0.1587 0.9873 -0.0000
vn 0.1204 0.9927 -0.0000
vn 0.0812 0.9967 -0.0000
vn 0.0410 0.9992 -0.0000
vn -0.0219 0.9998 -0.0000
vn -0.1307 0.9914 -0.0000
vn -0.2623 0.9650 -0.0000
vn -0.3915 0.9202 -0.0000
vn -0.5141 0.8577 -0.0000
vn -0.6269 0.7791 -0.0000
vn -0.7269 0.6867 -0.0000
vn -0.8122 0.5833 -0.0000
vn -0.8817 0.4718 -0.0000
vn -0.9348 0.3552 -0.0000
vn -0.9717 0.2361 -0.0000
vn -0.9931 0.1170 -0.0000
vn -1.0000 0.0061 -0.0000
vn -0.9954 -0.0957 -0.0000
vn -0.9793 -0.2026 -0.0000
vn -0.9471 -0.3209 -0.0000
vn -0.8943 -0.4475 -0.0000
vn -0.8177 -0.5756 -0.0000
vn -0.7175 -0.6965 -0.0000
vn -0.5984 -0.8012 -0.0000
vn -0.4688 -0.8833 -0.0000
vn -0.3381 -0.9411 -0.0000
vn -0.2140 -0.9768 -0.0000
vn -0.1012 -0.9949 -0.0000
vn -0.0240 -0.9997 -0.0000
vn 0.5394 -0.8420 -0.0000
vn 0.1869 -0.9824 -0.0000
vn -0.2344 -0.9721 -0.0000
vn -0.4465 -0.8948 -0.0000
vn -0.9015 -0.4327 -0.0000
vn 0.5005 -0.8657 -0.0000
vn -0.8890 -0.4580 -0.0000
vn -0.8017 -0.5978 -0.0000
vn 0.6298 -0.7768 -0.0000
vn -0.9315 0.3638 -0.0000
vn 0.9999 0.0156 -0.0000
vn 0.1468 -0.9892 -0.0000
vn -0.9698 -0.2437 -0.0000
vn -0.9337 -0.3581 -0.0000
vn -0.6612 -0.7503 -0.0000
vn -0.5179 -0.8555 -0.0000
vn 0.0140 -0.9999 -0.0000
vn -0.9715 -0.2370 -0.0000
vn -0.3118 0.9502 -0.0000
vn -0.3688 0.9295 -0.0000
vn -0.5802 0.8144 -0.0000
vn 0.6169 -0.7870 -0.0000
vn 0.8158 -0.5784 -0.0000
vn 0.9922 0.1243 -0.0000
vn 0.8667 0.4988 -0.0000
vn 0.7905 0.6124 -0.0000
vn 0.6993 0.7148 -0.0000
vn -0.3121 0.9500 -0.0000
vn -0.6267 0.7793 -0.0000
vn -0.5282 -0.8491 -0.0000
vn -0.4975 -0.8675 -0.0000
vn -0.4618 -0.8870 -0.0000
vn -0.4207 -0.9072 -0.0000
vn -0.3743 -0.9273 -0.0000
vn -0.3231 -0.9464 -0.0000
vn -0.2682 -0.9634 -0.0000
vn -0.2111 -0.9775 -0.0000
vn -0.1537 -0.9881 -0.0000
vn -0.0983 -0.9952 -0.0000
vn -0.0469 -0.9989 -0.0000
vn 0.0205 -0.9998 -0.0000
vn 0.1294 -0.9916 -0.0000
vn 0.2622 -0.9650 -0.0000
vn 0.3945 -0.9189 -0.0000
vn 0.5216 -0.8532 -0.0000
vn 0.6383 -0.7698 -0.0000
vn 0.7407 -0.6718 -0.0000
vn 0.8262 -0.5634 -0.0000
vn 0.8935 -0.4490 -0.0000
vn 0.9431 -0.3326 -0.0000
vn 0.9760 -0.2176 -0.0000
vn 0.9943 -0.1064 -0.0000
vn 1.0000 0.0015 -0.0000
vn 0.9935 0.1135 -0.0000
vn 0.9722 0.2343 -0.0000
vn 0.9328 0.3604 -0.0000
vn 0.8733 0.4871 -0.0000
vn 0.7935 0.6086 -0.0000
vn 0.6953 0.7187 -0.0000
vn 0.5833 0.8123 -0.0000
vn 0.4631 0.8863 -0.0000
vn 0.3407 0.9402 -0.0000
vn 0.2208 0.9753 -0.0000
vn 0.1069 0.9943 -0.0000
vn 0.0149 0.9999 -0.0000
vn -0.0441 0.9990 -0.0000
vn -0.0881 0.9961 -0.0000
vn -0.1313 0.9913 -0.0000
vn -0.1730 0.9849 -0.0000
vn -0.2126 0.9771 -0.0000
vn -0.2495 0.9684 -0.0000
vn -0.2835 0.9590 -0.0000
vn -0.3142 0.9493 -0.0000
vn -0.3418 0.9398 -0.0000
vn -0.3661 0.9306 -0.0000
vn -0.3874 0.9219 -0.0000
vn 0.5490 0.8358 -0.0000
vn 0.8350 -0.5502 -0.0000
vn 0.3705 -0.9288 -0.0000
vn 0.3261 -0.9454 -0.0000
vn 0.2883 -0.9575 -0.0000
vn 0.2550 -0.9669 -0.0000
vn 0.2243 -0.9745 -0.0000
vn 0.1952 -0.9808 -0.0000
vn 0.1665 -0.9860 -0.0000
vn 0.1375 -0.9905 -0.0000
vn 0.1072 -0.9942 -0.0000
vn 0.0748 -0.9972 -0.0000
vn 0.0392 -0.9992 -0.0000
vn -0.0189 -0.9998 -0.0000
vn -0.1188 -0.9929 -0.0000
vn -0.2407 -0.9706 -0.0000
vn -0.3636 -0.9316 -0.0000
vn -0.4839 -0.8751 -0.0000
vn -0.5982 -0.8013 -0.0000
vn -0.7027 -0.7115 -0.0000
vn -0.7941 -0.6077 -0.0000
vn -0.8699 -0.4932 -0.0000
vn -0.9284 -0.3715 -0.0000
vn -0.9691 -0.2465 -0.0000
vn -0.9926 -0.1218 -0.0000
vn -1.0000 -0.0053 -0.0000
vn -0.9948 0.1020 -0.0000
vn -0.9775 0.2109 -0.0000
vn -0.9453 0.3262 -0.0000
vn -0.8955 0.4451 -0.0000
vn -0.8261 0.5635 -0.0000
vn -0.7368 0.6761 -0.0000
vn -0.6296 0.7769 -0.0000
vn -0.5085 0.8611 -0.0000
vn -0.3794 0.9253 -0.0000
vn -0.2484 0.9687 -0.0000
vn -0.1210 0.9927 -0.0000
vn -0.0196 0.9998 -0.0000
vn 0.0400 0.9992 -0.0000
vn 0.0819 0.9966 -0.0000
vn 0.1252 0.9921 -0.0000
vn 0.1687 0.9857 -0.0000
vn 0.2113 0.9774 -0.0000
vn 0.2517 0.9678 -0.0000
vn 0.2888 0.9574 -0.0000
vn 0.3217 0.9468 -0.0000
vn 0.3499 0.9368 -0.0000
vn 0.3729 0.9279 -0.0000
vn 0.3907 0.9205 -0.0000
vn 0.8361 0.5485 -0.0000
vn 0.4784 -0.8781 -0.0000
vn 0.5233 -0.8522 -0.0000
vn 0.4869 -0.8735 -0.0000
vn 0.4449 -0.8956 -0.0000
vn 0.3980 -0.9174 -0.0000
vn 0.3470 -0.9379 -0.0000
vn 0.2934 -0.9560 -0.0000
vn 0.2388 -0.9711 -0.0000
vn 0.1848 -0.9828 -0.0000
vn 0.1330 -0.9911 -0.0000
vn 0.0845 -0.9964 -0.0000
vn 0.0403 -0.9992 -0.0000
vn -0.0250 -0.9997 -0.0000
vn -0.1412 -0.9900 -0.0000
vn -0.2852 -0.9585 -0.0000
vn -0.4256 -0.9049 -0.0000
vn -0.5557 -0.8314 -0.0000
vn -0.6702 -0.7422 -0.0000
vn -0.7664 -0.6424 -0.0000
vn -0.8438 -0.5366 -0.0000
vn -0.9036 -0.4283 -0.0000
vn -0.9475 -0.3198 -0.0000
vn -0.9773 -0.2121 -0.0000
vn -0.9944 -0.1055 -0.0000
vn -1.0000 0.0004 -0.0000
vn -0.9940 0.1091 -0.0000
vn -0.9749 0.2227 -0.0000
vn -0.9406 0.3396 -0.0000
vn -0.8894 0.4571 -0.0000
vn -0.8205 0.5717 -0.0000
vn -0.7339 0.6793 -0.0000
vn -0.6309 0.7758 -0.0000
vn -0.5145 0.8575 -0.0000
vn -0.3887 0.9214 -0.0000
vn -0.2581 0.9661 -0.0000
vn -0.1274 0.9919 -0.0000
vn -0.0020 1.0000 -0.0000
vn 0.1222 0.9925 -0.0000
vn 0.2545 0.9671 -0.0000
vn 0.3939 0.9192 -0.0000
vn 0.5325 0.8465 -0.0000
vn 0.6607 0.7506 -0.0000
vn 0.7703 0.6377 -0.0000
vn 0.8564 0.5163 -0.0000
vn 0.9186 0.3951 -0.0000
vn 0.9599 0.2805 -0.0000
vn 0.9844 0.1760 -0.0000
vn 0.9966 0.0830 -0.0000
vn 0.7209 -0.6931 -0.0000
vn -0.6340 -0.7733 -0.0000
vn -0.2406 0.9706 -0.0000
vn 0.9427 0.3338 -0.0000
vn 0.9005 0.4348 -0.0000
vn 0.8413 0.5406 -0.0000
vn 0.7633 0.6461 -0.0000
vn 0.6671 0.7449 -0.0000
vn 0.5566 0.8308 -0.0000
vn 0.4378 0.8991 -0.0000
vn 0.3177 0.9482 -0.0000
vn 0.0965 0.9953 -0.0000
vn 0.0076 1.0000 -0.0000
vn -0.0612 0.9981 -0.0000
vn -0.1212 0.9926 -0.0000
vn -0.1792 0.9838 -0.0000
vn -0.2344 0.9721 -0.0000
vn -0.2864 0.9581 -0.0000
vn -0.3347 0.9423 -0.0000
vn -0.3793 0.9253 -0.0000
vn -0.4201 0.9075 -0.0000
vn -0.4571 0.8894 -0.0000
vn -0.4904 0.8715 -0.0000
vn -0.5202 0.8540 -0.0000
vn 0.4826 0.8759 -0.0000
vn 0.8775 -0.4796 -0.0000
vn 0.1396 -0.9902 -0.0000
vn -0.9704 -0.2417 -0.0000
vn -0.8866 -0.4625 -0.0000
vn -0.8179 -0.5753 -0.0000
vn -0.7300 -0.6835 -0.0000
vn -0.6242 -0.7812 -0.0000
vn -0.5045 -0.8634 -0.0000
vn -0.3763 -0.9265 -0.0000
vn -0.2462 -0.9692 -0.0000
vn -0.1198 -0.9928 -0.0000
vn -0.0038 -1.0000 -0.0000
vn 0.1048 -0.9945 -0.0000
vn 0.2179 -0.9760 -0.0000
vn 0.3375 -0.9413 -0.0000
vn 0.4587 -0.8886 -0.0000
vn 0.5754 -0.8179 -0.0000
vn 0.6814 -0.7319 -0.0000
vn 0.7721 -0.6356 -0.0000
vn 0.8452 -0.5345 -0.0000
vn 0.9009 -0.4340 -0.0000
vn 0.9411 -0.3381 -0.0000
vn -0.2490 -0.9685 -0.0000
vn -0.6300 0.7766 -0.0000
vt 0.466019 0.000000
vt 0.485437 0.000000
vt 0.475728 0.000000
vt 0.184466 0.000000
vt 0.174757 0.000000
vt 0.194175 0.000000
vt 0.203883 0.000000
vt 0.213592 0.000000
vt 0.223301 0.000000
vt 0.932039 0.000000
vt 0.233010 0.000000
vt 0.242718 0.000000
vt 0.252427 0.000000
vt 0.941748 0.000000
vt 0.912621 0.000000
vt 0.902913 0.000000
vt 0.893204 0.000000
vt 0.883495 0.000000
vt 0.825243 0.000000
vt 0.339806 0.000000
vt 0.834951 0.000000
vt 0.563107 0.000000
vt 0.553398 0.000000
vt 0.116505 0.000000
vt 0.844660 0.000000
vt 0.330097 0.000000
vt 0.126214 0.000000
vt 0.543689 0.000000
vt 0.854369 0.000000
vt 0.320388 0.000000
vt 0.135922 0.000000
vt 0.533981 0.000000
vt 0.145631 0.000000
vt 0.524272 0.000000
vt 0.155340 0.000000
vt 0.514563 0.000000
vt 0.165049 0.000000
vt 0.504854 0.000000
vt 0.495146 0.000000
vt 0.961165 0.000000
vt 0.922330 0.000000
vt 0.262136 0.000000
vt 0.271845 0.000000
vt 0.281553 0.000000
vt 0.291262 0.000000
vt 0.873786 0.000000
vt 0.300971 0.000000
vt 0.864078 0.000000
vt 0.310680 0.000000
vt 0.097087 0.000000
vt 0.582524 0.000000
vt 0.572816 0.000000
vt 0.087379 0.000000
vt 0.592233 0.000000
vt 0.815534 0.000000
vt 0.805825 0.000000
vt 0.349515 0.000000
vt 0.757282 0.000000
vt 0.747573 0.000000
vt 0.951456 0.000000
vt 0.077670 0.000000
vt 0.067961 0.000000
vt 0.601942 0.000000
vt 0.611650 0.000000
vt 0.737864 0.000000
vt 0.728155 0.000000
vt 0.766990 0.000000
vt 0.796117 0.000000
vt 0.359223 0.000000
vt 0.456311 0.000000
vt 0.446602 0.000000
vt 0.699029 0.000000
vt 0.640777 0.000000
vt 0.029126 0.000000
vt 0.019417 0.000000
vt 0.650485 0.000000
vt 0.009709 0.000000
vt 0.660194 0.000000
vt 0.000000 0.000000
vt 0.669903 0.000000
vt 0.708738 0.000000
vt 0.679612 0.000000
vt 0.689320 0.000000
vt 0.058252 0.000000
vt 0.621359 0.000000
vt 0.048544 0.000000
vt 0.038835 0.000000
vt 0.631068 0.000000
vt 0.436893 0.000000
vt 0.718447 0.000000
vt 0.427184 0.000000
vt 0.417476 0.000000
vt 0.407767 0.000000
vt 0.398058 0.000000
vt 0.388350 0.000000
vt 0.776699 0.000000
vt 0.378641 0.000000
vt 0.786408 0.000000
vt 0.368932 0.000000
vt 0.106796 0.000000
vt 0.980583 0.000000
vt 0.970874 0.000000
vt 0.990291 0.000000
vt 1.000000 0.000000
vt 0.731959 0.000000
vt 0.721649 0.000000
vt 0.257732 0.000000
vt 0.247423 0.000000
vt 0.742268 0.000000
vt 0.237113 0.000000
vt 0.752577 0.000000
vt 0.226804 0.000000
vt 0.762887 0.000000
vt 0.216495 0.000000
vt 0.113402 0.000000
vt 0.865979 0.000000
vt 0.123711 0.000000
vt 0.618557 0.000000
vt 0.350515 0.000000
vt 0.628866 0.000000
vt 0.340206 0.000000
vt 0.134021 0.000000
vt 0.855670 0.000000
vt 0.639175 0.000000
vt 0.329897 0.000000
vt 0.144330 0.000000
vt 0.845361 0.000000
vt 0.649485 0.000000
vt 0.319588 0.000000
vt 0.659794 0.000000
vt 0.309278 0.000000
vt 0.670103 0.000000
vt 0.298969 0.000000
vt 0.680412 0.000000
vt 0.288660 0.000000
vt 0.690722 0.000000
vt 0.278351 0.000000
vt 0.701031 0.000000
vt 0.711340 0.000000
vt 0.268041 0.000000
vt 0.206186 0.000000
vt 0.773196 0.000000
vt 0.195876 0.000000
vt 0.783505 0.000000
vt 0.793814 0.000000
vt 0.185567 0.000000
vt 0.804124 0.000000
vt 0.175258 0.000000
vt 0.814433 0.000000
vt 0.164948 0.000000
vt 0.824742 0.000000
vt 0.154639 0.000000
vt 0.835052 0.000000
vt 0.092784 0.000000
vt 0.886598 0.000000
vt 0.103093 0.000000
vt 0.876289 0.000000
vt 0.360825 0.000000
vt 0.608247 0.000000
vt 0.597938 0.000000
vt 0.371134 0.000000
vt 0.082474 0.000000
vt 0.896907 0.000000
vt 0.587629 0.000000
vt 0.381443 0.000000
vt 0.577320 0.000000
vt 0.391753 0.000000
vt 0.072165 0.000000
vt 0.917526 0.000000
vt 0.907216 0.000000
vt 0.505155 0.000000
vt 0.494845 0.000000
vt 0.463918 0.000000
vt 0.474227 0.000000
vt 0.484536 0.000000
vt 0.536082 0.000000
vt 0.525773 0.000000
vt 0.432990 0.000000
vt 0.443299 0.000000
vt 0.515464 0.000000
vt 0.453608 0.000000
vt 0.989691 0.000000
vt 0.010309 0.000000
vt 0.020619 0.000000
vt 0.979381 0.000000
vt 0.567010 0.000000
vt 0.402062 0.000000
vt 0.556701 0.000000
vt 0.412371 0.000000
vt 0.546392 0.000000
vt 0.422680 0.000000
vt 0.030928 0.000000
vt 0.969072 0.000000
vt 0.041237 0.000000
vt 0.958763 0.000000
vt 0.051546 0.000000
vt 0.948454 0.000000
vt 0.938144 0.000000
vt 0.061856 0.000000
vt 0.927835 0.000000
vt 0.433333 0.000000
vt 0.427778 0.000000
vt 0.505556 0.000000
vt 0.511111 0.000000
vt 0.516667 0.000000
vt 0.477778 0.000000
vt 0.472222 0.000000
vt 0.466667 0.000000
vt 0.461111 0.000000
vt 0.455556 0.000000
vt 0.450000 0.000000
vt 0.483333 0.000000
vt 0.444444 0.000000
vt 0.488889 0.000000
vt 0.438889 0.000000
vt 0.494444 0.000000
vt 0.500000 0.000000
vt 0.533333 0.000000
vt 0.416667 0.000000
vt 0.411111 0.000000
vt 0.538889 0.000000
vt 0.400000 0.000000
vt 0.544444 0.000000
vt 0.405556 0.000000
vt 0.872222 0.000000
vt 0.188889 0.000000
vt 0.877778 0.000000
vt 0.194444 0.000000
vt 0.866667 0.000000
vt 0.200000 0.000000
vt 0.861111 0.000000
vt 0.205556 0.000000
vt 0.211111 0.000000
vt 0.855556 0.000000
vt 0.216667 0.000000
vt 0.850000 0.000000
vt 0.222222 0.000000
vt 0.227778 0.000000
vt 0.844444 0.000000
vt 0.233333 0.000000
vt 0.238889 0.000000
vt 0.838889 0.000000
vt 0.244444 0.000000
vt 0.250000 0.000000
vt 0.833333 0.000000
vt 0.255556 0.000000
vt 0.827778 0.000000
vt 0.261111 0.000000
vt 0.266667 0.000000
vt 0.822222 0.000000
vt 0.272222 0.000000
vt 0.816667 0.000000
vt 0.277778 0.000000
vt 0.283333 0.000000
vt 0.811111 0.000000
vt 0.288889 0.000000
vt 0.294444 0.000000
vt 0.805556 0.000000
vt 0.300000 0.000000
vt 0.800000 0.000000
vt 0.305556 0.000000
vt 0.794444 0.000000
vt 0.311111 0.000000
vt 0.788889 0.000000
vt 0.316667 0.000000
vt 0.783333 0.000000
vt 0.322222 0.000000
vt 0.777778 0.000000
vt 0.327778 0.000000
vt 0.422222 0.000000
vt 0.522222 0.000000
vt 0.527778 0.000000
vt 0.122222 0.000000
vt 0.950000 0.000000
vt 0.955556 0.000000
vt 0.944444 0.000000
vt 0.933333 0.000000
vt 0.927778 0.000000
vt 0.938889 0.000000
vt 0.133333 0.000000
vt 0.088889 0.000000
vt 0.083333 0.000000
vt 0.150000 0.000000
vt 0.127778 0.000000
vt 0.988889 0.000000
vt 0.077778 0.000000
vt 0.072222 0.000000
vt 0.066667 0.000000
vt 0.061111 0.000000
vt 0.105556 0.000000
vt 0.144444 0.000000
vt 0.138889 0.000000
vt 0.111111 0.000000
vt 0.116667 0.000000
vt 0.977778 0.000000
vt 0.761111 0.000000
vt 0.766667 0.000000
vt 0.772222 0.000000
vt 0.961111 0.000000
vt 0.338889 0.000000
vt 0.377778 0.000000
vt 0.372222 0.000000
vt 0.572222 0.000000
vt 0.566667 0.000000
vt 0.700000 0.000000
vt 0.694444 0.000000
vt 0.688889 0.000000
vt 0.705556 0.000000
vt 0.716667 0.000000
vt 0.677778 0.000000
vt 0.672222 0.000000
vt 0.683333 0.000000
vt 0.711111 0.000000
vt 0.666667 0.000000
vt 0.727778 0.000000
vt 0.722222 0.000000
vt 0.655556 0.000000
vt 0.738889 0.000000
vt 0.661111 0.000000
vt 0.744444 0.000000
vt 0.650000 0.000000
vt 0.644444 0.000000
vt 0.622222 0.000000
vt 0.627778 0.000000
vt 0.616667 0.000000
vt 0.022222 0.000000
vt 0.016667 0.000000
vt 0.011111 0.000000
vt 0.005556 0.000000
vt 0.755556 0.000000
vt 0.750000 0.000000
vt 0.027778 0.000000
vt 0.638889 0.000000
vt 0.633333 0.000000
vt 0.966667 0.000000
vt 0.033333 0.000000
vt 0.038889 0.000000
vt 0.044444 0.000000
vt 0.733333 0.000000
vt 0.055556 0.000000
vt 0.050000 0.000000
vt 0.611111 0.000000
vt 0.333333 0.000000
vt 0.344444 0.000000
vt 0.605556 0.000000
vt 0.350000 0.000000
vt 0.600000 0.000000
vt 0.355556 0.000000
vt 0.594444 0.000000
vt 0.361111 0.000000
vt 0.588889 0.000000
vt 0.366667 0.000000
vt 0.583333 0.000000
vt 0.577778 0.000000
vt 0.172222 0.000000
vt 0.166667 0.000000
vt 0.177778 0.000000
vt 0.183333 0.000000
vt 0.883333 0.000000
vt 0.888889 0.000000
vt 0.894444 0.000000
vt 0.900000 0.000000
vt 0.905556 0.000000
vt 0.911111 0.000000
vt 0.916667 0.000000
vt 0.922222 0.000000
vt 0.383333 0.000000
vt 0.561111 0.000000
vt 0.388889 0.000000
vt 0.555556 0.000000
vt 0.394444 0.000000
vt 0.550000 0.000000
vt 0.972222 0.000000
vt 0.094444 0.000000
vt 0.100000 0.000000
vt 0.161111 0.000000
vt 0.155556 0.000000
vt 0.983333 0.000000
vt 0.994444 0.000000
vt 0.012821 0.000000
vt 0.474359 0.000000
vt 0.512821 0.000000
vt 0.987179 0.000000
vt 0.576923 0.000000
vt 0.564103 0.000000
vt 0.551282 0.000000
vt 0.538462 0.000000
vt 0.448718 0.000000
vt 0.461538 0.000000
vt 0.525641 0.000000
vt 0.974359 0.000000
vt 0.358974 0.000000
vt 0.641026 0.000000
vt 0.371795 0.000000
vt 0.628205 0.000000
vt 0.384615 0.000000
vt 0.653846 0.000000
vt 0.346154 0.000000
vt 0.320513 0.000000
vt 0.679487 0.000000
vt 0.948718 0.000000
vt 0.038462 0.000000
vt 0.961538 0.000000
vt 0.025641 0.000000
vt 0.397436 0.000000
vt 0.615385 0.000000
vt 0.410256 0.000000
vt 0.602564 0.000000
vt 0.423077 0.000000
vt 0.435897 0.000000
vt 0.589744 0.000000
vt 0.923077 0.000000
vt 0.910256 0.000000
vt 0.064103 0.000000
vt 0.051282 0.000000
vt 0.820513 0.000000
vt 0.807692 0.000000
vt 0.179487 0.000000
vt 0.294872 0.000000
vt 0.282051 0.000000
vt 0.705128 0.000000
vt 0.717949 0.000000
vt 0.269231 0.000000
vt 0.730769 0.000000
vt 0.256410 0.000000
vt 0.743590 0.000000
vt 0.243590 0.000000
vt 0.756410 0.000000
vt 0.230769 0.000000
vt 0.217949 0.000000
vt 0.769231 0.000000
vt 0.205128 0.000000
vt 0.782051 0.000000
vt 0.192308 0.000000
vt 0.794872 0.000000
vt 0.153846 0.000000
vt 0.846154 0.000000
vt 0.141026 0.000000
vt 0.858974 0.000000
vt 0.128205 0.000000
vt 0.871795 0.000000
vt 0.115385 0.000000
vt 0.102564 0.000000
vt 0.884615 0.000000
vt 0.089744 0.000000
vt 0.897436 0.000000
vt 0.076923 0.000000
vt 0.307692 0.000000
vt 0.692308 0.000000
vt 0.935897 0.000000
vt 0.487179 0.000000
vt 0.454545 0.000000
vt 0.545455 0.000000
vt 0.462810 0.000000
vt 0.471074 0.000000
vt 0.537190 0.000000
vt 0.479339 0.000000
vt 0.528926 0.000000
vt 0.487603 0.000000
vt 0.520661 0.000000
vt 0.512397 0.000000
vt 0.504132 0.000000
vt 0.495868 0.000000
vt 0.586777 0.000000
vt 0.396694 0.000000
vt 0.595041 0.000000
vt 0.884298 0.000000
vt 0.107438 0.000000
vt 0.099174 0.000000
vt 0.404959 0.000000
vt 0.413223 0.000000
vt 0.578512 0.000000
vt 0.421488 0.000000
vt 0.570248 0.000000
vt 0.115702 0.000000
vt 0.876033 0.000000
vt 0.429752 0.000000
vt 0.438017 0.000000
vt 0.561983 0.000000
vt 0.446281 0.000000
vt 0.553719 0.000000
vt 0.743802 0.000000
vt 0.223140 0.000000
vt 0.752066 0.000000
vt 0.214876 0.000000
vt 0.760331 0.000000
vt 0.768595 0.000000
vt 0.206612 0.000000
vt 0.776860 0.000000
vt 0.198347 0.000000
vt 0.785124 0.000000
vt 0.793388 0.000000
vt 0.190083 0.000000
vt 0.801653 0.000000
vt 0.181818 0.000000
vt 0.809917 0.000000
vt 0.173554 0.000000
vt 0.818182 0.000000
vt 0.165289 0.000000
vt 0.826446 0.000000
vt 0.157025 0.000000
vt 0.834711 0.000000
vt 0.148760 0.000000
vt 0.842975 0.000000
vt 0.140496 0.000000
vt 0.851240 0.000000
vt 0.132231 0.000000
vt 0.859504 0.000000
vt 0.123967 0.000000
vt 0.867769 0.000000
vt 0.082645 0.000000
vt 0.892562 0.000000
vt 0.090909 0.000000
vt 0.603306 0.000000
vt 0.388430 0.000000
vt 0.380165 0.000000
vt 0.611570 0.000000
vt 0.074380 0.000000
vt 0.900826 0.000000
vt 0.371901 0.000000
vt 0.619835 0.000000
vt 0.066116 0.000000
vt 0.917355 0.000000
vt 0.909091 0.000000
vt 0.958678 0.000000
vt 0.950413 0.000000
vt 0.041322 0.000000
vt 0.991736 0.000000
vt 0.008264 0.000000
vt 0.016529 0.000000
vt 0.983471 0.000000
vt 0.024793 0.000000
vt 0.975207 0.000000
vt 0.033058 0.000000
vt 0.966942 0.000000
vt 0.363636 0.000000
vt 0.628099 0.000000
vt 0.355372 0.000000
vt 0.636364 0.000000
vt 0.347107 0.000000
vt 0.644628 0.000000
vt 0.338843 0.000000
vt 0.652893 0.000000
vt 0.330579 0.000000
vt 0.661157 0.000000
vt 0.322314 0.000000
vt 0.669421 0.000000
vt 0.314050 0.000000
vt 0.677686 0.000000
vt 0.305785 0.000000
vt 0.685950 0.000000
vt 0.297521 0.000000
vt 0.694215 0.000000
vt 0.289256 0.000000
vt 0.702479 0.000000
vt 0.280992 0.000000
vt 0.272727 0.000000
vt 0.710744 0.000000
vt 0.264463 0.000000
vt 0.719008 0.000000
vt 0.256198 0.000000
vt 0.049587 0.000000
vt 0.942149 0.000000
vt 0.057851 0.000000
vt 0.933884 0.000000
vt 0.925620 0.000000
vt 0.727273 0.000000
vt 0.247934 0.000000
vt 0.239669 0.000000
vt 0.735537 0.000000
vt 0.231405 0.000000
vt 0.915254 0.000000
vt 0.898305 0.000000
vt 0.016949 0.000000
vt 0.033898 0.000000
vt 0.050847 0.000000
vt 0.067797 0.000000
vt 0.881356 0.000000
vt 0.847458 0.000000
vt 0.864407 0.000000
vt 0.949153 0.000000
vt 0.084746 0.000000
vt 0.932203 0.000000
vt 0.830508 0.000000
vt 0.813559 0.000000
vt 0.796610 0.000000
vt 0.779661 0.000000
vt 0.762712 0.000000
vt 0.745763 0.000000
vt 0.728814 0.000000
vt 0.711864 0.000000
vt 0.694915 0.000000
vt 0.677966 0.000000
vt 0.169492 0.000000
vt 0.152542 0.000000
vt 0.135593 0.000000
vt 0.118644 0.000000
vt 0.101695 0.000000
vt 0.627119 0.000000
vt 0.203390 0.000000
vt 0.644068 0.000000
vt 0.186441 0.000000
vt 0.423729 0.000000
vt 0.406780 0.000000
vt 0.440678 0.000000
vt 0.457627 0.000000
vt 0.474576 0.000000
vt 0.389830 0.000000
vt 0.491525 0.000000
vt 0.372881 0.000000
vt 0.508475 0.000000
vt 0.355932 0.000000
vt 0.525424 0.000000
vt 0.338983 0.000000
vt 0.542373 0.000000
vt 0.322034 0.000000
vt 0.305085 0.000000
vt 0.559322 0.000000
vt 0.288136 0.000000
vt 0.576271 0.000000
vt 0.271186 0.000000
vt 0.593220 0.000000
vt 0.254237 0.000000
vt 0.237288 0.000000
vt 0.610169 0.000000
vt 0.220339 0.000000
vt 0.661017 0.000000
vt 0.983051 0.000000
vt 0.966102 0.000000
vt 0.496296 0.000000
vt 0.503704 0.000000
vt 0.570370 0.000000
vt 0.562963 0.000000
vt 0.518519 0.000000
vt 0.548148 0.000000
vt 0.525926 0.000000
vt 0.540741 0.000000
vt 0.140741 0.000000
vt 0.125926 0.000000
vt 0.148148 0.000000
vt 0.192593 0.000000
vt 0.185185 0.000000
vt 0.459259 0.000000
vt 0.451852 0.000000
vt 0.607407 0.000000
vt 0.162963 0.000000
vt 0.103704 0.000000
vt 0.207407 0.000000
vt 0.170370 0.000000
vt 0.614815 0.000000
vt 0.118519 0.000000
vt 0.214815 0.000000
vt 0.096296 0.000000
vt 0.081481 0.000000
vt 0.881481 0.000000
vt 0.474074 0.000000
vt 0.592593 0.000000
vt 0.481481 0.000000
vt 0.585185 0.000000
vt 0.770370 0.000000
vt 0.762963 0.000000
vt 0.785185 0.000000
vt 0.792593 0.000000
vt 0.807407 0.000000
vt 0.814815 0.000000
vt 0.829630 0.000000
vt 0.837037 0.000000
vt 0.851852 0.000000
vt 0.859259 0.000000
vt 0.874074 0.000000
vt 0.718518 0.000000
vt 0.681481 0.000000
vt 0.696296 0.000000
vt 0.703704 0.000000
vt 0.059259 0.000000
vt 0.051852 0.000000
vt 0.925926 0.000000
vt 0.918519 0.000000
vt 0.637037 0.000000
vt 0.429630 0.000000
vt 0.651852 0.000000
vt 0.659259 0.000000
vt 0.674074 0.000000
vt 0.725926 0.000000
vt 0.903704 0.000000
vt 0.074074 0.000000
vt 0.896296 0.000000
vt 0.985185 0.000000
vt 0.007407 0.000000
vt 0.970370 0.000000
vt 0.014815 0.000000
vt 0.962963 0.000000
vt 0.414815 0.000000
vt 0.407407 0.000000
vt 0.392593 0.000000
vt 0.385185 0.000000
vt 0.370370 0.000000
vt 0.362963 0.000000
vt 0.348148 0.000000
vt 0.340741 0.000000
vt 0.325926 0.000000
vt 0.318519 0.000000
vt 0.303704 0.000000
vt 0.296296 0.000000
vt 0.281481 0.000000
vt 0.274074 0.000000
vt 0.029630 0.000000
vt 0.037037 0.000000
vt 0.948148 0.000000
vt 0.940741 0.000000
vt 0.437037 0.000000
vt 0.629630 0.000000
vt 0.740741 0.000000
vt 0.259259 0.000000
vt 0.251852 0.000000
vt 0.748148 0.000000
vt 0.237037 0.000000
vt 0.229630 0.000000
vt 0.992593 0.000000
vt 0.421053 0.000000
vt 0.403509 0.000000
vt 0.473684 0.000000
vt 0.192982 0.000000
vt 0.210526 0.000000
vt 0.649123 0.000000
vt 0.228070 0.000000
vt 0.631579 0.000000
vt 0.245614 0.000000
vt 0.614035 0.000000
vt 0.263158 0.000000
vt 0.280702 0.000000
vt 0.596491 0.000000
vt 0.298246 0.000000
vt 0.578947 0.000000
vt 0.315789 0.000000
vt 0.561404 0.000000
vt 0.543860 0.000000
vt 0.350877 0.000000
vt 0.368421 0.000000
vt 0.526316 0.000000
vt 0.385965 0.000000
vt 0.508772 0.000000
vt 0.491228 0.000000
vt 0.456140 0.000000
vt 0.438596 0.000000
vt 0.684211 0.000000
vt 0.175439 0.000000
vt 0.157895 0.000000
vt 0.140351 0.000000
vt 0.701754 0.000000
vt 0.122807 0.000000
vt 0.719298 0.000000
vt 0.964912 0.000000
vt 0.894737 0.000000
vt 0.859649 0.000000
vt 0.017544 0.000000
vt 0.877193 0.000000
vt 0.947368 0.000000
vt 0.929825 0.000000
vt 0.912281 0.000000
vt 0.105263 0.000000
vt 0.736842 0.000000
vt 0.087719 0.000000
vt 0.754386 0.000000
vt 0.070175 0.000000
vt 0.771930 0.000000
vt 0.052632 0.000000
vt 0.035088 0.000000
vt 0.789474 0.000000
vt 0.807018 0.000000
vt 0.824561 0.000000
vt 0.842105 0.000000
vt 0.982456 0.000000
vt 0.436364 0.000000
vt 0.418182 0.000000
vt 0.472727 0.000000
vt 0.490909 0.000000
vt 0.981818 0.000000
vt 0.563636 0.000000
vt 0.527273 0.000000
vt 0.509091 0.000000
vt 0.963636 0.000000
vt 0.945455 0.000000
vt 0.381818 0.000000
vt 0.581818 0.000000
vt 0.927273 0.000000
vt 0.254545 0.000000
vt 0.690909 0.000000
vt 0.709091 0.000000
vt 0.236364 0.000000
vt 0.218182 0.000000
vt 0.745455 0.000000
vt 0.763636 0.000000
vt 0.781818 0.000000
vt 0.163636 0.000000
vt 0.145455 0.000000
vt 0.127273 0.000000
vt 0.345455 0.000000
vt 0.618182 0.000000
vt 0.327273 0.000000
vt 0.309091 0.000000
vt 0.654545 0.000000
vt 0.290909 0.000000
vt 0.672727 0.000000
vt 0.836364 0.000000
vt 0.109091 0.000000
vt 0.854545 0.000000
vt 0.072727 0.000000
vt 0.872727 0.000000
vt 0.054545 0.000000
vt 0.890909 0.000000
vt 0.036364 0.000000
vt 0.018182 0.000000
vt 0.389313 0.000000
vt 0.354962 0.000000
vt 0.393130 0.000000
vt 0.381679 0.000000
vt 0.358779 0.000000
vt 0.385496 0.000000
vt 0.480916 0.000000
vt 0.442748 0.000000
vt 0.484733 0.000000
vt 0.438931 0.000000
vt 0.488550 0.000000
vt 0.431298 0.000000
vt 0.435115 0.000000
vt 0.492366 0.000000
vt 0.496183 0.000000
vt 0.427481 0.000000
vt 0.423664 0.000000
vt 0.503817 0.000000
vt 0.507634 0.000000
vt 0.396947 0.000000
vt 0.988550 0.000000
vt 0.366412 0.000000
vt 0.461832 0.000000
vt 0.473282 0.000000
vt 0.362595 0.000000
vt 0.477099 0.000000
vt 0.446565 0.000000
vt 0.465649 0.000000
vt 0.454198 0.000000
vt 0.469466 0.000000
vt 0.450382 0.000000
vt 0.977099 0.000000
vt 0.290076 0.000000
vt 0.286260 0.000000
vt 0.862595 0.000000
vt 0.858779 0.000000
vt 0.832061 0.000000
vt 0.828244 0.000000
vt 0.370229 0.000000
vt 0.824427 0.000000
vt 0.820611 0.000000
vt 0.816794 0.000000
vt 0.812977 0.000000
vt 0.809160 0.000000
vt 0.973282 0.000000
vt 0.129771 0.000000
vt 0.793893 0.000000
vt 0.797710 0.000000
vt 0.278626 0.000000
vt 0.874046 0.000000
vt 0.282443 0.000000
vt 0.870229 0.000000
vt 0.866412 0.000000
vt 0.805344 0.000000
vt 0.801527 0.000000
vt 0.148855 0.000000
vt 0.687023 0.000000
vt 0.683206 0.000000
vt 0.679389 0.000000
vt 0.675573 0.000000
vt 0.671756 0.000000
vt 0.667939 0.000000
vt 0.664122 0.000000
vt 0.660305 0.000000
vt 0.458015 0.000000
vt 0.629771 0.000000
vt 0.625954 0.000000
vt 0.580153 0.000000
vt 0.583969 0.000000
vt 0.622137 0.000000
vt 0.618321 0.000000
vt 0.587786 0.000000
vt 0.293893 0.000000
vt 0.854962 0.000000
vt 0.297710 0.000000
vt 0.851145 0.000000
vt 0.301527 0.000000
vt 0.847328 0.000000
vt 0.305344 0.000000
vt 0.843511 0.000000
vt 0.309160 0.000000
vt 0.312977 0.000000
vt 0.839695 0.000000
vt 0.316794 0.000000
vt 0.320611 0.000000
vt 0.835878 0.000000
vt 0.324427 0.000000
vt 0.328244 0.000000
vt 0.332061 0.000000
vt 0.335878 0.000000
vt 0.996183 0.000000
vt 0.374046 0.000000
vt 0.377863 0.000000
vt 0.416031 0.000000
vt 0.412214 0.000000
vt 0.419847 0.000000
vt 0.511450 0.000000
vt 0.515267 0.000000
vt 0.519084 0.000000
vt 0.522901 0.000000
vt 0.526718 0.000000
vt 0.530534 0.000000
vt 0.534351 0.000000
vt 0.656489 0.000000
vt 0.538168 0.000000
vt 0.541985 0.000000
vt 0.545802 0.000000
vt 0.652672 0.000000
vt 0.549618 0.000000
vt 0.553435 0.000000
vt 0.648855 0.000000
vt 0.557252 0.000000
vt 0.645038 0.000000
vt 0.561069 0.000000
vt 0.641221 0.000000
vt 0.564885 0.000000
vt 0.637405 0.000000
vt 0.568702 0.000000
vt 0.572519 0.000000
vt 0.633588 0.000000
vt 0.576336 0.000000
vt 0.152672 0.000000
vt 0.145038 0.000000
vt 0.141221 0.000000
vt 0.156489 0.000000
vt 0.137405 0.000000
vt 0.133588 0.000000
vt 0.122137 0.000000
vt 0.160305 0.000000
vt 0.118321 0.000000
vt 0.167939 0.000000
vt 0.885496 0.000000
vt 0.881679 0.000000
vt 0.274809 0.000000
vt 0.877863 0.000000
vt 0.164122 0.000000
vt 0.595420 0.000000
vt 0.610687 0.000000
vt 0.790076 0.000000
vt 0.786260 0.000000
vt 0.889313 0.000000
vt 0.270992 0.000000
vt 0.267176 0.000000
vt 0.893130 0.000000
vt 0.954198 0.000000
vt 0.179389 0.000000
vt 0.958015 0.000000
vt 0.175573 0.000000
vt 0.961832 0.000000
vt 0.171756 0.000000
vt 0.965649 0.000000
vt 0.114504 0.000000
vt 0.110687 0.000000
vt 0.706107 0.000000
vt 0.702290 0.000000
vt 0.106870 0.000000
vt 0.709924 0.000000
vt 0.774809 0.000000
vt 0.599237 0.000000
vt 0.778626 0.000000
vt 0.782443 0.000000
vt 0.259542 0.000000
vt 0.255725 0.000000
vt 0.904580 0.000000
vt 0.908397 0.000000
vt 0.251908 0.000000
vt 0.912214 0.000000
vt 0.942748 0.000000
vt 0.938931 0.000000
vt 0.198473 0.000000
vt 0.194656 0.000000
vt 0.190840 0.000000
vt 0.946565 0.000000
vt 0.187023 0.000000
vt 0.248092 0.000000
vt 0.916031 0.000000
vt 0.244275 0.000000
vt 0.919847 0.000000
vt 0.240458 0.000000
vt 0.236641 0.000000
vt 0.923664 0.000000
vt 0.232824 0.000000
vt 0.927481 0.000000
vt 0.229008 0.000000
vt 0.225191 0.000000
vt 0.931298 0.000000
vt 0.221374 0.000000
vt 0.217557 0.000000
vt 0.213740 0.000000
vt 0.935115 0.000000
vt 0.209924 0.000000
vt 0.206107 0.000000
vt 0.202290 0.000000
vt 0.263359 0.000000
vt 0.896947 0.000000
vt 0.900763 0.000000
vt 0.950382 0.000000
vt 0.183206 0.000000
vt 0.103053 0.000000
vt 0.713740 0.000000
vt 0.099237 0.000000
vt 0.717557 0.000000
vt 0.095420 0.000000
vt 0.721374 0.000000
vt 0.091603 0.000000
vt 0.725191 0.000000
vt 0.087786 0.000000
vt 0.083969 0.000000
vt 0.080153 0.000000
vt 0.729008 0.000000
vt 0.076336 0.000000
vt 0.072519 0.000000
vt 0.732824 0.000000
vt 0.068702 0.000000
vt 0.064885 0.000000
vt 0.736641 0.000000
vt 0.061069 0.000000
vt 0.057252 0.000000
vt 0.053435 0.000000
vt 0.740458 0.000000
vt 0.049618 0.000000
vt 0.045802 0.000000
vt 0.744275 0.000000
vt 0.041985 0.000000
vt 0.038168 0.000000
vt 0.034351 0.000000
vt 0.748092 0.000000
vt 0.030534 0.000000
vt 0.026718 0.000000
vt 0.022901 0.000000
vt 0.751908 0.000000
vt 0.019084 0.000000
vt 0.015267 0.000000
vt 0.011450 0.000000
vt 0.755725 0.000000
vt 0.007634 0.000000
vt 0.759542 0.000000
vt 0.003817 0.000000
vt 0.763359 0.000000
vt 0.767176 0.000000
vt 0.770992 0.000000
vt 0.603053 0.000000
vt 0.969466 0.000000
vt 0.125954 0.000000
vt 0.698473 0.000000
vt 0.694656 0.000000
vt 0.690840 0.000000
vt 0.614504 0.000000
vt 0.591603 0.000000
vt 0.984733 0.000000
vt 0.980916 0.000000
vt 0.339695 0.000000
vt 0.351145 0.000000
vt 0.347328 0.000000
vt 0.343511 0.000000
vt 0.408397 0.000000
vt 0.400763 0.000000
vt 0.404580 0.000000
vt 0.992366 0.000000
vt 0.606870 0.000000
vt 0.336842 0.000000
vt 0.326316 0.000000
vt 0.905263 0.000000
vt 0.347368 0.000000
vt 0.884211 0.000000
vt 0.357895 0.000000
vt 0.873684 0.000000
vt 0.378947 0.000000
vt 0.863158 0.000000
vt 0.389474 0.000000
vt 0.852632 0.000000
vt 0.410526 0.000000
vt 0.978947 0.000000
vt 0.968421 0.000000
vt 0.778947 0.000000
vt 0.768421 0.000000
vt 0.242105 0.000000
vt 0.989474 0.000000
vt 0.252632 0.000000
vt 0.484211 0.000000
vt 0.757895 0.000000
vt 0.494737 0.000000
vt 0.273684 0.000000
vt 0.957895 0.000000
vt 0.463158 0.000000
vt 0.284211 0.000000
vt 0.294737 0.000000
vt 0.936842 0.000000
vt 0.305263 0.000000
vt 0.926316 0.000000
vt 0.915789 0.000000
vt 0.831579 0.000000
vt 0.821053 0.000000
vt 0.431579 0.000000
vt 0.810526 0.000000
vt 0.442105 0.000000
vt 0.452632 0.000000
vt 0.515789 0.000000
vt 0.221053 0.000000
vt 0.715789 0.000000
vt 0.010526 0.000000
vt 0.726316 0.000000
vt 0.231579 0.000000
vt 0.505263 0.000000
vt 0.536842 0.000000
vt 0.705263 0.000000
vt 0.021053 0.000000
vt 0.147368 0.000000
vt 0.589474 0.000000
vt 0.136842 0.000000
vt 0.610526 0.000000
vt 0.126316 0.000000
vt 0.621053 0.000000
vt 0.115789 0.000000
vt 0.094737 0.000000
vt 0.642105 0.000000
vt 0.084211 0.000000
vt 0.652632 0.000000
vt 0.073684 0.000000
vt 0.547368 0.000000
vt 0.189474 0.000000
vt 0.557895 0.000000
vt 0.178947 0.000000
vt 0.568421 0.000000
vt 0.168421 0.000000
vt 0.663158 0.000000
vt 0.063158 0.000000
vt 0.673684 0.000000
vt 0.042105 0.000000
vt 0.694737 0.000000
vt 0.031579 0.000000
vt 0.747368 0.000000
vt 0.428571 0.000000
vt 0.415584 0.000000
vt 0.259740 0.000000
vt 0.402597 0.000000
vt 0.389610 0.000000
vt 0.285714 0.000000
vt 0.376623 0.000000
vt 0.298701 0.000000
vt 0.350649 0.000000
vt 0.337662 0.000000
vt 0.311688 0.000000
vt 0.324675 0.000000
vt 0.597403 0.000000
vt 0.584416 0.000000
vt 0.168831 0.000000
vt 0.142857 0.000000
vt 0.155844 0.000000
vt 0.623377 0.000000
vt 0.610390 0.000000
vt 0.571429 0.000000
vt 0.558442 0.000000
vt 0.194805 0.000000
vt 0.207792 0.000000
vt 0.532468 0.000000
vt 0.519481 0.000000
vt 0.220779 0.000000
vt 0.506494 0.000000
vt 0.493506 0.000000
vt 0.233766 0.000000
vt 0.480519 0.000000
vt 0.467532 0.000000
vt 0.246753 0.000000
vt 0.441558 0.000000
vt 0.675325 0.000000
vt 0.662338 0.000000
vt 0.129870 0.000000
vt 0.688312 0.000000
vt 0.116883 0.000000
vt 0.701299 0.000000
vt 0.714286 0.000000
vt 0.103896 0.000000
vt 0.740260 0.000000
vt 0.038961 0.000000
vt 0.025974 0.000000
vt 0.857143 0.000000
vt 0.870130 0.000000
vt 0.883117 0.000000
vt 0.012987 0.000000
vt 0.896104 0.000000
vt 0.922078 0.000000
vt 0.935065 0.000000
vt 0.948052 0.000000
vt 0.961039 0.000000
vt 0.987013 0.000000
vt 0.974026 0.000000
vt 0.753247 0.000000
vt 0.766234 0.000000
vt 0.077922 0.000000
vt 0.779221 0.000000
vt 0.792208 0.000000
vt 0.064935 0.000000
vt 0.805195 0.000000
vt 0.051948 0.000000
vt 0.831169 0.000000
vt 0.844156 0.000000
vt 0.649351 0.000000
vt 0.000000 1.000000
vt 0.012821 1.000000
vt 0.025641 1.000000
vt 0.038462 1.000000
vt 0.051282 1.000000
vt 0.064103 1.000000
vt 0.076923 1.000000
vt 0.089744 1.000000
vt 0.102564 1.000000
vt 0.115385 1.000000
vt 0.128205 1.000000
vt 0.141026 1.000000
vt 0.153846 1.000000
vt 0.166667 1.000000
vt 0.179487 1.000000
vt 0.192308 1.000000
vt 0.205128 1.000000
vt 0.217949 1.000000
vt 0.230769 1.000000
vt 0.243590 1.000000
vt 0.256410 1.000000
vt 0.269231 1.000000
vt 0.282051 1.000000
vt 0.294872 1.000000
vt 0.307692 1.000000
vt 0.320513 1.000000
vt 0.333333 1.000000
vt 0.346154 1.000000
vt 0.358974 1.000000
vt 0.371795 1.000000
vt 0.384615 1.000000
vt 0.397436 1.000000
vt 0.410256 1.000000
vt 0.423077 1.000000
vt 0.435897 1.000000
vt 0.448718 1.000000
vt 0.461538 1.000000
vt 0.474359 1.000000
vt 0.487179 1.000000
vt 0.500000 1.000000
vt 0.512821 1.000000
vt 0.525641 1.000000
vt 0.538462 1.000000
vt 0.551282 1.000000
vt 0.564103 1.000000
vt 0.576923 1.000000
vt 0.589744 1.000000
vt 0.602564 1.000000
vt 0.615385 1.000000
vt 0.628205 1.000000
vt 0.641026 1.000000
vt 0.653846 1.000000
vt 0.666667 1.000000
vt 0.679487 1.000000
vt 0.692308 1.000000
vt 0.705128 1.000000
vt 0.717949 1.000000
vt 0.730769 1.000000
vt 0.743590 1.000000
vt 0.756410 1.000000
vt 0.769231 1.000000
vt 0.782051 1.000000
vt 0.794872 1.000000
vt 0.807692 1.000000
vt 0.820513 1.000000
vt 0.833333 1.000000
vt 0.846154 1.000000
vt 0.858974 1.000000
vt 0.871795 1.000000
vt 0.884615 1.000000
vt 0.897436 1.000000
vt 0.910256 1.000000
vt 0.923077 1.000000
vt 0.935897 1.000000
vt 0.948718 1.000000
vt 0.961538 1.000000
vt 0.974359 1.000000
vt 0.987179 1.000000
vt 1.000000 1.000000
vt 0.100000 1.000000
vt 0.200000 1.000000
vt 0.300000 1.000000
vt 0.400000 1.000000
vt 0.600000 1.000000
vt 0.700000 1.000000
vt 0.800000 1.000000
vt 0.900000 1.000000
vt 0.020833 1.000000
vt 0.020833 0.000000
vt 0.041667 1.000000
vt 0.041667 0.000000
vt 0.062500 1.000000
vt 0.062500 0.000000
vt 0.083333 1.000000
vt 0.104167 1.000000
vt 0.104167 0.000000
vt 0.125000 1.000000
vt 0.125000 0.000000
vt 0.145833 1.000000
vt 0.145833 0.000000
vt 0.187500 1.000000
vt 0.187500 0.000000
vt 0.208333 1.000000
vt 0.208333 0.000000
vt 0.229167 1.000000
vt 0.229167 0.000000
vt 0.250000 1.000000
vt 0.270833 1.000000
vt 0.270833 0.000000
vt 0.291667 1.000000
vt 0.291667 0.000000
vt 0.312500 1.000000
vt 0.312500 0.000000
vt 0.354167 1.000000
vt 0.354167 0.000000
vt 0.375000 1.000000
vt 0.375000 0.000000
vt 0.395833 1.000000
vt 0.395833 0.000000
vt 0.416667 1.000000
vt 0.437500 1.000000
vt 0.437500 0.000000
vt 0.458333 1.000000
vt 0.458333 0.000000
vt 0.479167 1.000000
vt 0.479167 0.000000
vt 0.520833 1.000000
vt 0.520833 0.000000
vt 0.541667 1.000000
vt 0.541667 0.000000
vt 0.562500 1.000000
vt 0.562500 0.000000
vt 0.583333 1.000000
vt 0.604167 1.000000
vt 0.604167 0.000000
vt 0.625000 1.000000
vt 0.625000 0.000000
vt 0.645833 1.000000
vt 0.645833 0.000000
vt 0.687500 1.000000
vt 0.687500 0.000000
vt 0.708333 1.000000
vt 0.708333 0.000000
vt 0.729167 1.000000
vt 0.729167 0.000000
vt 0.750000 1.000000
vt 0.770833 1.000000
vt 0.770833 0.000000
vt 0.791667 1.000000
vt 0.791667 0.000000
vt 0.812500 1.000000
vt 0.812500 0.000000
vt 0.854167 1.000000
vt 0.854167 0.000000
vt 0.875000 1.000000
vt 0.875000 0.000000
vt 0.895833 1.000000
vt 0.895833 0.000000
vt 0.916667 1.000000
vt 0.937500 1.000000
vt 0.937500 0.000000
vt 0.958333 1.000000
vt 0.958333 0.000000
vt 0.979167 1.000000
vt 0.979167 0.000000
vt 0.007299 1.000000
vt 0.007299 0.000000
vt 0.014599 1.000000
vt 0.014599 0.000000
vt 0.021898 1.000000
vt 0.021898 0.000000
vt 0.029197 1.000000
vt 0.029197 0.000000
vt 0.036496 1.000000
vt 0.036496 0.000000
vt 0.043796 1.000000
vt 0.043796 0.000000
vt 0.051095 1.000000
vt 0.051095 0.000000
vt 0.058394 1.000000
vt 0.058394 0.000000
vt 0.065693 1.000000
vt 0.065693 0.000000
vt 0.072993 1.000000
vt 0.072993 0.000000
vt 0.080292 1.000000
vt 0.080292 0.000000
vt 0.087591 1.000000
vt 0.087591 0.000000
vt 0.094891 1.000000
vt 0.094891 0.000000
vt 0.102190 1.000000
vt 0.102190 0.000000
vt 0.109489 1.000000
vt 0.109489 0.000000
vt 0.116788 1.000000
vt 0.116788 0.000000
vt 0.124088 1.000000
vt 0.124088 0.000000
vt 0.131387 1.000000
vt 0.131387 0.000000
vt 0.138686 1.000000
vt 0.138686 0.000000
vt 0.145985 1.000000
vt 0.145985 0.000000
vt 0.153285 1.000000
vt 0.153285 0.000000
vt 0.160584 1.000000
vt 0.160584 0.000000
vt 0.167883 1.000000
vt 0.167883 0.000000
vt 0.175182 1.000000
vt 0.175182 0.000000
vt 0.182482 1.000000
vt 0.182482 0.000000
vt 0.189781 1.000000
vt 0.189781 0.000000
vt 0.197080 1.000000
vt 0.197080 0.000000
vt 0.204380 1.000000
vt 0.204380 0.000000
vt 0.211679 1.000000
vt 0.211679 0.000000
vt 0.218978 1.000000
vt 0.218978 0.000000
vt 0.226277 1.000000
vt 0.226277 0.000000
vt 0.233577 1.000000
vt 0.233577 0.000000
vt 0.240876 1.000000
vt 0.240876 0.000000
vt 0.248175 1.000000
vt 0.248175 0.000000
vt 0.255474 1.000000
vt 0.255474 0.000000
vt 0.262774 1.000000
vt 0.262774 0.000000
vt 0.270073 1.000000
vt 0.270073 0.000000
vt 0.277372 1.000000
vt 0.277372 0.000000
vt 0.284672 1.000000
vt 0.284672 0.000000
vt 0.291971 1.000000
vt 0.291971 0.000000
vt 0.299270 1.000000
vt 0.299270 0.000000
vt 0.306569 1.000000
vt 0.306569 0.000000
vt 0.313869 1.000000
vt 0.313869 0.000000
vt 0.321168 1.000000
vt 0.321168 0.000000
vt 0.328467 1.000000
vt 0.328467 0.000000
vt 0.335766 1.000000
vt 0.335766 0.000000
vt 0.343066 1.000000
vt 0.343066 0.000000
vt 0.350365 1.000000
vt 0.350365 0.000000
vt 0.357664 1.000000
vt 0.357664 0.000000
vt 0.364964 1.000000
vt 0.364964 0.000000
vt 0.372263 1.000000
vt 0.372263 0.000000
vt 0.379562 1.000000
vt 0.379562 0.000000
vt 0.386861 1.000000
vt 0.386861 0.000000
vt 0.394161 1.000000
vt 0.394161 0.000000
vt 0.401460 1.000000
vt 0.401460 0.000000
vt 0.408759 1.000000
vt 0.408759 0.000000
vt 0.416058 1.000000
vt 0.416058 0.000000
vt 0.423358 1.000000
vt 0.423358 0.000000
vt 0.430657 1.000000
vt 0.430657 0.000000
vt 0.437956 1.000000
vt 0.437956 0.000000
vt 0.445255 1.000000
vt 0.445255 0.000000
vt 0.452555 1.000000
vt 0.452555 0.000000
vt 0.459854 1.000000
vt 0.459854 0.000000
vt 0.467153 1.000000
vt 0.467153 0.000000
vt 0.474453 1.000000
vt 0.474453 0.000000
vt 0.481752 1.000000
vt 0.481752 0.000000
vt 0.489051 1.000000
vt 0.489051 0.000000
vt 0.496350 1.000000
vt 0.496350 0.000000
vt 0.503650 1.000000
vt 0.503650 0.000000
vt 0.510949 1.000000
vt 0.510949 0.000000
vt 0.518248 1.000000
vt 0.518248 0.000000
vt 0.525547 1.000000
vt 0.525547 0.000000
vt 0.532847 1.000000
vt 0.532847 0.000000
vt 0.540146 1.000000
vt 0.540146 0.000000
vt 0.547445 1.000000
vt 0.547445 0.000000
vt 0.554745 1.000000
vt 0.554745 0.000000
vt 0.562044 1.000000
vt 0.562044 0.000000
vt 0.569343 1.000000
vt 0.569343 0.000000
vt 0.576642 1.000000
vt 0.576642 0.000000
vt 0.583942 1.000000
vt 0.583942 0.000000
vt 0.591241 1.000000
vt 0.591241 0.000000
vt 0.598540 1.000000
vt 0.598540 0.000000
vt 0.605839 1.000000
vt 0.605839 0.000000
vt 0.613139 1.000000
vt 0.613139 0.000000
vt 0.620438 1.000000
vt 0.620438 0.000000
vt 0.627737 1.000000
vt 0.627737 0.000000
vt 0.635036 1.000000
vt 0.635036 0.000000
vt 0.642336 1.000000
vt 0.642336 0.000000
vt 0.649635 1.000000
vt 0.649635 0.000000
vt 0.656934 1.000000
vt 0.656934 0.000000
vt 0.664234 1.000000
vt 0.664234 0.000000
vt 0.671533 1.000000
vt 0.671533 0.000000
vt 0.678832 1.000000
vt 0.678832 0.000000
vt 0.686131 1.000000
vt 0.686131 0.000000
vt 0.693431 1.000000
vt 0.693431 0.000000
vt 0.700730 1.000000
vt 0.700730 0.000000
vt 0.708029 1.000000
vt 0.708029 0.000000
vt 0.715328 1.000000
vt 0.715328 0.000000
vt 0.722628 1.000000
vt 0.722628 0.000000
vt 0.729927 1.000000
vt 0.729927 0.000000
vt 0.737226 1.000000
vt 0.737226 0.000000
vt 0.744526 1.000000
vt 0.744526 0.000000
vt 0.751825 1.000000
vt 0.751825 0.000000
vt 0.759124 1.000000
vt 0.759124 0.000000
vt 0.766423 1.000000
vt 0.766423 0.000000
vt 0.773723 1.000000
vt 0.773723 0.000000
vt 0.781022 1.000000
vt 0.781022 0.000000
vt 0.788321 1.000000
vt 0.788321 0.000000
vt 0.795620 1.000000
vt 0.795620 0.000000
vt 0.802920 1.000000
vt 0.802920 0.000000
vt 0.810219 1.000000
vt 0.810219 0.000000
vt 0.817518 1.000000
vt 0.817518 0.000000
vt 0.824818 1.000000
vt 0.824818 0.000000
vt 0.832117 1.000000
vt 0.832117 0.000000
vt 0.839416 1.000000
vt 0.839416 0.000000
vt 0.846715 1.000000
vt 0.846715 0.000000
vt 0.854015 1.000000
vt 0.854015 0.000000
vt 0.861314 1.000000
vt 0.861314 0.000000
vt 0.868613 1.000000
vt 0.868613 0.000000
vt 0.875912 1.000000
vt 0.875912 0.000000
vt 0.883212 1.000000
vt 0.883212 0.000000
vt 0.890511 1.000000
vt 0.890511 0.000000
vt 0.897810 1.000000
vt 0.897810 0.000000
vt 0.905109 1.000000
vt 0.905109 0.000000
vt 0.912409 1.000000
vt 0.912409 0.000000
vt 0.919708 1.000000
vt 0.919708 0.000000
vt 0.927007 1.000000
vt 0.927007 0.000000
vt 0.934307 1.000000
vt 0.934307 0.000000
vt 0.941606 1.000000
vt 0.941606 0.000000
vt 0.948905 1.000000
vt 0.948905 0.000000
vt 0.956204 1.000000
vt 0.956204 0.000000
vt 0.963504 1.000000
vt 0.963504 0.000000
vt 0.970803 1.000000
vt 0.970803 0.000000
vt 0.978102 1.000000
vt 0.978102 0.000000
vt 0.985401 1.000000
vt 0.985401 0.000000
vt 0.992701 1.000000
vt 0.992701 0.000000
vt 0.027027 1.000000
vt 0.027027 0.000000
vt 0.054054 1.000000
vt 0.054054 0.000000
vt 0.081081 1.000000
vt 0.081081 0.000000
vt 0.108108 1.000000
vt 0.108108 0.000000
vt 0.135135 1.000000
vt 0.135135 0.000000
vt 0.162162 1.000000
vt 0.162162 0.000000
vt 0.189189 1.000000
vt 0.189189 0.000000
vt 0.216216 1.000000
vt 0.216216 0.000000
vt 0.243243 1.000000
vt 0.243243 0.000000
vt 0.270270 1.000000
vt 0.270270 0.000000
vt 0.297297 1.000000
vt 0.297297 0.000000
vt 0.324324 1.000000
vt 0.324324 0.000000
vt 0.351351 1.000000
vt 0.351351 0.000000
vt 0.378378 1.000000
vt 0.378378 0.000000
vt 0.405405 1.000000
vt 0.405405 0.000000
vt 0.432432 1.000000
vt 0.432432 0.000000
vt 0.459459 1.000000
vt 0.459459 0.000000
vt 0.486486 1.000000
vt 0.486486 0.000000
vt 0.513514 1.000000
vt 0.513514 0.000000
vt 0.540541 1.000000
vt 0.540541 0.000000
vt 0.567568 1.000000
vt 0.567568 0.000000
vt 0.594595 1.000000
vt 0.594595 0.000000
vt 0.621622 1.000000
vt 0.621622 0.000000
vt 0.648649 1.000000
vt 0.648649 0.000000
vt 0.675676 1.000000
vt 0.675676 0.000000
vt 0.702703 1.000000
vt 0.702703 0.000000
vt 0.729730 1.000000
vt 0.729730 0.000000
vt 0.756757 1.000000
vt 0.756757 0.000000
vt 0.783784 1.000000
vt 0.783784 0.000000
vt 0.810811 1.000000
vt 0.810811 0.000000
vt 0.837838 1.000000
vt 0.837838 0.000000
vt 0.864865 1.000000
vt 0.864865 0.000000
vt 0.891892 1.000000
vt 0.891892 0.000000
vt 0.918919 1.000000
vt 0.918919 0.000000
vt 0.945946 1.000000
vt 0.945946 0.000000
vt 0.972973 1.000000
vt 0.972973 0.000000
vt 0.006250 1.000000
vt 0.006250 0.000000
vt 0.012500 1.000000
vt 0.012500 0.000000
vt 0.018750 1.000000
vt 0.018750 0.000000
vt 0.025000 1.000000
vt 0.025000 0.000000
vt 0.031250 1.000000
vt 0.031250 0.000000
vt 0.037500 1.000000
vt 0.037500 0.000000
vt 0.043750 1.000000
vt 0.043750 0.000000
vt 0.050000 1.000000
vt 0.056250 1.000000
vt 0.056250 0.000000
vt 0.068750 1.000000
vt 0.068750 0.000000
vt 0.075000 1.000000
vt 0.075000 0.000000
vt 0.081250 1.000000
vt 0.081250 0.000000
vt 0.087500 1.000000
vt 0.087500 0.000000
vt 0.093750 1.000000
vt 0.093750 0.000000
vt 0.106250 1.000000
vt 0.106250 0.000000
vt 0.112500 1.000000
vt 0.112500 0.000000
vt 0.118750 1.000000
vt 0.118750 0.000000
vt 0.131250 1.000000
vt 0.131250 0.000000
vt 0.137500 1.000000
vt 0.137500 0.000000
vt 0.143750 1.000000
vt 0.143750 0.000000
vt 0.150000 1.000000
vt 0.156250 1.000000
vt 0.156250 0.000000
vt 0.162500 1.000000
vt 0.162500 0.000000
vt 0.168750 1.000000
vt 0.168750 0.000000
vt 0.175000 1.000000
vt 0.175000 0.000000
vt 0.181250 1.000000
vt 0.181250 0.000000
vt 0.193750 1.000000
vt 0.193750 0.000000
vt 0.206250 1.000000
vt 0.206250 0.000000
vt 0.212500 1.000000
vt 0.212500 0.000000
vt 0.218750 1.000000
vt 0.218750 0.000000
vt 0.225000 1.000000
vt 0.225000 0.000000
vt 0.231250 1.000000
vt 0.231250 0.000000
vt 0.237500 1.000000
vt 0.237500 0.000000
vt 0.243750 1.000000
vt 0.243750 0.000000
vt 0.256250 1.000000
vt 0.256250 0.000000
vt 0.262500 1.000000
vt 0.262500 0.000000
vt 0.268750 1.000000
vt 0.268750 0.000000
vt 0.275000 1.000000
vt 0.275000 0.000000
vt 0.281250 1.000000
vt 0.281250 0.000000
vt 0.287500 1.000000
vt 0.287500 0.000000
vt 0.293750 1.000000
vt 0.293750 0.000000
vt 0.306250 1.000000
vt 0.306250 0.000000
vt 0.318750 1.000000
vt 0.318750 0.000000
vt 0.325000 1.000000
vt 0.325000 0.000000
vt 0.331250 1.000000
vt 0.331250 0.000000
vt 0.337500 1.000000
vt 0.337500 0.000000
vt 0.343750 1.000000
vt 0.343750 0.000000
vt 0.350000 1.000000
vt 0.356250 1.000000
vt 0.356250 0.000000
vt 0.362500 1.000000
vt 0.362500 0.000000
vt 0.368750 1.000000
vt 0.368750 0.000000
vt 0.381250 1.000000
vt 0.381250 0.000000
vt 0.387500 1.000000
vt 0.387500 0.000000
vt 0.393750 1.000000
vt 0.393750 0.000000
vt 0.406250 1.000000
vt 0.406250 0.000000
vt 0.412500 1.000000
vt 0.412500 0.000000
vt 0.418750 1.000000
vt 0.418750 0.000000
vt 0.425000 1.000000
vt 0.425000 0.000000
vt 0.431250 1.000000
vt 0.431250 0.000000
vt 0.443750 1.000000
vt 0.443750 0.000000
vt 0.450000 1.000000
vt 0.456250 1.000000
vt 0.456250 0.000000
vt 0.462500 1.000000
vt 0.462500 0.000000
vt 0.468750 1.000000
vt 0.468750 0.000000
vt 0.475000 1.000000
vt 0.475000 0.000000
vt 0.481250 1.000000
vt 0.481250 0.000000
vt 0.487500 1.000000
vt 0.487500 0.000000
vt 0.493750 1.000000
vt 0.493750 0.000000
vt 0.506250 1.000000
vt 0.506250 0.000000
vt 0.512500 1.000000
vt 0.512500 0.000000
vt 0.518750 1.000000
vt 0.518750 0.000000
vt 0.525000 1.000000
vt 0.525000 0.000000
vt 0.531250 1.000000
vt 0.531250 0.000000
vt 0.537500 1.000000
vt 0.537500 0.000000
vt 0.543750 1.000000
vt 0.543750 0.000000
vt 0.550000 1.000000
vt 0.556250 1.000000
vt 0.556250 0.000000
vt 0.568750 1.000000
vt 0.568750 0.000000
vt 0.575000 1.000000
vt 0.575000 0.000000
vt 0.581250 1.000000
vt 0.581250 0.000000
vt 0.587500 1.000000
vt 0.587500 0.000000
vt 0.593750 1.000000
vt 0.593750 0.000000
vt 0.606250 1.000000
vt 0.606250 0.000000
vt 0.612500 1.000000
vt 0.612500 0.000000
vt 0.618750 1.000000
vt 0.618750 0.000000
vt 0.631250 1.000000
vt 0.631250 0.000000
vt 0.637500 1.000000
vt 0.637500 0.000000
vt 0.643750 1.000000
vt 0.643750 0.000000
vt 0.650000 1.000000
vt 0.656250 1.000000
vt 0.656250 0.000000
vt 0.662500 1.000000
vt 0.662500 0.000000
vt 0.668750 1.000000
vt 0.668750 0.000000
vt 0.675000 1.000000
vt 0.675000 0.000000
vt 0.681250 1.000000
vt 0.681250 0.000000
vt 0.693750 1.000000
vt 0.693750 0.000000
vt 0.706250 1.000000
vt 0.706250 0.000000
vt 0.712500 1.000000
vt 0.712500 0.000000
vt 0.718750 1.000000
vt 0.718750 0.000000
vt 0.725000 1.000000
vt 0.725000 0.000000
vt 0.731250 1.000000
vt 0.731250 0.000000
vt 0.737500 1.000000
vt 0.737500 0.000000
vt 0.743750 1.000000
vt 0.743750 0.000000
vt 0.756250 1.000000
vt 0.756250 0.000000
vt 0.762500 1.000000
vt 0.762500 0.000000
vt 0.768750 1.000000
vt 0.768750 0.000000
vt 0.775000 1.000000
vt 0.775000 0.000000
vt 0.781250 1.000000
vt 0.781250 0.000000
vt 0.787500 1.000000
vt 0.787500 0.000000
vt 0.793750 1.000000
vt 0.793750 0.000000
vt 0.806250 1.000000
vt 0.806250 0.000000
vt 0.818750 1.000000
vt 0.818750 0.000000
vt 0.825000 1.000000
vt 0.825000 0.000000
vt 0.831250 1.000000
vt 0.831250 0.000000
vt 0.837500 1.000000
vt 0.837500 0.000000
vt 0.843750 1.000000
vt 0.843750 0.000000
vt 0.850000 1.000000
vt 0.856250 1.000000
vt 0.856250 0.000000
vt 0.862500 1.000000
vt 0.862500 0.000000
vt 0.868750 1.000000
vt 0.868750 0.000000
vt 0.881250 1.000000
vt 0.881250 0.000000
vt 0.887500 1.000000
vt 0.887500 0.000000
vt 0.893750 1.000000
vt 0.893750 0.000000
vt 0.906250 1.000000
vt 0.906250 0.000000
vt 0.912500 1.000000
vt 0.912500 0.000000
vt 0.918750 1.000000
vt 0.918750 0.000000
vt 0.925000 1.000000
vt 0.925000 0.000000
vt 0.931250 1.000000
vt 0.931250 0.000000
vt 0.943750 1.000000
vt 0.943750 0.000000
vt 0.950000 1.000000
vt 0.956250 1.000000
vt 0.956250 0.000000
vt 0.962500 1.000000
vt 0.962500 0.000000
vt 0.968750 1.000000
vt 0.968750 0.000000
vt 0.975000 1.000000
vt 0.975000 0.000000
vt 0.981250 1.000000
vt 0.981250 0.000000
vt 0.987500 1.000000
vt 0.987500 0.000000
vt 0.993750 1.000000
vt 0.993750 0.000000
vt 0.034483 1.000000
vt 0.034483 0.000000
vt 0.068966 1.000000
vt 0.068966 0.000000
vt 0.103448 1.000000
vt 0.103448 0.000000
vt 0.137931 1.000000
vt 0.137931 0.000000
vt 0.172414 1.000000
vt 0.172414 0.000000
vt 0.206897 1.000000
vt 0.206897 0.000000
vt 0.241379 1.000000
vt 0.241379 0.000000
vt 0.275862 1.000000
vt 0.275862 0.000000
vt 0.310345 1.000000
vt 0.310345 0.000000
vt 0.344828 1.000000
vt 0.344828 0.000000
vt 0.379310 1.000000
vt 0.379310 0.000000
vt 0.413793 1.000000
vt 0.413793 0.000000
vt 0.448276 1.000000
vt 0.448276 0.000000
vt 0.482759 1.000000
vt 0.482759 0.000000
vt 0.517241 1.000000
vt 0.517241 0.000000
vt 0.551724 1.000000
vt 0.551724 0.000000
vt 0.586207 1.000000
vt 0.586207 0.000000
vt 0.620690 1.000000
vt 0.620690 0.000000
vt 0.655172 1.000000
vt 0.655172 0.000000
vt 0.689655 1.000000
vt 0.689655 0.000000
vt 0.724138 1.000000
vt 0.724138 0.000000
vt 0.758621 1.000000
vt 0.758621 0.000000
vt 0.793103 1.000000
vt 0.793103 0.000000
vt 0.827586 1.000000
vt 0.827586 0.000000
vt 0.862069 1.000000
vt 0.862069 0.000000
vt 0.896552 1.000000
vt 0.896552 0.000000
vt 0.931035 1.000000
vt 0.931035 0.000000
vt 0.965517 1.000000
vt 0.965517 0.000000
vt 0.037037 1.000000
vt 0.074074 1.000000
vt 0.111111 1.000000
vt 0.148148 1.000000
vt 0.185185 1.000000
vt 0.222222 1.000000
vt 0.259259 1.000000
vt 0.296296 1.000000
vt 0.370370 1.000000
vt 0.407407 1.000000
vt 0.444444 1.000000
vt 0.481481 1.000000
vt 0.518519 1.000000
vt 0.555556 1.000000
vt 0.592593 1.000000
vt 0.629630 1.000000
vt 0.703704 1.000000
vt 0.740741 1.000000
vt 0.777778 1.000000
vt 0.814815 1.000000
vt 0.851852 1.000000
vt 0.888889 1.000000
vt 0.925926 1.000000
vt 0.962963 1.000000
vt 0.017857 1.000000
vt 0.017857 0.000000
vt 0.035714 1.000000
vt 0.035714 0.000000
vt 0.053571 1.000000
vt 0.053571 0.000000
vt 0.071429 1.000000
vt 0.071429 0.000000
vt 0.089286 1.000000
vt 0.089286 0.000000
vt 0.107143 1.000000
vt 0.107143 0.000000
vt 0.142857 1.000000
vt 0.160714 1.000000
vt 0.160714 0.000000
vt 0.178571 1.000000
vt 0.178571 0.000000
vt 0.196429 1.000000
vt 0.196429 0.000000
vt 0.214286 1.000000
vt 0.214286 0.000000
vt 0.232143 1.000000
vt 0.232143 0.000000
vt 0.267857 1.000000
vt 0.267857 0.000000
vt 0.285714 1.000000
vt 0.303571 1.000000
vt 0.303571 0.000000
vt 0.321429 1.000000
vt 0.321429 0.000000
vt 0.339286 1.000000
vt 0.339286 0.000000
vt 0.357143 1.000000
vt 0.357143 0.000000
vt 0.392857 1.000000
vt 0.392857 0.000000
vt 0.410714 1.000000
vt 0.410714 0.000000
vt 0.428571 1.000000
vt 0.446429 1.000000
vt 0.446429 0.000000
vt 0.464286 1.000000
vt 0.464286 0.000000
vt 0.482143 1.000000
vt 0.482143 0.000000
vt 0.517857 1.000000
vt 0.517857 0.000000
vt 0.535714 1.000000
vt 0.535714 0.000000
vt 0.553571 1.000000
vt 0.553571 0.000000
vt 0.571429 1.000000
vt 0.589286 1.000000
vt 0.589286 0.000000
vt 0.607143 1.000000
vt 0.607143 0.000000
vt 0.642857 1.000000
vt 0.642857 0.000000
vt 0.660714 1.000000
vt 0.660714 0.000000
vt 0.678571 1.000000
vt 0.678571 0.000000
vt 0.696429 1.000000
vt 0.696429 0.000000
vt 0.714286 1.000000
vt 0.732143 1.000000
vt 0.732143 0.000000
vt 0.767857 1.000000
vt 0.767857 0.000000
vt 0.785714 1.000000
vt 0.785714 0.000000
vt 0.803571 1.000000
vt 0.803571 0.000000
vt 0.821429 1.000000
vt 0.821429 0.000000
vt 0.839286 1.000000
vt 0.839286 0.000000
vt 0.857143 1.000000
vt 0.892857 1.000000
vt 0.892857 0.000000
vt 0.910714 1.000000
vt 0.910714 0.000000
vt 0.928571 1.000000
vt 0.928571 0.000000
vt 0.946429 1.000000
vt 0.946429 0.000000
vt 0.964286 1.000000
vt 0.964286 0.000000
vt 0.982143 1.000000
vt 0.982143 0.000000
vt 0.007463 1.000000
vt 0.007463 0.000000
vt 0.014925 1.000000
vt 0.014925 0.000000
vt 0.022388 1.000000
vt 0.022388 0.000000
vt 0.029851 1.000000
vt 0.029851 0.000000
vt 0.037313 1.000000
vt 0.037313 0.000000
vt 0.044776 1.000000
vt 0.044776 0.000000
vt 0.052239 1.000000
vt 0.052239 0.000000
vt 0.059701 1.000000
vt 0.059701 0.000000
vt 0.067164 1.000000
vt 0.067164 0.000000
vt 0.074627 1.000000
vt 0.074627 0.000000
vt 0.082090 1.000000
vt 0.082090 0.000000
vt 0.089552 1.000000
vt 0.089552 0.000000
vt 0.097015 1.000000
vt 0.097015 0.000000
vt 0.104478 1.000000
vt 0.104478 0.000000
vt 0.111940 1.000000
vt 0.111940 0.000000
vt 0.119403 1.000000
vt 0.119403 0.000000
vt 0.126866 1.000000
vt 0.126866 0.000000
vt 0.134328 1.000000
vt 0.134328 0.000000
vt 0.141791 1.000000
vt 0.141791 0.000000
vt 0.149254 1.000000
vt 0.149254 0.000000
vt 0.156716 1.000000
vt 0.156716 0.000000
vt 0.164179 1.000000
vt 0.164179 0.000000
vt 0.171642 1.000000
vt 0.171642 0.000000
vt 0.179104 1.000000
vt 0.179104 0.000000
vt 0.186567 1.000000
vt 0.186567 0.000000
vt 0.194030 1.000000
vt 0.194030 0.000000
vt 0.201493 1.000000
vt 0.201493 0.000000
vt 0.208955 1.000000
vt 0.208955 0.000000
vt 0.216418 1.000000
vt 0.216418 0.000000
vt 0.223881 1.000000
vt 0.223881 0.000000
vt 0.231343 1.000000
vt 0.231343 0.000000
vt 0.238806 1.000000
vt 0.238806 0.000000
vt 0.246269 1.000000
vt 0.246269 0.000000
vt 0.253731 1.000000
vt 0.253731 0.000000
vt 0.261194 1.000000
vt 0.261194 0.000000
vt 0.268657 1.000000
vt 0.268657 0.000000
vt 0.276119 1.000000
vt 0.276119 0.000000
vt 0.283582 1.000000
vt 0.283582 0.000000
vt 0.291045 1.000000
vt 0.291045 0.000000
vt 0.298507 1.000000
vt 0.298507 0.000000
vt 0.305970 1.000000
vt 0.305970 0.000000
vt 0.313433 1.000000
vt 0.313433 0.000000
vt 0.320896 1.000000
vt 0.320896 0.000000
vt 0.328358 1.000000
vt 0.328358 0.000000
vt 0.335821 1.000000
vt 0.335821 0.000000
vt 0.343284 1.000000
vt 0.343284 0.000000
vt 0.350746 1.000000
vt 0.350746 0.000000
vt 0.358209 1.000000
vt 0.358209 0.000000
vt 0.365672 1.000000
vt 0.365672 0.000000
vt 0.373134 1.000000
vt 0.373134 0.000000
vt 0.380597 1.000000
vt 0.380597 0.000000
vt 0.388060 1.000000
vt 0.388060 0.000000
vt 0.395522 1.000000
vt 0.395522 0.000000
vt 0.402985 1.000000
vt 0.402985 0.000000
vt 0.410448 1.000000
vt 0.410448 0.000000
vt 0.417910 1.000000
vt 0.417910 0.000000
vt 0.425373 1.000000
vt 0.425373 0.000000
vt 0.432836 1.000000
vt 0.432836 0.000000
vt 0.440298 1.000000
vt 0.440298 0.000000
vt 0.447761 1.000000
vt 0.447761 0.000000
vt 0.455224 1.000000
vt 0.455224 0.000000
vt 0.462687 1.000000
vt 0.462687 0.000000
vt 0.470149 1.000000
vt 0.470149 0.000000
vt 0.477612 1.000000
vt 0.477612 0.000000
vt 0.485075 1.000000
vt 0.485075 0.000000
vt 0.492537 1.000000
vt 0.492537 0.000000
vt 0.507463 1.000000
vt 0.507463 0.000000
vt 0.514925 1.000000
vt 0.514925 0.000000
vt 0.522388 1.000000
vt 0.522388 0.000000
vt 0.529851 1.000000
vt 0.529851 0.000000
vt 0.537313 1.000000
vt 0.537313 0.000000
vt 0.544776 1.000000
vt 0.544776 0.000000
vt 0.552239 1.000000
vt 0.552239 0.000000
vt 0.559702 1.000000
vt 0.559702 0.000000
vt 0.567164 1.000000
vt 0.567164 0.000000
vt 0.574627 1.000000
vt 0.574627 0.000000
vt 0.582090 1.000000
vt 0.582090 0.000000
vt 0.589552 1.000000
vt 0.589552 0.000000
vt 0.597015 1.000000
vt 0.597015 0.000000
vt 0.604478 1.000000
vt 0.604478 0.000000
vt 0.611940 1.000000
vt 0.611940 0.000000
vt 0.619403 1.000000
vt 0.619403 0.000000
vt 0.626866 1.000000
vt 0.626866 0.000000
vt 0.634328 1.000000
vt 0.634328 0.000000
vt 0.641791 1.000000
vt 0.641791 0.000000
vt 0.649254 1.000000
vt 0.649254 0.000000
vt 0.656716 1.000000
vt 0.656716 0.000000
vt 0.664179 1.000000
vt 0.664179 0.000000
vt 0.671642 1.000000
vt 0.671642 0.000000
vt 0.679105 1.000000
vt 0.679105 0.000000
vt 0.686567 1.000000
vt 0.686567 0.000000
vt 0.694030 1.000000
vt 0.694030 0.000000
vt 0.701493 1.000000
vt 0.701493 0.000000
vt 0.708955 1.000000
vt 0.708955 0.000000
vt 0.716418 1.000000
vt 0.716418 0.000000
vt 0.723881 1.000000
vt 0.723881 0.000000
vt 0.731343 1.000000
vt 0.731343 0.000000
vt 0.738806 1.000000
vt 0.738806 0.000000
vt 0.746269 1.000000
vt 0.746269 0.000000
vt 0.753731 1.000000
vt 0.753731 0.000000
vt 0.761194 1.000000
vt 0.761194 0.000000
vt 0.768657 1.000000
vt 0.768657 0.000000
vt 0.776119 1.000000
vt 0.776119 0.000000
vt 0.783582 1.000000
vt 0.783582 0.000000
vt 0.791045 1.000000
vt 0.791045 0.000000
vt 0.798507 1.000000
vt 0.798507 0.000000
vt 0.805970 1.000000
vt 0.805970 0.000000
vt 0.813433 1.000000
vt 0.813433 0.000000
vt 0.820895 1.000000
vt 0.820895 0.000000
vt 0.828358 1.000000
vt 0.828358 0.000000
vt 0.835821 1.000000
vt 0.835821 0.000000
vt 0.843284 1.000000
vt 0.843284 0.000000
vt 0.850746 1.000000
vt 0.850746 0.000000
vt 0.858209 1.000000
vt 0.858209 0.000000
vt 0.865672 1.000000
vt 0.865672 0.000000
vt 0.873134 1.000000
vt 0.873134 0.000000
vt 0.880597 1.000000
vt 0.880597 0.000000
vt 0.888060 1.000000
vt 0.888060 0.000000
vt 0.895522 1.000000
vt 0.895522 0.000000
vt 0.902985 1.000000
vt 0.902985 0.000000
vt 0.910448 1.000000
vt 0.910448 0.000000
vt 0.917910 1.000000
vt 0.917910 0.000000
vt 0.925373 1.000000
vt 0.925373 0.000000
vt 0.932836 1.000000
vt 0.932836 0.000000
vt 0.940298 1.000000
vt 0.940298 0.000000
vt 0.947761 1.000000
vt 0.947761 0.000000
vt 0.955224 1.000000
vt 0.955224 0.000000
vt 0.962687 1.000000
vt 0.962687 0.000000
vt 0.970149 1.000000
vt 0.970149 0.000000
vt 0.977612 1.000000
vt 0.977612 0.000000
vt 0.985075 1.000000
vt 0.985075 0.000000
vt 0.992537 1.000000
vt 0.992537 0.000000
vt 0.017544 1.000000
vt 0.035088 1.000000
vt 0.052632 1.000000
vt 0.070175 1.000000
vt 0.087719 1.000000
vt 0.105263 1.000000
vt 0.122807 1.000000
vt 0.140351 1.000000
vt 0.157895 1.000000
vt 0.175439 1.000000
vt 0.192982 1.000000
vt 0.210526 1.000000
vt 0.228070 1.000000
vt 0.245614 1.000000
vt 0.263158 1.000000
vt 0.280702 1.000000
vt 0.298246 1.000000
vt 0.315789 1.000000
vt 0.350877 1.000000
vt 0.368421 1.000000
vt 0.385965 1.000000
vt 0.403509 1.000000
vt 0.421053 1.000000
vt 0.438596 1.000000
vt 0.456140 1.000000
vt 0.473684 1.000000
vt 0.491228 1.000000
vt 0.508772 1.000000
vt 0.526316 1.000000
vt 0.543860 1.000000
vt 0.561404 1.000000
vt 0.578947 1.000000
vt 0.596491 1.000000
vt 0.614035 1.000000
vt 0.631579 1.000000
vt 0.649123 1.000000
vt 0.684211 1.000000
vt 0.701754 1.000000
vt 0.719298 1.000000
vt 0.736842 1.000000
vt 0.754386 1.000000
vt 0.771930 1.000000
vt 0.789474 1.000000
vt 0.807018 1.000000
vt 0.824561 1.000000
vt 0.842105 1.000000
vt 0.859649 1.000000
vt 0.877193 1.000000
vt 0.894737 1.000000
vt 0.912281 1.000000
vt 0.929825 1.000000
vt 0.947368 1.000000
vt 0.964912 1.000000
vt 0.982456 1.000000
vt 0.008197 1.000000
vt 0.008197 0.000000
vt 0.016393 1.000000
vt 0.016393 0.000000
vt 0.024590 1.000000
vt 0.024590 0.000000
vt 0.032787 1.000000
vt 0.032787 0.000000
vt 0.040984 1.000000
vt 0.040984 0.000000
vt 0.049180 1.000000
vt 0.049180 0.000000
vt 0.057377 1.000000
vt 0.057377 0.000000
vt 0.065574 1.000000
vt 0.065574 0.000000
vt 0.073770 1.000000
vt 0.073770 0.000000
vt 0.081967 1.000000
vt 0.081967 0.000000
vt 0.090164 1.000000
vt 0.090164 0.000000
vt 0.098361 1.000000
vt 0.098361 0.000000
vt 0.106557 1.000000
vt 0.106557 0.000000
vt 0.114754 1.000000
vt 0.114754 0.000000
vt 0.122951 1.000000
vt 0.122951 0.000000
vt 0.131148 1.000000
vt 0.131148 0.000000
vt 0.139344 1.000000
vt 0.139344 0.000000
vt 0.147541 1.000000
vt 0.147541 0.000000
vt 0.155738 1.000000
vt 0.155738 0.000000
vt 0.163934 1.000000
vt 0.163934 0.000000
vt 0.172131 1.000000
vt 0.172131 0.000000
vt 0.180328 1.000000
vt 0.180328 0.000000
vt 0.188525 1.000000
vt 0.188525 0.000000
vt 0.196721 1.000000
vt 0.196721 0.000000
vt 0.204918 1.000000
vt 0.204918 0.000000
vt 0.213115 1.000000
vt 0.213115 0.000000
vt 0.221311 1.000000
vt 0.221311 0.000000
vt 0.229508 1.000000
vt 0.229508 0.000000
vt 0.237705 1.000000
vt 0.237705 0.000000
vt 0.245902 1.000000
vt 0.245902 0.000000
vt 0.254098 1.000000
vt 0.254098 0.000000
vt 0.262295 1.000000
vt 0.262295 0.000000
vt 0.270492 1.000000
vt 0.270492 0.000000
vt 0.278689 1.000000
vt 0.278689 0.000000
vt 0.286885 1.000000
vt 0.286885 0.000000
vt 0.295082 1.000000
vt 0.295082 0.000000
vt 0.303279 1.000000
vt 0.303279 0.000000
vt 0.311475 1.000000
vt 0.311475 0.000000
vt 0.319672 1.000000
vt 0.319672 0.000000
vt 0.327869 1.000000
vt 0.327869 0.000000
vt 0.336066 1.000000
vt 0.336066 0.000000
vt 0.344262 1.000000
vt 0.344262 0.000000
vt 0.352459 1.000000
vt 0.352459 0.000000
vt 0.360656 1.000000
vt 0.360656 0.000000
vt 0.368852 1.000000
vt 0.368852 0.000000
vt 0.377049 1.000000
vt 0.377049 0.000000
vt 0.385246 1.000000
vt 0.385246 0.000000
vt 0.393443 1.000000
vt 0.393443 0.000000
vt 0.401639 1.000000
vt 0.401639 0.000000
vt 0.409836 1.000000
vt 0.409836 0.000000
vt 0.418033 1.000000
vt 0.418033 0.000000
vt 0.426230 1.000000
vt 0.426230 0.000000
vt 0.434426 1.000000
vt 0.434426 0.000000
vt 0.442623 1.000000
vt 0.442623 0.000000
vt 0.450820 1.000000
vt 0.450820 0.000000
vt 0.459016 1.000000
vt 0.459016 0.000000
vt 0.467213 1.000000
vt 0.467213 0.000000
vt 0.475410 1.000000
vt 0.475410 0.000000
vt 0.483607 1.000000
vt 0.483607 0.000000
vt 0.491803 1.000000
vt 0.491803 0.000000
vt 0.508197 1.000000
vt 0.508197 0.000000
vt 0.516393 1.000000
vt 0.516393 0.000000
vt 0.524590 1.000000
vt 0.524590 0.000000
vt 0.532787 1.000000
vt 0.532787 0.000000
vt 0.540984 1.000000
vt 0.540984 0.000000
vt 0.549180 1.000000
vt 0.549180 0.000000
vt 0.557377 1.000000
vt 0.557377 0.000000
vt 0.565574 1.000000
vt 0.565574 0.000000
vt 0.573770 1.000000
vt 0.573770 0.000000
vt 0.581967 1.000000
vt 0.581967 0.000000
vt 0.590164 1.000000
vt 0.590164 0.000000
vt 0.598361 1.000000
vt 0.598361 0.000000
vt 0.606557 1.000000
vt 0.606557 0.000000
vt 0.614754 1.000000
vt 0.614754 0.000000
vt 0.622951 1.000000
vt 0.622951 0.000000
vt 0.631148 1.000000
vt 0.631148 0.000000
vt 0.639344 1.000000
vt 0.639344 0.000000
vt 0.647541 1.000000
vt 0.647541 0.000000
vt 0.655738 1.000000
vt 0.655738 0.000000
vt 0.663934 1.000000
vt 0.663934 0.000000
vt 0.672131 1.000000
vt 0.672131 0.000000
vt 0.680328 1.000000
vt 0.680328 0.000000
vt 0.688525 1.000000
vt 0.688525 0.000000
vt 0.696721 1.000000
vt 0.696721 0.000000
vt 0.704918 1.000000
vt 0.704918 0.000000
vt 0.713115 1.000000
vt 0.713115 0.000000
vt 0.721311 1.000000
vt 0.721311 0.000000
vt 0.729508 1.000000
vt 0.729508 0.000000
vt 0.737705 1.000000
vt 0.737705 0.000000
vt 0.745902 1.000000
vt 0.745902 0.000000
vt 0.754098 1.000000
vt 0.754098 0.000000
vt 0.762295 1.000000
vt 0.762295 0.000000
vt 0.770492 1.000000
vt 0.770492 0.000000
vt 0.778689 1.000000
vt 0.778689 0.000000
vt 0.786885 1.000000
vt 0.786885 0.000000
vt 0.795082 1.000000
vt 0.795082 0.000000
vt 0.803279 1.000000
vt 0.803279 0.000000
vt 0.811475 1.000000
vt 0.811475 0.000000
vt 0.819672 1.000000
vt 0.819672 0.000000
vt 0.827869 1.000000
vt 0.827869 0.000000
vt 0.836066 1.000000
vt 0.836066 0.000000
vt 0.844262 1.000000
vt 0.844262 0.000000
vt 0.852459 1.000000
vt 0.852459 0.000000
vt 0.860656 1.000000
vt 0.860656 0.000000
vt 0.868852 1.000000
vt 0.868852 0.000000
vt 0.877049 1.000000
vt 0.877049 0.000000
vt 0.885246 1.000000
vt 0.885246 0.000000
vt 0.893443 1.000000
vt 0.893443 0.000000
vt 0.901639 1.000000
vt 0.901639 0.000000
vt 0.909836 1.000000
vt 0.909836 0.000000
vt 0.918033 1.000000
vt 0.918033 0.000000
vt 0.926230 1.000000
vt 0.926230 0.000000
vt 0.934426 1.000000
vt 0.934426 0.000000
vt 0.942623 1.000000
vt 0.942623 0.000000
vt 0.950820 1.000000
vt 0.950820 0.000000
vt 0.959016 1.000000
vt 0.959016 0.000000
vt 0.967213 1.000000
vt 0.967213 0.000000
vt 0.975410 1.000000
vt 0.975410 0.000000
vt 0.983607 1.000000
vt 0.983607 0.000000
vt 0.991803 1.000000
vt 0.991803 0.000000
vt 0.026316 1.000000
vt 0.026316 0.000000
vt 0.078947 1.000000
vt 0.078947 0.000000
vt 0.131579 1.000000
vt 0.131579 0.000000
vt 0.184211 1.000000
vt 0.184211 0.000000
vt 0.236842 1.000000
vt 0.236842 0.000000
vt 0.289474 1.000000
vt 0.289474 0.000000
vt 0.342105 1.000000
vt 0.342105 0.000000
vt 0.394737 1.000000
vt 0.394737 0.000000
vt 0.447368 1.000000
vt 0.447368 0.000000
vt 0.552632 1.000000
vt 0.552632 0.000000
vt 0.605263 1.000000
vt 0.605263 0.000000
vt 0.657895 1.000000
vt 0.657895 0.000000
vt 0.710526 1.000000
vt 0.710526 0.000000
vt 0.763158 1.000000
vt 0.763158 0.000000
vt 0.815789 1.000000
vt 0.815789 0.000000
vt 0.868421 1.000000
vt 0.868421 0.000000
vt 0.921053 1.000000
vt 0.921053 0.000000
vt 0.973684 1.000000
vt 0.973684 0.000000
vt 0.010204 1.000000
vt 0.010204 0.000000
vt 0.020408 1.000000
vt 0.020408 0.000000
vt 0.030612 1.000000
vt 0.030612 0.000000
vt 0.040816 1.000000
vt 0.040816 0.000000
vt 0.051020 1.000000
vt 0.051020 0.000000
vt 0.061224 1.000000
vt 0.061224 0.000000
vt 0.081633 1.000000
vt 0.081633 0.000000
vt 0.091837 1.000000
vt 0.091837 0.000000
vt 0.102041 1.000000
vt 0.102041 0.000000
vt 0.112245 1.000000
vt 0.112245 0.000000
vt 0.122449 1.000000
vt 0.122449 0.000000
vt 0.132653 1.000000
vt 0.132653 0.000000
vt 0.153061 1.000000
vt 0.153061 0.000000
vt 0.163265 1.000000
vt 0.163265 0.000000
vt 0.173469 1.000000
vt 0.173469 0.000000
vt 0.183673 1.000000
vt 0.183673 0.000000
vt 0.193878 1.000000
vt 0.193878 0.000000
vt 0.204082 1.000000
vt 0.204082 0.000000
vt 0.224490 1.000000
vt 0.224490 0.000000
vt 0.234694 1.000000
vt 0.234694 0.000000
vt 0.244898 1.000000
vt 0.244898 0.000000
vt 0.255102 1.000000
vt 0.255102 0.000000
vt 0.265306 1.000000
vt 0.265306 0.000000
vt 0.275510 1.000000
vt 0.275510 0.000000
vt 0.295918 1.000000
vt 0.295918 0.000000
vt 0.306122 1.000000
vt 0.306122 0.000000
vt 0.316327 1.000000
vt 0.316327 0.000000
vt 0.326531 1.000000
vt 0.326531 0.000000
vt 0.336735 1.000000
vt 0.336735 0.000000
vt 0.346939 1.000000
vt 0.346939 0.000000
vt 0.367347 1.000000
vt 0.367347 0.000000
vt 0.377551 1.000000
vt 0.377551 0.000000
vt 0.387755 1.000000
vt 0.387755 0.000000
vt 0.397959 1.000000
vt 0.397959 0.000000
vt 0.408163 1.000000
vt 0.408163 0.000000
vt 0.418367 1.000000
vt 0.418367 0.000000
vt 0.438776 1.000000
vt 0.438776 0.000000
vt 0.448980 1.000000
vt 0.448980 0.000000
vt 0.459184 1.000000
vt 0.459184 0.000000
vt 0.469388 1.000000
vt 0.469388 0.000000
vt 0.479592 1.000000
vt 0.479592 0.000000
vt 0.489796 1.000000
vt 0.489796 0.000000
vt 0.510204 1.000000
vt 0.510204 0.000000
vt 0.520408 1.000000
vt 0.520408 0.000000
vt 0.530612 1.000000
vt 0.530612 0.000000
vt 0.540816 1.000000
vt 0.540816 0.000000
vt 0.551020 1.000000
vt 0.551020 0.000000
vt 0.561224 1.000000
vt 0.561224 0.000000
vt 0.581633 1.000000
vt 0.581633 0.000000
vt 0.591837 1.000000
vt 0.591837 0.000000
vt 0.602041 1.000000
vt 0.602041 0.000000
vt 0.612245 1.000000
vt 0.612245 0.000000
vt 0.622449 1.000000
vt 0.622449 0.000000
vt 0.632653 1.000000
vt 0.632653 0.000000
vt 0.653061 1.000000
vt 0.653061 0.000000
vt 0.663265 1.000000
vt 0.663265 0.000000
vt 0.673469 1.000000
vt 0.673469 0.000000
vt 0.683673 1.000000
vt 0.683673 0.000000
vt 0.693878 1.000000
vt 0.693878 0.000000
vt 0.704082 1.000000
vt 0.704082 0.000000
vt 0.724490 1.000000
vt 0.724490 0.000000
vt 0.734694 1.000000
vt 0.734694 0.000000
vt 0.744898 1.000000
vt 0.744898 0.000000
vt 0.755102 1.000000
vt 0.755102 0.000000
vt 0.765306 1.000000
vt 0.765306 0.000000
vt 0.775510 1.000000
vt 0.775510 0.000000
vt 0.795918 1.000000
vt 0.795918 0.000000
vt 0.806122 1.000000
vt 0.806122 0.000000
vt 0.816327 1.000000
vt 0.816327 0.000000
vt 0.826531 1.000000
vt 0.826531 0.000000
vt 0.836735 1.000000
vt 0.836735 0.000000
vt 0.846939 1.000000
vt 0.846939 0.000000
vt 0.867347 1.000000
vt 0.867347 0.000000
vt 0.877551 1.000000
vt 0.877551 0.000000
vt 0.887755 1.000000
vt 0.887755 0.000000
vt 0.897959 1.000000
vt 0.897959 0.000000
vt 0.908163 1.000000
vt 0.908163 0.000000
vt 0.918367 1.000000
vt 0.918367 0.000000
vt 0.938776 1.000000
vt 0.938776 0.000000
vt 0.948980 1.000000
vt 0.948980 0.000000
vt 0.959184 1.000000
vt 0.959184 0.000000
vt 0.969388 1.000000
vt 0.969388 0.000000
vt 0.979592 1.000000
vt 0.979592 0.000000
vt 0.989796 1.000000
vt 0.989796 0.000000
vt 0.013514 1.000000
vt 0.013514 0.000000
vt 0.040541 1.000000
vt 0.040541 0.000000
vt 0.067568 1.000000
vt 0.067568 0.000000
vt 0.094595 1.000000
vt 0.094595 0.000000
vt 0.121622 1.000000
vt 0.121622 0.000000
vt 0.148649 1.000000
vt 0.148649 0.000000
vt 0.175676 1.000000
vt 0.175676 0.000000
vt 0.202703 1.000000
vt 0.202703 0.000000
vt 0.229730 1.000000
vt 0.229730 0.000000
vt 0.256757 1.000000
vt 0.256757 0.000000
vt 0.283784 1.000000
vt 0.283784 0.000000
vt 0.310811 1.000000
vt 0.310811 0.000000
vt 0.337838 1.000000
vt 0.337838 0.000000
vt 0.364865 1.000000
vt 0.364865 0.000000
vt 0.391892 1.000000
vt 0.391892 0.000000
vt 0.418919 1.000000
vt 0.418919 0.000000
vt 0.445946 1.000000
vt 0.445946 0.000000
vt 0.472973 1.000000
vt 0.472973 0.000000
vt 0.527027 1.000000
vt 0.527027 0.000000
vt 0.554054 1.000000
vt 0.554054 0.000000
vt 0.581081 1.000000
vt 0.581081 0.000000
vt 0.608108 1.000000
vt 0.608108 0.000000
vt 0.635135 1.000000
vt 0.635135 0.000000
vt 0.662162 1.000000
vt 0.662162 0.000000
vt 0.689189 1.000000
vt 0.689189 0.000000
vt 0.716216 1.000000
vt 0.716216 0.000000
vt 0.743243 1.000000
vt 0.743243 0.000000
vt 0.770270 1.000000
vt 0.770270 0.000000
vt 0.797297 1.000000
vt 0.797297 0.000000
vt 0.824324 1.000000
vt 0.824324 0.000000
vt 0.851351 1.000000
vt 0.851351 0.000000
vt 0.878378 1.000000
vt 0.878378 0.000000
vt 0.905405 1.000000
vt 0.905405 0.000000
vt 0.932432 1.000000
vt 0.932432 0.000000
vt 0.959459 1.000000
vt 0.959459 0.000000
vt 0.986486 1.000000
vt 0.986486 0.000000
vt 0.040000 1.000000
vt 0.040000 0.000000
vt 0.080000 1.000000
vt 0.080000 0.000000
vt 0.120000 1.000000
vt 0.120000 0.000000
vt 0.160000 1.000000
vt 0.160000 0.000000
vt 0.240000 1.000000
vt 0.240000 0.000000
vt 0.280000 1.000000
vt 0.280000 0.000000
vt 0.320000 1.000000
vt 0.320000 0.000000
vt 0.360000 1.000000
vt 0.360000 0.000000
vt 0.440000 1.000000
vt 0.440000 0.000000
vt 0.480000 1.000000
vt 0.480000 0.000000
vt 0.520000 1.000000
vt 0.520000 0.000000
vt 0.560000 1.000000
vt 0.560000 0.000000
vt 0.640000 1.000000
vt 0.640000 0.000000
vt 0.680000 1.000000
vt 0.680000 0.000000
vt 0.720000 1.000000
vt 0.720000 0.000000
vt 0.760000 1.000000
vt 0.760000 0.000000
vt 0.840000 1.000000
vt 0.840000 0.000000
vt 0.880000 1.000000
vt 0.880000 0.000000
vt 0.920000 1.000000
vt 0.920000 0.000000
vt 0.960000 1.000000
vt 0.960000 0.000000
s 0
usemtl マテリアル
f 49/1/1 51/2/1 50/3/1
f 20/4/1 19/5/1 49/1/1
f 21/6/1 20/4/1 49/1/1
f 22/7/1 21/6/1 49/1/1
f 49/1/1 50/3/1 22/7/1
f 23/8/1 22/7/1 50/3/1
f 24/9/1 23/8/1 50/3/1
f 50/3/1 97/10/1 24/9/1
f 25/11/1 24/9/1 97/10/1
f 26/12/1 25/11/1 97/10/1
f 27/13/1 26/12/1 97/10/1
f 98/14/1 95/15/1 94/16/1
f 93/17/1 92/18/1 98/14/1
f 86/19/1 36/20/1 87/21/1
f 59/22/1 58/23/1 13/24/1
f 88/25/1 87/21/1 35/26/1
f 87/21/1 36/20/1 35/26/1
f 13/24/1 58/23/1 14/27/1
f 58/23/1 57/28/1 14/27/1
f 89/29/1 88/25/1 34/30/1
f 88/25/1 35/26/1 34/30/1
f 14/27/1 57/28/1 15/31/1
f 57/28/1 56/32/1 15/31/1
f 16/33/1 15/31/1 56/32/1
f 56/32/1 55/34/1 16/33/1
f 17/35/1 16/33/1 55/34/1
f 55/34/1 54/36/1 17/35/1
f 18/37/1 17/35/1 54/36/1
f 19/5/1 18/37/1 54/36/1
f 54/36/1 53/38/1 19/5/1
f 49/1/1 19/5/1 53/38/1
f 53/38/1 52/39/1 49/1/1
f 49/1/1 52/39/1 100/40/1
f 95/15/1 98/14/1 96/41/1
f 27/13/1 97/10/1 98/14/1
f 28/42/1 27/13/1 98/14/1
f 29/43/1 28/42/1 98/14/1
f 30/44/1 29/43/1 98/14/1
f 31/45/1 30/44/1 98/14/1
f 98/14/1 92/18/1 31/45/1
f 92/18/1 91/46/1 31/45/1
f 32/47/1 31/45/1 91/46/1
f 91/46/1 90/48/1 32/47/1
f 33/49/1 32/47/1 90/48/1
f 90/48/1 89/29/1 33/49/1
f 89/29/1 34/30/1 33/49/1
f 11/50/1 61/51/1 60/52/1
f 61/51/1 11/50/1 10/53/1
f 10/53/1 62/54/1 61/51/1
f 85/55/1 84/56/1 37/57/1
f 79/58/1 78/59/1 99/60/1
f 9/61/1 8/62/1 63/63/1
f 64/64/1 63/63/1 8/62/1
f 99/60/1 77/65/1 76/66/1
f 62/54/1 10/53/1 9/61/1
f 9/61/1 63/63/1 62/54/1
f 79/58/1 99/60/1 80/67/1
f 84/56/1 83/68/1 38/69/1
f 37/57/1 84/56/1 38/69/1
f 48/70/1 47/71/1 73/72/1
f 67/73/1 4/74/1 3/75/1
f 68/76/1 67/73/1 3/75/1
f 3/75/1 2/77/1 68/76/1
f 69/78/1 68/76/1 2/77/1
f 2/77/1 1/79/1 69/78/1
f 70/80/1 69/78/1 1/79/1
f 1/79/1 74/81/1 70/80/1
f 71/82/1 70/80/1 74/81/1
f 74/81/1 72/83/1 71/82/1
f 64/64/1 8/62/1 7/84/1
f 65/85/1 64/64/1 7/84/1
f 7/84/1 6/86/1 65/85/1
f 6/86/1 5/87/1 65/85/1
f 66/88/1 65/85/1 5/87/1
f 5/87/1 4/74/1 66/88/1
f 4/74/1 67/73/1 66/88/1
f 47/71/1 46/89/1 75/90/1
f 46/89/1 45/91/1 75/90/1
f 75/90/1 45/91/1 99/60/1
f 45/91/1 44/92/1 99/60/1
f 44/92/1 43/93/1 99/60/1
f 43/93/1 42/94/1 99/60/1
f 80/67/1 99/60/1 42/94/1
f 42/94/1 41/95/1 80/67/1
f 81/96/1 80/67/1 41/95/1
f 41/95/1 40/97/1 81/96/1
f 82/98/1 81/96/1 40/97/1
f 40/97/1 39/99/1 82/98/1
f 83/68/1 82/98/1 39/99/1
f 38/69/1 83/68/1 39/99/1
f 11/50/1 60/52/1 12/100/1
f 13/24/1 12/100/1 60/52/1
f 59/22/1 13/24/1 60/52/1
f 50/3/1 51/2/1 75/90/1
f 97/10/1 50/3/1 75/90/1
f 96/41/1 97/10/1 75/90/1
f 95/15/1 96/41/1 75/90/1
f 36/20/1 86/19/1 85/55/1
f 85/55/1 37/57/1 36/20/1
f 72/83/1 74/81/1 102/101/1
f 51/2/1 49/1/1 100/40/1
f 73/72/1 47/71/1 101/102/1
f 75/90/1 51/2/1 100/40/1
f 100/40/1 101/102/1 75/90/1
f 47/71/1 75/90/1 101/102/1
f 73/72/1 101/102/1 102/101/1
f 101/102/1 72/83/1 102/101/1
f 48/70/1 73/72/1 102/101/1
f 94/16/1 95/15/1 75/90/1
f 94/16/1 77/65/1 103/103/1
f 76/66/1 77/65/1 94/16/1
f 75/90/1 76/66/1 94/16/1
f 97/10/1 96/41/1 98/14/1
f 98/14/1 94/16/1 103/103/1
f 93/17/1 98/14/1 103/103/1
f 99/60/1 78/59/1 104/104/1
f 77/65/1 99/60/1 104/104/1
f 104/104/1 103/103/1 77/65/1
f 76/66/1 75/90/1 99/60/1
f 176/105/1 175/106/1 130/107/1
f 130/107/1 129/108/1 176/105/1
f 177/109/1 176/105/1 129/108/1
f 129/108/1 128/110/1 177/109/1
f 178/111/1 177/109/1 128/110/1
f 128/110/1 127/112/1 178/111/1
f 179/113/1 178/111/1 127/112/1
f 127/112/1 126/114/1 179/113/1
f 116/115/1 189/116/1 117/117/1
f 165/118/1 139/119/1 166/120/1
f 139/119/1 138/121/1 166/120/1
f 118/122/1 117/117/1 188/123/1
f 117/117/1 189/116/1 188/123/1
f 166/120/1 138/121/1 167/124/1
f 138/121/1 137/125/1 167/124/1
f 119/126/1 118/122/1 187/127/1
f 118/122/1 188/123/1 187/127/1
f 167/124/1 137/125/1 168/128/1
f 137/125/1 136/129/1 168/128/1
f 169/130/1 168/128/1 136/129/1
f 136/129/1 135/131/1 169/130/1
f 170/132/1 169/130/1 135/131/1
f 135/131/1 134/133/1 170/132/1
f 171/134/1 170/132/1 134/133/1
f 134/133/1 133/135/1 171/134/1
f 172/136/1 171/134/1 133/135/1
f 133/135/1 132/137/1 172/136/1
f 173/138/1 172/136/1 132/137/1
f 174/139/1 173/138/1 132/137/1
f 132/137/1 131/140/1 174/139/1
f 175/106/1 174/139/1 131/140/1
f 130/107/1 175/106/1 131/140/1
f 179/113/1 126/114/1 125/141/1
f 180/142/1 179/113/1 125/141/1
f 125/141/1 124/143/1 180/142/1
f 181/144/1 180/142/1 124/143/1
f 182/145/1 181/144/1 124/143/1
f 124/143/1 123/146/1 182/145/1
f 183/147/1 182/145/1 123/146/1
f 123/146/1 122/148/1 183/147/1
f 184/149/1 183/147/1 122/148/1
f 122/148/1 121/150/1 184/149/1
f 185/151/1 184/149/1 121/150/1
f 121/150/1 120/152/1 185/151/1
f 186/153/1 185/151/1 120/152/1
f 120/152/1 119/126/1 186/153/1
f 119/126/1 187/127/1 186/153/1
f 114/154/1 191/155/1 115/156/1
f 190/157/1 115/156/1 191/155/1
f 140/158/1 164/159/1 163/160/1
f 163/160/1 141/161/1 140/158/1
f 113/162/1 192/163/1 114/154/1
f 191/155/1 114/154/1 192/163/1
f 141/161/1 163/160/1 162/164/1
f 142/165/1 141/161/1 162/164/1
f 162/164/1 161/166/1 142/165/1
f 161/166/1 143/167/1 142/165/1
f 113/162/1 112/168/1 194/169/1
f 194/169/1 193/170/1 113/162/1
f 192/163/1 113/162/1 193/170/1
f 154/171/1 153/172/1 150/173/1
f 151/174/1 150/173/1 153/172/1
f 153/172/1 152/175/1 151/174/1
f 157/176/1 156/177/1 147/178/1
f 148/179/1 147/178/1 156/177/1
f 156/177/1 155/180/1 148/179/1
f 155/180/1 154/171/1 148/179/1
f 149/181/1 148/179/1 154/171/1
f 154/171/1 150/173/1 149/181/1
f 202/104/1 201/182/1 105/79/1
f 106/183/1 105/79/1 201/182/1
f 107/184/1 106/183/1 201/182/1
f 201/182/1 200/185/1 107/184/1
f 143/167/1 161/166/1 160/186/1
f 144/187/1 143/167/1 160/186/1
f 160/186/1 159/188/1 144/187/1
f 145/189/1 144/187/1 159/188/1
f 159/188/1 158/190/1 145/189/1
f 146/191/1 145/189/1 158/190/1
f 158/190/1 157/176/1 146/191/1
f 157/176/1 147/178/1 146/191/1
f 107/184/1 200/185/1 108/192/1
f 200/185/1 199/193/1 108/192/1
f 109/194/1 108/192/1 199/193/1
f 199/193/1 198/195/1 109/194/1
f 110/196/1 109/194/1 198/195/1
f 198/195/1 197/197/1 110/196/1
f 197/197/1 196/198/1 110/196/1
f 111/199/1 110/196/1 196/198/1
f 196/198/1 195/200/1 111/199/1
f 112/168/1 111/199/1 195/200/1
f 194/169/1 112/168/1 195/200/1
f 164/159/1 140/158/1 165/118/1
f 139/119/1 165/118/1 140/158/1
f 115/156/1 190/157/1 116/115/1
f 189/116/1 116/115/1 190/157/1
f 281/201/1 280/202/1 294/203/1
f 295/204/1 294/203/1 280/202/1
f 296/205/1 295/204/1 280/202/1
f 289/206/1 288/207/1 287/208/1
f 287/208/1 286/209/1 289/206/1
f 286/209/1 285/210/1 289/206/1
f 285/210/1 284/211/1 289/206/1
f 290/212/1 289/206/1 284/211/1
f 284/211/1 283/213/1 290/212/1
f 291/214/1 290/212/1 283/213/1
f 283/213/1 282/215/1 291/214/1
f 292/216/1 291/214/1 282/215/1
f 293/217/1 292/216/1 282/215/1
f 282/215/1 281/201/1 293/217/1
f 281/201/1 294/203/1 293/217/1
f 299/218/1 278/219/1 277/220/1
f 277/220/1 300/221/1 299/218/1
f 275/222/1 301/223/1 276/224/1
f 360/225/1 237/226/1 361/227/1
f 300/221/1 277/220/1 276/224/1
f 276/224/1 301/223/1 300/221/1
f 237/226/1 360/225/1 238/228/1
f 360/225/1 359/229/1 238/228/1
f 239/230/1 238/228/1 359/229/1
f 359/229/1 358/231/1 239/230/1
f 240/232/1 239/230/1 358/231/1
f 241/233/1 240/232/1 358/231/1
f 358/231/1 357/234/1 241/233/1
f 242/235/1 241/233/1 357/234/1
f 357/234/1 356/236/1 242/235/1
f 243/237/1 242/235/1 356/236/1
f 244/238/1 243/237/1 356/236/1
f 356/236/1 355/239/1 244/238/1
f 245/240/1 244/238/1 355/239/1
f 246/241/1 245/240/1 355/239/1
f 355/239/1 354/242/1 246/241/1
f 247/243/1 246/241/1 354/242/1
f 248/244/1 247/243/1 354/242/1
f 354/242/1 353/245/1 248/244/1
f 249/246/1 248/244/1 353/245/1
f 353/245/1 352/247/1 249/246/1
f 250/248/1 249/246/1 352/247/1
f 251/249/1 250/248/1 352/247/1
f 352/247/1 351/250/1 251/249/1
f 252/251/1 251/249/1 351/250/1
f 351/250/1 350/252/1 252/251/1
f 253/253/1 252/251/1 350/252/1
f 254/254/1 253/253/1 350/252/1
f 350/252/1 349/255/1 254/254/1
f 255/256/1 254/254/1 349/255/1
f 256/257/1 255/256/1 349/255/1
f 349/255/1 348/258/1 256/257/1
f 257/259/1 256/257/1 348/258/1
f 348/258/1 347/260/1 257/259/1
f 258/261/1 257/259/1 347/260/1
f 347/260/1 346/262/1 258/261/1
f 259/263/1 258/261/1 346/262/1
f 346/262/1 345/264/1 259/263/1
f 260/265/1 259/263/1 345/264/1
f 345/264/1 344/266/1 260/265/1
f 261/267/1 260/265/1 344/266/1
f 344/266/1 343/268/1 261/267/1
f 343/268/1 262/269/1 261/267/1
f 296/205/1 280/202/1 279/270/1
f 297/271/1 296/205/1 279/270/1
f 279/270/1 278/219/1 297/271/1
f 298/272/1 297/271/1 278/219/1
f 278/219/1 299/218/1 298/272/1
f 225/273/1 374/274/1 375/275/1
f 374/274/1 373/276/1 375/275/1
f 371/277/1 370/278/1 225/273/1
f 225/273/1 375/275/1 371/277/1
f 372/279/1 371/277/1 375/275/1
f 227/280/1 219/281/1 218/282/1
f 230/283/1 226/284/1 381/285/1
f 227/280/1 218/282/1 217/286/1
f 217/286/1 216/287/1 227/280/1
f 216/287/1 215/288/1 227/280/1
f 215/288/1 214/289/1 227/280/1
f 222/290/1 229/291/1 228/292/1
f 223/293/1 222/290/1 228/292/1
f 224/294/1 223/293/1 228/292/1
f 228/292/1 227/280/1 224/294/1
f 226/284/1 230/283/1 379/295/1
f 224/294/1 227/280/1 225/273/1
f 374/274/1 225/273/1 227/280/1
f 340/296/1 341/297/1 374/274/1
f 342/298/1 374/274/1 341/297/1
f 376/299/1 342/298/1 341/297/1
f 262/269/1 376/299/1 264/300/1
f 271/301/1 270/302/1 306/303/1
f 306/303/1 305/304/1 271/301/1
f 329/305/2 328/306/2 327/307/2
f 327/307/1 330/308/1 329/305/1
f 328/306/1 329/305/1 330/308/1
f 332/309/1 325/310/1 324/311/1
f 325/310/1 332/309/1 326/312/1
f 331/313/1 326/312/1 332/309/1
f 323/314/1 334/315/1 333/316/1
f 323/314/1 333/316/1 324/311/1
f 332/309/1 324/311/1 333/316/1
f 323/314/1 324/311/1 328/306/1
f 324/311/1 325/310/1 328/306/1
f 325/310/1 326/312/1 328/306/1
f 327/307/1 328/306/1 326/312/1
f 326/312/1 331/313/1 327/307/1
f 330/308/1 327/307/1 331/313/1
f 328/306/3 330/308/3 331/313/3
f 331/313/1 332/309/1 328/306/1
f 332/309/4 333/316/4 328/306/4
f 333/316/1 334/315/1 328/306/1
f 321/317/1 336/318/1 322/319/1
f 337/320/1 320/321/1 319/322/1
f 320/321/1 337/320/1 321/317/1
f 336/318/1 321/317/1 337/320/1
f 315/323/1 316/324/1 314/325/1
f 316/324/1 207/326/1 206/327/1
f 206/327/1 205/328/1 316/324/1
f 205/328/1 204/329/1 316/324/1
f 204/329/1 203/79/1 316/324/1
f 203/79/1 339/330/1 316/324/1
f 339/330/1 338/331/1 316/324/1
f 314/325/1 316/324/1 338/331/1
f 207/326/1 316/324/1 208/332/1
f 320/321/1 321/317/1 316/324/1
f 319/322/1 320/321/1 316/324/1
f 318/333/1 319/322/1 316/324/1
f 317/334/5 318/333/5 316/324/5
f 316/324/6 315/323/6 317/334/6
f 315/323/1 314/325/1 317/334/1
f 318/333/7 317/334/7 314/325/7
f 319/322/1 318/333/1 314/325/1
f 337/320/1 319/322/1 314/325/1
f 314/325/1 338/331/1 377/335/1
f 208/332/1 316/324/1 209/336/1
f 210/337/1 209/336/1 316/324/1
f 211/338/1 210/337/1 316/324/1
f 316/324/1 321/317/1 328/306/1
f 321/317/1 322/319/1 328/306/1
f 323/314/1 328/306/1 322/319/1
f 334/315/1 323/314/1 322/319/1
f 335/339/1 334/315/1 322/319/1
f 322/319/1 336/318/1 335/339/1
f 227/280/1 214/289/1 213/340/1
f 213/340/1 212/341/1 227/280/1
f 212/341/1 211/338/1 227/280/1
f 211/338/1 316/324/1 227/280/1
f 316/324/1 328/306/1 227/280/1
f 374/274/1 227/280/1 328/306/1
f 340/296/1 374/274/1 328/306/1
f 328/306/1 334/315/1 340/296/1
f 334/315/1 335/339/1 340/296/1
f 335/339/1 336/318/1 340/296/1
f 336/318/1 337/320/1 340/296/1
f 337/320/1 313/342/1 340/296/1
f 264/300/1 340/296/1 313/342/1
f 263/343/1 264/300/1 313/342/1
f 265/344/1 263/343/1 313/342/1
f 313/342/1 312/345/1 265/344/1
f 266/346/1 265/344/1 312/345/1
f 312/345/1 311/347/1 266/346/1
f 267/348/1 266/346/1 311/347/1
f 311/347/1 310/349/1 267/348/1
f 268/350/1 267/348/1 310/349/1
f 310/349/1 309/351/1 268/350/1
f 269/352/1 268/350/1 309/351/1
f 309/351/1 308/353/1 269/352/1
f 270/302/1 269/352/1 308/353/1
f 308/353/1 307/354/1 270/302/1
f 306/303/1 270/302/1 307/354/1
f 234/355/1 233/356/1 225/273/1
f 235/357/1 234/355/1 225/273/1
f 236/358/1 235/357/1 225/273/1
f 237/226/1 236/358/1 225/273/1
f 361/227/1 237/226/1 225/273/1
f 362/359/1 361/227/1 225/273/1
f 363/360/1 362/359/1 225/273/1
f 364/361/1 363/360/1 225/273/1
f 365/362/1 364/361/1 225/273/1
f 366/363/1 365/362/1 225/273/1
f 367/364/1 366/363/1 225/273/1
f 368/365/1 367/364/1 225/273/1
f 369/366/1 368/365/1 225/273/1
f 225/273/1 370/278/1 369/366/1
f 262/269/1 343/268/1 376/299/1
f 271/301/1 305/304/1 272/367/1
f 305/304/1 304/368/1 272/367/1
f 273/369/1 272/367/1 304/368/1
f 304/368/1 303/370/1 273/369/1
f 274/371/1 273/369/1 303/370/1
f 303/370/1 302/372/1 274/371/1
f 275/222/1 274/371/1 302/372/1
f 301/223/1 275/222/1 302/372/1
f 337/320/1 314/325/1 377/335/1
f 313/342/1 337/320/1 377/335/1
f 263/343/1 265/344/1 378/373/1
f 264/300/1 263/343/1 378/373/1
f 262/269/1 264/300/1 378/373/1
f 219/281/1 227/280/1 220/374/1
f 221/375/1 220/374/1 227/280/1
f 233/356/1 232/376/1 225/273/1
f 231/377/1 379/295/1 225/273/1
f 232/376/1 231/377/1 225/273/1
f 229/291/1 222/290/1 380/378/1
f 380/378/1 230/283/1 381/285/1
f 221/375/1 227/280/1 381/285/1
f 373/276/1 374/274/1 342/298/1
f 383/104/1 382/379/1 373/276/1
f 375/275/1 373/276/1 382/379/1
f 372/279/1 375/275/1 382/379/1
f 376/299/1 343/268/1 383/104/1
f 342/298/1 376/299/1 383/104/1
f 373/276/1 342/298/1 383/104/1
f 341/297/1 340/296/1 376/299/1
f 340/296/1 264/300/1 376/299/1
f 385/380/1 384/79/1 421/381/1
f 424/382/1 421/381/1 461/383/1
f 385/380/1 421/381/1 424/382/1
f 429/384/1 428/385/1 461/383/1
f 427/386/1 426/387/1 461/383/1
f 429/384/1 461/383/1 419/388/1
f 420/389/1 419/388/1 461/383/1
f 421/381/1 420/389/1 461/383/1
f 461/383/1 426/387/1 425/390/1
f 385/380/1 424/382/1 460/391/1
f 412/392/1 434/393/1 413/394/1
f 434/393/1 433/395/1 413/394/1
f 414/396/1 413/394/1 433/395/1
f 435/397/1 411/398/1 410/343/1
f 410/343/1 436/314/1 435/397/1
f 436/314/1 410/343/1 409/399/1
f 409/399/1 437/400/1 436/314/1
f 411/398/1 435/397/1 412/392/1
f 434/393/1 412/392/1 435/397/1
f 458/401/1 387/402/1 459/403/1
f 386/404/1 459/403/1 387/402/1
f 414/396/1 433/395/1 415/405/1
f 433/395/1 432/406/1 415/405/1
f 416/407/1 415/405/1 432/406/1
f 432/406/1 431/408/1 416/407/1
f 417/409/1 416/407/1 431/408/1
f 418/410/1 417/409/1 431/408/1
f 431/408/1 430/411/1 418/410/1
f 419/388/1 418/410/1 430/411/1
f 429/384/1 419/388/1 430/411/1
f 459/403/1 386/404/1 460/391/1
f 385/380/1 460/391/1 386/404/1
f 456/412/1 455/413/1 389/414/1
f 388/415/1 456/412/1 389/414/1
f 448/416/1 447/417/1 398/418/1
f 398/418/1 397/356/1 448/416/1
f 407/419/1 406/420/1 439/421/1
f 440/422/1 439/421/1 406/420/1
f 406/420/1 405/423/1 440/422/1
f 441/424/1 440/422/1 405/423/1
f 405/423/1 404/425/1 441/424/1
f 442/426/1 441/424/1 404/425/1
f 404/425/1 403/427/1 442/426/1
f 443/428/1 442/426/1 403/427/1
f 403/427/1 402/429/1 443/428/1
f 402/429/1 401/430/1 443/428/1
f 444/431/1 443/428/1 401/430/1
f 401/430/1 400/432/1 444/431/1
f 445/433/1 444/431/1 400/432/1
f 400/432/1 399/434/1 445/433/1
f 446/435/1 445/433/1 399/434/1
f 399/434/1 398/418/1 446/435/1
f 398/418/1 447/417/1 446/435/1
f 448/416/1 397/356/1 449/245/1
f 397/356/1 396/436/1 449/245/1
f 450/437/1 449/245/1 396/436/1
f 396/436/1 395/438/1 450/437/1
f 451/439/1 450/437/1 395/438/1
f 395/438/1 394/440/1 451/439/1
f 452/441/1 451/439/1 394/440/1
f 394/440/1 393/442/1 452/441/1
f 393/442/1 392/443/1 452/441/1
f 453/444/1 452/441/1 392/443/1
f 392/443/1 391/445/1 453/444/1
f 454/446/1 453/444/1 391/445/1
f 391/445/1 390/447/1 454/446/1
f 455/413/1 454/446/1 390/447/1
f 389/414/1 455/413/1 390/447/1
f 437/400/1 409/399/1 408/448/1
f 438/449/1 437/400/1 408/448/1
f 408/448/1 407/419/1 438/449/1
f 407/419/1 439/421/1 438/449/1
f 456/412/1 388/415/1 457/450/1
f 458/401/1 457/450/1 388/415/1
f 387/402/1 458/401/1 388/415/1
f 421/381/1 384/79/1 423/217/1
f 423/217/1 422/451/1 421/381/1
f 424/382/1 425/390/1 460/391/1
f 462/104/1 460/391/1 427/386/1
f 426/387/1 427/386/1 460/391/1
f 425/390/1 426/387/1 460/391/1
f 461/383/1 428/385/1 462/104/1
f 427/386/4 461/383/4 462/104/4
f 425/390/4 424/382/4 461/383/4
f 518/452/1 529/453/1 519/454/1
f 520/455/1 519/454/1 529/453/1
f 529/453/1 528/456/1 520/455/1
f 521/457/1 520/455/1 528/456/1
f 528/456/1 527/458/1 521/457/1
f 522/459/1 521/457/1 527/458/1
f 527/458/1 526/460/1 522/459/1
f 526/460/1 525/461/1 522/459/1
f 525/461/1 524/462/1 522/459/1
f 523/463/1 522/459/1 524/462/1
f 534/464/1 511/465/1 535/466/1
f 570/467/1 476/468/1 475/469/1
f 511/465/1 534/464/1 512/470/1
f 512/470/1 534/464/1 513/471/1
f 534/464/1 533/472/1 513/471/1
f 514/473/1 513/471/1 533/472/1
f 532/474/1 514/473/1 533/472/1
f 477/475/1 476/468/1 569/476/1
f 476/468/1 570/467/1 569/476/1
f 514/473/1 532/474/1 515/477/1
f 516/478/1 515/477/1 532/474/1
f 532/474/1 531/479/1 516/478/1
f 517/480/1 516/478/1 531/479/1
f 531/479/1 530/481/1 517/480/1
f 518/452/1 517/480/1 530/481/1
f 529/453/1 518/452/1 530/481/1
f 553/482/1 490/483/1 554/484/1
f 490/483/1 489/485/1 554/484/1
f 555/486/1 554/484/1 489/485/1
f 556/487/1 555/486/1 489/485/1
f 489/485/1 488/488/1 556/487/1
f 557/489/1 556/487/1 488/488/1
f 488/488/1 487/490/1 557/489/1
f 558/491/1 557/489/1 487/490/1
f 559/492/1 558/491/1 487/490/1
f 487/490/1 486/493/1 559/492/1
f 560/494/1 559/492/1 486/493/1
f 486/493/1 485/495/1 560/494/1
f 561/496/1 560/494/1 485/495/1
f 485/495/1 484/497/1 561/496/1
f 562/498/1 561/496/1 484/497/1
f 484/497/1 483/499/1 562/498/1
f 563/500/1 562/498/1 483/499/1
f 483/499/1 482/501/1 563/500/1
f 564/502/1 563/500/1 482/501/1
f 482/501/1 481/503/1 564/502/1
f 565/504/1 564/502/1 481/503/1
f 481/503/1 480/505/1 565/504/1
f 566/506/1 565/504/1 480/505/1
f 480/505/1 479/507/1 566/506/1
f 567/508/1 566/506/1 479/507/1
f 479/507/1 478/509/1 567/508/1
f 568/510/1 567/508/1 478/509/1
f 478/509/1 477/475/1 568/510/1
f 477/475/1 569/476/1 568/510/1
f 473/511/1 571/512/1 474/513/1
f 536/514/1 510/515/1 509/516/1
f 537/517/1 536/514/1 509/516/1
f 473/511/1 472/518/1 572/519/1
f 571/512/1 473/511/1 572/519/1
f 537/517/1 509/516/1 508/520/1
f 538/521/1 537/517/1 508/520/1
f 472/518/1 471/522/1 574/523/1
f 574/523/1 573/524/1 472/518/1
f 572/519/1 472/518/1 573/524/1
f 579/525/1 578/526/1 468/527/1
f 584/104/1 583/528/1 463/79/1
f 464/529/1 463/79/1 583/528/1
f 465/530/1 464/529/1 583/528/1
f 583/528/1 582/531/1 465/530/1
f 466/532/1 465/530/1 582/531/1
f 582/531/1 581/533/1 466/532/1
f 467/534/1 466/532/1 581/533/1
f 581/533/1 580/535/1 467/534/1
f 468/527/1 467/534/1 580/535/1
f 579/525/1 468/527/1 580/535/1
f 538/521/1 508/520/1 507/536/1
f 539/537/1 538/521/1 507/536/1
f 507/536/1 506/538/1 539/537/1
f 540/539/1 539/537/1 506/538/1
f 506/538/1 505/540/1 540/539/1
f 541/541/1 540/539/1 505/540/1
f 505/540/1 504/542/1 541/541/1
f 542/543/1 541/541/1 504/542/1
f 504/542/1 503/544/1 542/543/1
f 543/545/1 542/543/1 503/544/1
f 503/544/1 502/546/1 543/545/1
f 544/547/1 543/545/1 502/546/1
f 502/546/1 501/548/1 544/547/1
f 545/549/1 544/547/1 501/548/1
f 501/548/1 500/550/1 545/549/1
f 546/551/1 545/549/1 500/550/1
f 500/550/1 499/552/1 546/551/1
f 547/553/1 546/551/1 499/552/1
f 499/552/1 498/554/1 547/553/1
f 548/555/1 547/553/1 498/554/1
f 498/554/1 497/556/1 548/555/1
f 497/556/1 496/557/1 548/555/1
f 549/558/1 548/555/1 496/557/1
f 496/557/1 495/559/1 549/558/1
f 550/560/1 549/558/1 495/559/1
f 495/559/1 494/561/1 550/560/1
f 468/527/1 578/526/1 469/562/1
f 578/526/1 577/563/1 469/562/1
f 470/564/1 469/562/1 577/563/1
f 577/563/1 576/565/1 470/564/1
f 576/565/1 575/566/1 470/564/1
f 471/522/1 470/564/1 575/566/1
f 574/523/1 471/522/1 575/566/1
f 535/466/1 511/465/1 510/515/1
f 510/515/1 536/514/1 535/466/1
f 550/560/1 494/561/1 551/567/1
f 494/561/1 493/568/1 551/567/1
f 493/568/1 492/569/1 551/567/1
f 552/570/1 551/567/1 492/569/1
f 492/569/1 491/571/1 552/570/1
f 553/482/1 552/570/1 491/571/1
f 490/483/1 553/482/1 491/571/1
f 570/467/1 475/469/1 474/513/1
f 474/513/1 571/512/1 570/467/1
f 639/572/1 638/573/1 586/574/1
f 639/572/1 586/574/1 585/79/1
f 585/79/1 587/575/1 639/572/1
f 587/575/1 588/576/1 639/572/1
f 588/576/1 589/577/1 639/572/1
f 637/578/1 635/579/1 638/573/1
f 586/574/1 638/573/1 635/579/1
f 635/579/1 636/580/1 586/574/1
f 588/576/1 587/575/1 641/581/1
f 589/577/1 588/576/1 641/581/1
f 641/581/1 590/582/1 589/577/1
f 639/572/1 589/577/1 590/582/1
f 590/582/1 640/583/1 639/572/1
f 586/574/1 636/580/1 634/584/1
f 634/584/1 633/585/1 586/574/1
f 641/581/1 586/574/1 633/585/1
f 633/585/1 632/586/1 641/581/1
f 632/586/1 631/587/1 641/581/1
f 631/587/1 630/588/1 641/581/1
f 630/588/1 629/589/1 641/581/1
f 629/589/1 628/590/1 641/581/1
f 628/590/1 627/591/1 641/581/1
f 627/591/1 626/592/1 641/581/1
f 626/592/1 625/593/1 641/581/1
f 595/594/1 594/595/1 641/581/1
f 594/595/1 593/596/1 641/581/1
f 593/596/1 592/597/1 641/581/1
f 591/598/1 641/581/1 592/597/1
f 622/599/1 597/600/1 623/601/1
f 596/602/1 623/601/1 597/600/1
f 610/603/1 609/604/1 611/605/1
f 612/606/1 611/605/1 609/604/1
f 612/606/1 609/604/1 613/607/1
f 609/604/1 608/608/1 613/607/1
f 614/609/1 613/607/1 608/608/1
f 608/608/1 607/610/1 614/609/1
f 615/611/1 614/609/1 607/610/1
f 607/610/1 606/612/1 615/611/1
f 616/613/1 615/611/1 606/612/1
f 606/612/1 605/614/1 616/613/1
f 617/615/1 616/613/1 605/614/1
f 605/614/1 604/616/1 617/615/1
f 604/616/1 603/617/1 617/615/1
f 618/618/1 617/615/1 603/617/1
f 603/617/1 602/619/1 618/618/1
f 619/620/1 618/618/1 602/619/1
f 602/619/1 601/621/1 619/620/1
f 620/622/1 619/620/1 601/621/1
f 601/621/1 600/623/1 620/622/1
f 600/623/1 599/624/1 620/622/1
f 621/625/1 620/622/1 599/624/1
f 599/624/1 598/626/1 621/625/1
f 622/599/1 621/625/1 598/626/1
f 597/600/1 622/599/1 598/626/1
f 641/581/1 625/593/1 624/627/1
f 595/594/1 641/581/1 624/627/1
f 624/627/1 623/601/1 595/594/1
f 623/601/1 596/602/1 595/594/1
f 640/583/1 590/582/1 643/628/1
f 635/579/1 637/578/1 642/629/1
f 636/580/1 635/579/1 642/629/1
f 634/584/3 636/580/3 642/629/3
f 641/581/1 591/598/1 643/628/1
f 590/582/1 641/581/1 643/628/1
f 586/574/1 641/581/1 644/104/1
f 587/575/1 585/79/1 644/104/1
f 641/581/1 587/575/1 644/104/1
f 712/630/1 711/214/1 723/354/1
f 712/630/1 723/354/1 713/631/1
f 723/354/1 722/632/1 713/631/1
f 714/204/1 713/631/1 722/632/1
f 722/632/1 721/633/1 714/204/1
f 715/634/1 714/204/1 721/633/1
f 721/633/1 720/370/1 715/634/1
f 720/370/1 719/635/1 715/634/1
f 716/636/1 715/634/1 719/635/1
f 719/635/1 718/637/1 716/636/1
f 717/218/1 716/636/1 718/637/1
f 664/638/1 662/639/1 665/640/1
f 671/641/1 670/642/1 669/357/1
f 707/643/1 706/644/1 727/645/1
f 662/639/1 664/638/1 663/280/1
f 664/638/1 665/640/1 663/280/1
f 665/640/6 666/377/6 663/280/6
f 666/377/1 667/646/1 663/280/1
f 669/357/1 670/642/1 663/280/1
f 659/647/1 673/648/1 660/293/1
f 668/649/1 660/293/1 673/648/1
f 672/230/1 668/649/1 673/648/1
f 705/213/1 729/323/1 728/650/1
f 660/293/1 661/651/1 674/652/1
f 659/647/1 660/293/1 674/652/1
f 672/230/1 673/648/1 658/653/1
f 658/653/1 657/281/1 672/230/1
f 705/213/1 728/650/1 706/644/1
f 727/645/1 706/644/1 728/650/1
f 675/237/1 674/652/1 663/280/1
f 674/652/1 661/651/1 663/280/1
f 662/639/1 663/280/1 661/651/1
f 665/640/1 662/639/1 661/651/1
f 666/377/1 665/640/1 661/651/1
f 667/646/1 666/377/1 661/651/1
f 661/651/1 660/293/1 667/646/1
f 660/293/1 668/649/1 667/646/1
f 663/280/1 667/646/1 668/649/1
f 669/357/1 663/280/1 668/649/1
f 668/649/1 672/230/1 669/357/1
f 671/641/1 669/357/1 672/230/1
f 670/642/1 671/641/1 672/230/1
f 672/230/1 657/281/1 670/642/1
f 657/281/1 656/654/1 670/642/1
f 764/655/1 670/642/1 765/360/1
f 707/643/1 727/645/1 708/208/1
f 727/645/1 726/347/1 708/208/1
f 709/656/1 708/208/1 726/347/1
f 726/347/1 725/657/1 709/656/1
f 710/658/1 709/656/1 725/657/1
f 725/657/1 724/659/1 710/658/1
f 711/214/1 710/658/1 724/659/1
f 723/354/1 711/214/1 724/659/1
f 749/660/1 748/661/1 663/280/1
f 750/268/1 749/660/1 663/280/1
f 751/662/1 750/268/1 663/280/1
f 752/663/1 751/662/1 663/280/1
f 753/260/1 752/663/1 663/280/1
f 663/280/1 670/642/1 753/260/1
f 754/664/1 753/260/1 670/642/1
f 755/665/1 754/664/1 670/642/1
f 756/250/1 755/665/1 670/642/1
f 757/666/1 756/250/1 670/642/1
f 758/667/1 757/666/1 670/642/1
f 759/239/1 758/667/1 670/642/1
f 760/668/1 759/239/1 670/642/1
f 761/669/1 760/668/1 670/642/1
f 762/229/1 761/669/1 670/642/1
f 763/670/1 762/229/1 670/642/1
f 670/642/1 764/655/1 763/670/1
f 742/671/7 738/307/7 737/672/7
f 739/673/8 741/313/8 740/674/8
f 653/675/1 652/676/1 770/677/1
f 770/677/1 769/678/1 653/675/1
f 769/678/1 768/364/1 653/675/1
f 732/322/1 731/679/1 703/680/1
f 703/680/1 702/270/1 732/322/1
f 733/681/1 732/322/1 702/270/1
f 734/682/1 733/681/1 741/313/1
f 735/314/1 734/682/1 741/313/1
f 736/683/1 735/314/1 741/313/1
f 742/671/1 736/683/1 741/313/1
f 741/313/1 739/673/1 742/671/1
f 738/307/1 742/671/1 739/673/1
f 737/672/5 738/307/5 739/673/5
f 739/673/1 740/674/1 737/672/1
f 743/684/1 737/672/1 740/674/1
f 744/339/1 743/684/1 740/674/1
f 653/675/1 768/364/1 654/288/1
f 768/364/1 767/685/1 654/288/1
f 655/686/1 654/288/1 767/685/1
f 766/687/1 655/686/1 767/685/1
f 778/688/1 777/295/1 645/79/1
f 646/689/1 645/79/1 777/295/1
f 777/295/1 776/690/1 646/689/1
f 647/691/1 646/689/1 776/690/1
f 648/326/1 647/691/1 776/690/1
f 775/692/1 648/326/1 776/690/1
f 733/681/1 702/270/1 701/693/1
f 741/313/1 733/681/1 701/693/1
f 701/693/1 700/694/1 741/313/1
f 700/694/1 699/222/1 741/313/1
f 699/222/1 698/695/1 741/313/1
f 698/695/1 697/696/1 741/313/1
f 697/696/1 696/301/1 741/313/1
f 696/301/1 695/697/1 741/313/1
f 695/697/1 694/698/1 741/313/1
f 694/698/1 693/348/1 741/313/1
f 740/674/1 741/313/1 693/348/1
f 693/348/1 692/699/1 740/674/1
f 692/699/1 691/700/1 740/674/1
f 691/700/1 690/343/1 740/674/1
f 690/343/1 689/701/1 740/674/1
f 689/701/1 688/702/1 740/674/1
f 688/702/1 687/263/1 740/674/1
f 687/263/1 686/703/1 740/674/1
f 686/703/1 685/704/1 740/674/1
f 685/704/1 684/256/1 740/674/1
f 684/256/1 683/705/1 740/674/1
f 683/705/1 682/706/1 740/674/1
f 744/339/1 740/674/1 682/706/1
f 682/706/1 681/249/1 744/339/1
f 648/326/1 775/692/1 649/707/1
f 775/692/1 774/275/1 649/707/1
f 650/708/1 649/707/1 774/275/1
f 774/275/1 773/709/1 650/708/1
f 773/709/1 772/710/1 650/708/1
f 651/338/1 650/708/1 772/710/1
f 772/710/1 771/277/1 651/338/1
f 652/676/1 651/338/1 771/277/1
f 770/677/1 652/676/1 771/277/1
f 729/323/1 705/213/1 704/711/1
f 730/712/1 729/323/1 704/711/1
f 704/711/1 703/680/1 730/712/1
f 703/680/1 731/679/1 730/712/1
f 744/339/1 681/249/1 745/713/1
f 681/249/1 680/714/1 745/713/1
f 680/714/1 679/715/1 745/713/1
f 746/716/1 745/713/1 679/715/1
f 679/715/1 678/243/1 746/716/1
f 747/330/1 746/716/1 678/243/1
f 678/243/1 677/717/1 747/330/1
f 677/717/1 676/718/1 747/330/1
f 748/661/1 747/330/1 676/718/1
f 663/280/1 748/661/1 676/718/1
f 675/237/1 663/280/1 676/718/1
f 670/642/1 656/654/1 655/686/1
f 655/686/1 766/687/1 670/642/1
f 765/360/1 670/642/1 766/687/1
f 737/672/1 743/684/1 779/719/1
f 742/671/1 737/672/1 779/719/1
f 736/683/1 742/671/1 779/719/1
f 659/647/1 674/652/1 780/104/1
f 673/648/1 659/647/1 780/104/1
f 658/653/1 673/648/1 780/104/1
f 805/720/1 804/721/1 808/722/1
f 792/723/1 819/314/1 793/724/1
f 819/314/1 818/725/1 793/724/1
f 793/724/1 818/725/1 794/726/1
f 818/725/1 817/727/1 794/726/1
f 795/728/1 794/726/1 817/727/1
f 817/727/1 816/729/1 795/728/1
f 796/730/1 795/728/1 816/729/1
f 797/731/1 796/730/1 816/729/1
f 816/729/1 815/732/1 797/731/1
f 798/733/1 797/731/1 815/732/1
f 815/732/1 814/734/1 798/733/1
f 799/735/1 798/733/1 814/734/1
f 814/734/1 813/736/1 799/735/1
f 800/343/1 799/735/1 813/736/1
f 813/736/1 812/737/1 800/343/1
f 801/738/1 800/343/1 812/737/1
f 802/739/1 801/738/1 812/737/1
f 812/737/1 811/740/1 802/739/1
f 803/741/1 802/739/1 811/740/1
f 811/740/1 810/742/1 803/741/1
f 810/742/1 809/743/1 803/741/1
f 804/721/1 803/741/1 809/743/1
f 808/722/1 804/721/1 809/743/1
f 805/720/1 808/722/1 807/744/1
f 806/745/1 805/720/1 807/744/1
f 820/746/1 791/747/1 790/748/1
f 820/746/1 790/748/1 789/749/1
f 821/750/1 820/746/1 789/749/1
f 789/749/1 788/751/1 821/750/1
f 822/752/1 821/750/1 788/751/1
f 836/753/1 781/79/1 838/104/1
f 832/754/1 830/755/1 782/756/1
f 831/757/1 832/754/1 782/756/1
f 782/756/1 835/758/1 831/757/1
f 835/758/1 834/759/1 831/757/1
f 833/760/1 831/757/1 834/759/1
f 822/752/1 788/751/1 787/761/1
f 823/762/1 822/752/1 787/761/1
f 787/761/1 786/763/1 823/762/1
f 824/764/1 823/762/1 786/763/1
f 786/763/1 785/765/1 824/764/1
f 825/766/1 824/764/1 785/765/1
f 785/765/1 784/767/1 825/766/1
f 784/767/1 783/768/1 825/766/1
f 826/769/1 825/766/1 783/768/1
f 783/768/1 782/756/1 826/769/1
f 827/770/1 826/769/1 782/756/1
f 828/771/1 827/770/1 782/756/1
f 829/772/1 828/771/1 782/756/1
f 782/756/1 830/755/1 829/772/1
f 819/314/1 792/723/1 791/747/1
f 791/747/1 820/746/1 819/314/1
f 831/757/1 833/760/1 837/773/1
f 832/754/3 831/757/3 837/773/3
f 830/755/1 832/754/1 837/773/1
f 835/758/1 782/756/1 838/104/1
f 894/104/1 863/774/1 862/775/1
f 865/776/1 864/452/1 863/774/1
f 863/774/1 894/104/1 865/776/1
f 866/777/1 865/776/1 894/104/1
f 894/104/1 893/778/1 866/777/1
f 861/222/1 870/779/1 869/453/1
f 861/222/1 869/453/1 868/780/1
f 867/781/1 892/782/1 891/783/1
f 861/222/1 868/780/1 862/775/1
f 894/104/1 862/775/1 868/780/1
f 892/782/1 867/781/1 893/778/1
f 866/777/1 893/778/1 867/781/1
f 870/779/1 861/222/1 860/784/1
f 860/784/1 871/785/1 870/779/1
f 890/786/1 839/79/1 891/783/1
f 867/781/1 891/783/1 839/79/1
f 854/557/1 853/787/1 877/788/1
f 878/789/1 877/788/1 853/787/1
f 853/787/1 852/790/1 878/789/1
f 852/790/1 851/791/1 878/789/1
f 879/567/1 878/789/1 851/791/1
f 851/791/1 850/230/1 879/567/1
f 880/792/1 879/567/1 850/230/1
f 850/230/1 849/495/1 880/792/1
f 881/793/1 880/792/1 849/495/1
f 882/794/1 881/793/1 849/495/1
f 849/495/1 848/795/1 882/794/1
f 883/260/1 882/794/1 848/795/1
f 848/795/1 847/796/1 883/260/1
f 884/498/1 883/260/1 847/796/1
f 847/796/1 846/797/1 884/498/1
f 871/785/1 860/784/1 859/536/1
f 872/347/1 871/785/1 859/536/1
f 859/536/1 858/798/1 872/347/1
f 873/799/1 872/347/1 858/798/1
f 858/798/1 857/800/1 873/799/1
f 874/539/1 873/799/1 857/800/1
f 857/800/1 856/801/1 874/539/1
f 875/802/1 874/539/1 856/801/1
f 856/801/1 855/803/1 875/802/1
f 876/804/1 875/802/1 855/803/1
f 855/803/1 854/557/1 876/804/1
f 854/557/1 877/788/1 876/804/1
f 884/498/1 846/797/1 885/805/1
f 846/797/1 845/806/1 885/805/1
f 845/806/1 844/513/1 885/805/1
f 886/807/1 885/805/1 844/513/1
f 844/513/1 843/808/1 886/807/1
f 887/809/1 886/807/1 843/808/1
f 843/808/1 842/810/1 887/809/1
f 888/811/1 887/809/1 842/810/1
f 842/810/1 841/812/1 888/811/1
f 889/524/1 888/811/1 841/812/1
f 841/812/1 840/813/1 889/524/1
f 890/786/1 889/524/1 840/813/1
f 839/79/1 890/786/1 840/813/1
f 997/814/1 988/815/1 998/816/1
f 995/817/1 989/818/1 996/819/1
f 1021/820/1 1011/821/1 1022/822/1
f 1010/823/1 1023/824/1 1022/822/1
f 1022/822/1 1011/821/1 1010/823/1
f 1022/822/1 1023/824/1 1008/825/1
f 1023/824/1 1010/823/1 1009/826/1
f 1024/827/1 1009/826/1 1010/823/1
f 1025/828/1 1024/827/1 1010/823/1
f 996/819/1 989/818/1 997/814/1
f 988/815/1 997/814/1 989/818/1
f 1007/829/1 1006/830/1 1021/820/1
f 1021/820/1 1022/822/1 1007/829/1
f 1022/822/1 1008/825/1 1007/829/1
f 1025/828/1 1010/823/1 1026/217/1
f 1010/823/1 1011/821/1 1026/217/1
f 1027/831/1 1026/217/1 1011/821/1
f 1028/832/1 1027/831/1 1011/821/1
f 999/833/1 1154/834/1 991/835/1
f 1016/836/1 1019/837/1 990/838/1
f 1020/839/1 990/838/1 1019/837/1
f 1019/837/1 1012/840/1 1020/839/1
f 1017/841/1 1014/842/1 1018/843/1
f 1013/844/1 1018/843/1 1014/842/1
f 1018/843/1 1013/844/1 1151/845/1
f 971/846/1 970/847/1 1121/848/1
f 1121/848/1 1120/849/1 971/846/1
f 1113/850/1 1112/851/1 992/852/1
f 1112/851/1 1111/853/1 992/852/1
f 1111/853/1 1110/854/1 992/852/1
f 1110/854/1 1109/855/1 992/852/1
f 1109/855/1 1108/856/1 992/852/1
f 1108/856/1 1107/857/1 992/852/1
f 1150/858/1 929/859/1 1103/860/1
f 1103/860/1 929/859/1 1104/861/1
f 968/862/1 1124/863/1 969/864/1
f 1124/863/1 1123/865/1 969/864/1
f 970/847/1 969/864/1 1123/865/1
f 1123/865/1 1122/866/1 970/847/1
f 1121/848/1 970/847/1 1122/866/1
f 992/852/1 1107/857/1 1106/867/1
f 1106/867/1 1105/868/1 992/852/1
f 1105/868/1 1104/861/1 992/852/1
f 1104/861/1 929/859/1 992/852/1
f 990/838/1 992/852/1 929/859/1
f 1017/841/1 990/838/1 929/859/1
f 929/859/1 934/869/1 1017/841/1
f 1014/842/1 1017/841/1 934/869/1
f 1075/870/1 1074/871/1 1014/842/1
f 1074/871/1 1073/872/1 1014/842/1
f 1073/872/1 1072/873/1 1014/842/1
f 1072/873/1 1071/874/1 1014/842/1
f 1071/874/1 1070/875/1 1014/842/1
f 1070/875/1 1069/876/1 1014/842/1
f 1069/876/1 1068/877/1 1014/842/1
f 1015/878/1 1014/842/1 1068/877/1
f 1060/879/1 1059/880/1 1047/881/1
f 1048/882/1 1047/881/1 1059/880/1
f 1059/880/1 1058/883/1 1048/882/1
f 1058/883/1 1057/884/1 1048/882/1
f 1049/885/1 1048/882/1 1057/884/1
f 971/846/1 1120/849/1 972/886/1
f 1120/849/1 1119/887/1 972/886/1
f 973/888/1 972/886/1 1119/887/1
f 1119/887/1 1118/889/1 973/888/1
f 974/890/1 973/888/1 1118/889/1
f 1118/889/1 1117/891/1 974/890/1
f 975/892/1 974/890/1 1117/891/1
f 1117/891/1 1116/893/1 975/892/1
f 976/894/1 975/892/1 1116/893/1
f 977/895/1 976/894/1 1116/893/1
f 1116/893/1 1115/896/1 977/895/1
f 978/897/1 977/895/1 1115/896/1
f 979/898/1 978/897/1 1115/896/1
f 1115/896/1 1114/899/1 979/898/1
f 980/900/1 979/898/1 1114/899/1
f 1114/899/1 1113/850/1 980/900/1
f 981/901/1 980/900/1 1113/850/1
f 1113/850/1 992/852/1 981/901/1
f 982/902/1 981/901/1 992/852/1
f 983/903/1 982/902/1 992/852/1
f 999/833/1 991/835/1 1156/904/1
f 992/852/1 990/838/1 993/905/1
f 994/906/1 993/905/1 990/838/1
f 995/817/1 994/906/1 990/838/1
f 989/818/1 995/817/1 990/838/1
f 1004/907/1 1003/908/1 990/838/1
f 1005/909/1 1004/907/1 990/838/1
f 990/838/1 1020/839/1 1005/909/1
f 1006/830/1 1005/909/1 1020/839/1
f 1021/820/1 1006/830/1 1020/839/1
f 1011/821/1 1021/820/1 1020/839/1
f 1020/839/1 1012/840/1 1011/821/1
f 1028/832/1 1011/821/1 1012/840/1
f 1029/910/1 1028/832/1 1012/840/1
f 1012/840/1 1015/878/1 1029/910/1
f 1030/911/1 1029/910/1 1015/878/1
f 1031/912/1 1030/911/1 1015/878/1
f 1032/913/1 1031/912/1 1015/878/1
f 1033/914/1 1032/913/1 1015/878/1
f 1034/915/1 1033/914/1 1015/878/1
f 1015/878/1 1068/877/1 1034/915/1
f 1035/916/1 1034/915/1 1068/877/1
f 1068/877/1 1067/917/1 1035/916/1
f 1036/918/1 1035/916/1 1067/917/1
f 1037/919/1 1036/918/1 1067/917/1
f 1038/920/1 1037/919/1 1067/917/1
f 1067/917/1 1066/921/1 1038/920/1
f 1039/922/1 1038/920/1 1066/921/1
f 1040/923/1 1039/922/1 1066/921/1
f 1066/921/1 1065/924/1 1040/923/1
f 1041/925/1 1040/923/1 1065/924/1
f 1065/924/1 1064/926/1 1041/925/1
f 1042/927/1 1041/925/1 1064/926/1
f 1064/926/1 1063/928/1 1042/927/1
f 1043/929/1 1042/927/1 1063/928/1
f 1063/928/1 1062/930/1 1043/929/1
f 1044/931/1 1043/929/1 1062/930/1
f 1045/932/1 1044/931/1 1062/930/1
f 1062/930/1 1061/933/1 1045/932/1
f 1046/934/1 1045/932/1 1061/933/1
f 1061/933/1 1060/879/1 1046/934/1
f 1060/879/1 1047/881/1 1046/934/1
f 935/935/1 933/936/1 932/937/1
f 935/935/1 932/937/1 936/938/1
f 931/939/1 930/940/1 927/941/1
f 927/941/1 937/942/1 931/939/1
f 932/937/1 931/939/1 937/942/1
f 936/938/1 932/937/1 937/942/1
f 926/943/1 939/944/1 1157/104/1
f 1127/945/1 1126/946/1 967/947/1
f 1125/948/1 967/947/1 1126/946/1
f 937/942/1 927/941/1 926/943/1
f 926/943/1 938/949/1 937/942/1
f 1051/950/1 1055/951/1 1102/952/1
f 1102/952/1 1101/953/1 1051/950/1
f 1128/954/1 966/955/1 965/956/1
f 965/956/1 1129/957/1 1128/954/1
f 1145/958/1 942/959/1 1146/960/1
f 942/959/1 941/961/1 1146/960/1
f 1127/945/1 967/947/1 966/955/1
f 966/955/1 1128/954/1 1127/945/1
f 1146/960/1 941/961/1 1147/962/1
f 941/961/1 940/963/1 1147/962/1
f 1148/964/1 1147/962/1 940/963/1
f 927/941/1 1148/964/1 940/963/1
f 926/943/1 927/941/1 940/963/1
f 939/944/1 926/943/1 940/963/1
f 938/949/1 925/965/1 924/966/1
f 937/942/1 938/949/1 924/966/1
f 1080/967/1 1079/968/1 924/966/1
f 924/966/1 923/969/1 1080/967/1
f 1081/970/1 1080/967/1 923/969/1
f 1098/971/1 1052/972/1 1099/973/1
f 1100/974/1 1099/973/1 1052/972/1
f 1101/953/1 1100/974/1 1052/972/1
f 1051/950/1 1101/953/1 1052/972/1
f 963/975/1 962/976/1 1132/977/1
f 1133/978/1 1132/977/1 962/976/1
f 962/976/1 961/979/1 1133/978/1
f 1134/980/1 1133/978/1 961/979/1
f 1142/981/1 1141/982/1 947/983/1
f 947/983/1 946/984/1 1142/981/1
f 946/984/1 945/985/1 1142/981/1
f 1143/986/1 1142/981/1 945/985/1
f 945/985/1 944/987/1 1143/986/1
f 1134/980/1 961/979/1 960/988/1
f 1135/989/1 1134/980/1 960/988/1
f 960/988/1 959/990/1 1135/989/1
f 1136/991/1 1135/989/1 959/990/1
f 959/990/1 958/992/1 1136/991/1
f 958/992/1 957/993/1 1136/991/1
f 1137/994/1 1136/991/1 957/993/1
f 957/993/1 956/995/1 1137/994/1
f 1138/996/1 1137/994/1 956/995/1
f 956/995/1 955/997/1 1138/996/1
f 955/997/1 954/998/1 1138/996/1
f 1139/999/1 1138/996/1 954/998/1
f 954/998/1 953/1000/1 1139/999/1
f 953/1000/1 952/1001/1 1139/999/1
f 952/1001/1 951/1002/1 1139/999/1
f 1140/1003/1 1139/999/1 951/1002/1
f 951/1002/1 950/1004/1 1140/1003/1
f 950/1004/1 949/1005/1 1140/1003/1
f 949/1005/1 948/1006/1 1140/1003/1
f 1141/982/1 1140/1003/1 948/1006/1
f 947/983/1 1141/982/1 948/1006/1
f 1129/957/1 965/956/1 964/1007/1
f 1130/1008/1 1129/957/1 964/1007/1
f 1131/1009/1 1130/1008/1 964/1007/1
f 964/1007/1 963/975/1 1131/1009/1
f 963/975/1 1132/977/1 1131/1009/1
f 1143/986/1 944/987/1 1144/1010/1
f 944/987/1 943/1011/1 1144/1010/1
f 1145/958/1 1144/1010/1 943/1011/1
f 942/959/1 1145/958/1 943/1011/1
f 1081/970/1 923/969/1 922/1012/1
f 1082/1013/1 1081/970/1 922/1012/1
f 922/1012/1 921/1014/1 1082/1013/1
f 1083/1015/1 1082/1013/1 921/1014/1
f 921/1014/1 920/1016/1 1083/1015/1
f 1084/1017/1 1083/1015/1 920/1016/1
f 920/1016/1 919/1018/1 1084/1017/1
f 1085/1019/1 1084/1017/1 919/1018/1
f 919/1018/1 918/1020/1 1085/1019/1
f 918/1020/1 917/1021/1 1085/1019/1
f 917/1021/1 916/1022/1 1085/1019/1
f 1086/1023/1 1085/1019/1 916/1022/1
f 916/1022/1 915/1024/1 1086/1023/1
f 915/1024/1 914/1025/1 1086/1023/1
f 1087/1026/1 1086/1023/1 914/1025/1
f 914/1025/1 913/1027/1 1087/1026/1
f 913/1027/1 912/1028/1 1087/1026/1
f 1088/1029/1 1087/1026/1 912/1028/1
f 912/1028/1 911/1030/1 1088/1029/1
f 911/1030/1 910/1031/1 1088/1029/1
f 910/1031/1 909/1032/1 1088/1029/1
f 1089/1033/1 1088/1029/1 909/1032/1
f 909/1032/1 908/1034/1 1089/1033/1
f 908/1034/1 907/1035/1 1089/1033/1
f 1090/1036/1 1089/1033/1 907/1035/1
f 907/1035/1 906/1037/1 1090/1036/1
f 906/1037/1 905/1038/1 1090/1036/1
f 905/1038/1 904/1039/1 1090/1036/1
f 1091/1040/1 1090/1036/1 904/1039/1
f 904/1039/1 903/1041/1 1091/1040/1
f 903/1041/1 902/1042/1 1091/1040/1
f 902/1042/1 901/1043/1 1091/1040/1
f 1092/1044/1 1091/1040/1 901/1043/1
f 901/1043/1 900/1045/1 1092/1044/1
f 900/1045/1 899/1046/1 1092/1044/1
f 899/1046/1 898/1047/1 1092/1044/1
f 1093/1048/1 1092/1044/1 898/1047/1
f 898/1047/1 897/1049/1 1093/1048/1
f 1094/1050/1 1093/1048/1 897/1049/1
f 897/1049/1 896/1051/1 1094/1050/1
f 1095/1052/1 1094/1050/1 896/1051/1
f 1096/1053/1 1095/1052/1 896/1051/1
f 1097/1054/1 1096/1053/1 896/1051/1
f 1098/971/1 1097/1054/1 896/1051/1
f 1052/972/1 1098/971/1 896/1051/1
f 896/1051/1 1053/1055/1 1052/972/1
f 967/947/1 1125/948/1 968/862/1
f 1124/863/1 968/862/1 1125/948/1
f 929/859/1 1150/858/1 1149/1056/1
f 1149/1056/1 1148/964/1 929/859/1
f 1148/964/1 927/941/1 929/859/1
f 928/1057/1 929/859/1 927/941/1
f 927/941/1 930/940/1 928/1057/1
f 929/859/1 928/1057/1 930/940/1
f 930/940/1 931/939/1 929/859/1
f 931/939/1 932/937/1 929/859/1
f 934/869/1 929/859/1 932/937/1
f 932/937/1 933/936/1 934/869/1
f 933/936/1 935/935/1 934/869/1
f 935/935/1 936/938/1 934/869/1
f 936/938/1 937/942/1 934/869/1
f 937/942/1 924/966/1 934/869/1
f 924/966/1 1079/968/1 934/869/1
f 1079/968/1 1078/1058/1 934/869/1
f 1078/1058/1 1077/1059/1 934/869/1
f 1014/842/1 934/869/1 1077/1059/1
f 1077/1059/1 1076/1060/1 1014/842/1
f 1075/870/1 1014/842/1 1076/1060/1
f 1049/885/1 1057/884/1 1056/1061/1
f 1050/1062/1 1049/885/1 1056/1061/1
f 1056/1061/1 1055/951/1 1050/1062/1
f 1055/951/1 1051/950/1 1050/1062/1
f 1009/826/1 1024/827/1 1153/1063/1
f 1016/836/1 990/838/1 1017/841/1
f 1019/837/1 1016/836/1 1151/845/1
f 1012/840/1 1019/837/1 1151/845/1
f 1015/878/1 1012/840/1 1152/1064/1
f 1151/845/1 1013/844/1 1152/1064/1
f 1012/840/1 1151/845/1 1152/1064/1
f 1023/824/1 1009/826/1 1153/1063/1
f 1008/825/1 1023/824/1 1153/1063/1
f 984/1065/1 983/903/1 992/852/1
f 987/1066/1 986/1067/1 992/852/1
f 986/1067/1 985/1068/1 992/852/1
f 985/1068/1 984/1065/1 992/852/1
f 1003/908/1 1002/1069/1 990/838/1
f 1000/1070/1 1154/834/1 990/838/1
f 1001/1071/1 1000/1070/1 990/838/1
f 1002/1069/1 1001/1071/1 990/838/1
f 998/816/1 988/815/1 1155/1072/1
f 1155/1072/1 999/833/1 1156/904/1
f 987/1066/1 992/852/1 1156/904/1
f 938/949/1 926/943/1 1157/104/1
f 925/965/1 938/949/1 1157/104/1
f 1054/1073/1 1053/1055/1 895/79/1
f 1053/1055/1 896/1051/1 895/79/1
f 1236/201/1 1235/202/1 1249/203/1
f 1250/204/1 1249/203/1 1235/202/1
f 1251/205/1 1250/204/1 1235/202/1
f 1244/206/1 1243/207/1 1242/208/1
f 1242/208/1 1241/209/1 1244/206/1
f 1241/209/1 1240/210/1 1244/206/1
f 1240/210/1 1239/211/1 1244/206/1
f 1245/212/1 1244/206/1 1239/211/1
f 1239/211/1 1238/213/1 1245/212/1
f 1246/214/1 1245/212/1 1238/213/1
f 1238/213/1 1237/215/1 1246/214/1
f 1247/216/1 1246/214/1 1237/215/1
f 1248/217/1 1247/216/1 1237/215/1
f 1237/215/1 1236/201/1 1248/217/1
f 1236/201/1 1249/203/1 1248/217/1
f 1254/218/1 1233/219/1 1232/220/1
f 1232/220/1 1255/221/1 1254/218/1
f 1230/222/1 1256/223/1 1231/224/1
f 1315/225/1 1192/226/1 1316/227/1
f 1255/221/1 1232/220/1 1231/224/1
f 1231/224/1 1256/223/1 1255/221/1
f 1192/226/1 1315/225/1 1193/228/1
f 1315/225/1 1314/229/1 1193/228/1
f 1194/230/1 1193/228/1 1314/229/1
f 1314/229/1 1313/231/1 1194/230/1
f 1195/232/1 1194/230/1 1313/231/1
f 1196/233/1 1195/232/1 1313/231/1
f 1313/231/1 1312/234/1 1196/233/1
f 1197/235/1 1196/233/1 1312/234/1
f 1312/234/1 1311/236/1 1197/235/1
f 1198/237/1 1197/235/1 1311/236/1
f 1199/238/1 1198/237/1 1311/236/1
f 1311/236/1 1310/239/1 1199/238/1
f 1200/240/1 1199/238/1 1310/239/1
f 1201/241/1 1200/240/1 1310/239/1
f 1310/239/1 1309/242/1 1201/241/1
f 1202/243/1 1201/241/1 1309/242/1
f 1203/244/1 1202/243/1 1309/242/1
f 1309/242/1 1308/245/1 1203/244/1
f 1204/246/1 1203/244/1 1308/245/1
f 1308/245/1 1307/247/1 1204/246/1
f 1205/248/1 1204/246/1 1307/247/1
f 1206/249/1 1205/248/1 1307/247/1
f 1307/247/1 1306/250/1 1206/249/1
f 1207/251/1 1206/249/1 1306/250/1
f 1306/250/1 1305/252/1 1207/251/1
f 1208/253/1 1207/251/1 1305/252/1
f 1209/254/1 1208/253/1 1305/252/1
f 1305/252/1 1304/255/1 1209/254/1
f 1210/256/1 1209/254/1 1304/255/1
f 1211/257/1 1210/256/1 1304/255/1
f 1304/255/1 1303/258/1 1211/257/1
f 1212/259/1 1211/257/1 1303/258/1
f 1303/258/1 1302/260/1 1212/259/1
f 1213/261/1 1212/259/1 1302/260/1
f 1302/260/1 1301/262/1 1213/261/1
f 1214/263/1 1213/261/1 1301/262/1
f 1301/262/1 1300/264/1 1214/263/1
f 1215/265/1 1214/263/1 1300/264/1
f 1300/264/1 1299/266/1 1215/265/1
f 1216/267/1 1215/265/1 1299/266/1
f 1299/266/1 1298/268/1 1216/267/1
f 1298/268/1 1217/269/1 1216/267/1
f 1251/205/1 1235/202/1 1234/270/1
f 1252/271/1 1251/205/1 1234/270/1
f 1234/270/1 1233/219/1 1252/271/1
f 1253/272/1 1252/271/1 1233/219/1
f 1233/219/1 1254/218/1 1253/272/1
f 1180/273/1 1329/274/1 1330/275/1
f 1329/274/1 1328/276/1 1330/275/1
f 1326/277/1 1325/278/1 1180/273/1
f 1180/273/1 1330/275/1 1326/277/1
f 1327/279/1 1326/277/1 1330/275/1
f 1182/280/1 1174/281/1 1173/282/1
f 1185/283/1 1181/284/1 1336/285/1
f 1182/280/1 1173/282/1 1172/286/1
f 1172/286/1 1171/287/1 1182/280/1
f 1171/287/1 1170/288/1 1182/280/1
f 1170/288/1 1169/289/1 1182/280/1
f 1177/290/1 1184/291/1 1183/292/1
f 1178/293/1 1177/290/1 1183/292/1
f 1179/294/1 1178/293/1 1183/292/1
f 1183/292/1 1182/280/1 1179/294/1
f 1181/284/1 1185/283/1 1334/295/1
f 1179/294/1 1182/280/1 1180/273/1
f 1329/274/1 1180/273/1 1182/280/1
f 1295/296/1 1296/297/1 1329/274/1
f 1297/298/1 1329/274/1 1296/297/1
f 1331/299/1 1297/298/1 1296/297/1
f 1217/269/1 1331/299/1 1219/300/1
f 1226/301/1 1225/302/1 1261/303/1
f 1261/303/1 1260/304/1 1226/301/1
f 1284/305/1 1283/306/1 1282/307/1
f 1282/307/1 1285/308/1 1284/305/1
f 1283/306/1 1284/305/1 1285/308/1
f 1287/309/1 1280/310/1 1279/311/1
f 1280/310/1 1287/309/1 1281/312/1
f 1286/313/1 1281/312/1 1287/309/1
f 1278/314/1 1289/315/1 1288/316/1
f 1278/314/1 1288/316/1 1279/311/1
f 1287/309/1 1279/311/1 1288/316/1
f 1278/314/1 1279/311/1 1283/306/1
f 1279/311/1 1280/310/1 1283/306/1
f 1280/310/1 1281/312/1 1283/306/1
f 1282/307/1 1283/306/1 1281/312/1
f 1281/312/1 1286/313/1 1282/307/1
f 1285/308/7 1282/307/7 1286/313/7
f 1283/306/3 1285/308/3 1286/313/3
f 1286/313/1 1287/309/1 1283/306/1
f 1287/309/1 1288/316/1 1283/306/1
f 1288/316/1 1289/315/1 1283/306/1
f 1276/317/1 1291/318/1 1277/319/1
f 1292/320/1 1275/321/1 1274/322/1
f 1275/321/1 1292/320/1 1276/317/1
f 1291/318/1 1276/317/1 1292/320/1
f 1270/323/1 1271/324/1 1269/325/1
f 1271/324/1 1162/326/1 1161/327/1
f 1161/327/1 1160/328/1 1271/324/1
f 1160/328/1 1159/329/1 1271/324/1
f 1159/329/1 1158/79/1 1271/324/1
f 1158/79/1 1294/330/1 1271/324/1
f 1294/330/1 1293/331/1 1271/324/1
f 1269/325/1 1271/324/1 1293/331/1
f 1162/326/1 1271/324/1 1163/332/1
f 1275/321/1 1276/317/1 1271/324/1
f 1274/322/1 1275/321/1 1271/324/1
f 1273/333/4 1274/322/4 1271/324/4
f 1272/334/1 1273/333/1 1271/324/1
f 1271/324/6 1270/323/6 1272/334/6
f 1270/323/1 1269/325/1 1272/334/1
f 1273/333/1 1272/334/1 1269/325/1
f 1274/322/1 1273/333/1 1269/325/1
f 1292/320/1 1274/322/1 1269/325/1
f 1269/325/1 1293/331/1 1332/335/1
f 1163/332/1 1271/324/1 1164/336/1
f 1165/337/1 1164/336/1 1271/324/1
f 1166/338/1 1165/337/1 1271/324/1
f 1271/324/1 1276/317/1 1283/306/1
f 1276/317/1 1277/319/1 1283/306/1
f 1278/314/1 1283/306/1 1277/319/1
f 1289/315/1 1278/314/1 1277/319/1
f 1290/339/1 1289/315/1 1277/319/1
f 1277/319/1 1291/318/1 1290/339/1
f 1182/280/1 1169/289/1 1168/340/1
f 1168/340/1 1167/341/1 1182/280/1
f 1167/341/1 1166/338/1 1182/280/1
f 1166/338/1 1271/324/1 1182/280/1
f 1271/324/1 1283/306/1 1182/280/1
f 1329/274/1 1182/280/1 1283/306/1
f 1295/296/1 1329/274/1 1283/306/1
f 1283/306/1 1289/315/1 1295/296/1
f 1289/315/1 1290/339/1 1295/296/1
f 1290/339/1 1291/318/1 1295/296/1
f 1291/318/1 1292/320/1 1295/296/1
f 1292/320/1 1268/342/1 1295/296/1
f 1219/300/1 1295/296/1 1268/342/1
f 1218/343/1 1219/300/1 1268/342/1
f 1220/344/1 1218/343/1 1268/342/1
f 1268/342/1 1267/345/1 1220/344/1
f 1221/346/1 1220/344/1 1267/345/1
f 1267/345/1 1266/347/1 1221/346/1
f 1222/348/1 1221/346/1 1266/347/1
f 1266/347/1 1265/349/1 1222/348/1
f 1223/350/1 1222/348/1 1265/349/1
f 1265/349/1 1264/351/1 1223/350/1
f 1224/352/1 1223/350/1 1264/351/1
f 1264/351/1 1263/353/1 1224/352/1
f 1225/302/1 1224/352/1 1263/353/1
f 1263/353/1 1262/354/1 1225/302/1
f 1261/303/1 1225/302/1 1262/354/1
f 1189/355/1 1188/356/1 1180/273/1
f 1190/357/1 1189/355/1 1180/273/1
f 1191/358/1 1190/357/1 1180/273/1
f 1192/226/1 1191/358/1 1180/273/1
f 1316/227/1 1192/226/1 1180/273/1
f 1317/359/1 1316/227/1 1180/273/1
f 1318/360/1 1317/359/1 1180/273/1
f 1319/361/1 1318/360/1 1180/273/1
f 1320/362/1 1319/361/1 1180/273/1
f 1321/363/1 1320/362/1 1180/273/1
f 1322/364/1 1321/363/1 1180/273/1
f 1323/365/1 1322/364/1 1180/273/1
f 1324/366/1 1323/365/1 1180/273/1
f 1180/273/1 1325/278/1 1324/366/1
f 1217/269/1 1298/268/1 1331/299/1
f 1226/301/1 1260/304/1 1227/367/1
f 1260/304/1 1259/368/1 1227/367/1
f 1228/369/1 1227/367/1 1259/368/1
f 1259/368/1 1258/370/1 1228/369/1
f 1229/371/1 1228/369/1 1258/370/1
f 1258/370/1 1257/372/1 1229/371/1
f 1230/222/1 1229/371/1 1257/372/1
f 1256/223/1 1230/222/1 1257/372/1
f 1292/320/1 1269/325/1 1332/335/1
f 1268/342/1 1292/320/1 1332/335/1
f 1218/343/4 1220/344/4 1333/373/4
f 1219/300/1 1218/343/1 1333/373/1
f 1217/269/1 1219/300/1 1333/373/1
f 1174/281/1 1182/280/1 1175/374/1
f 1176/375/1 1175/374/1 1182/280/1
f 1188/356/1 1187/376/1 1180/273/1
f 1186/377/1 1334/295/1 1180/273/1
f 1187/376/1 1186/377/1 1180/273/1
f 1184/291/1 1177/290/1 1335/378/1
f 1335/378/1 1185/283/1 1336/285/1
f 1176/375/1 1182/280/1 1336/285/1
f 1328/276/1 1329/274/1 1297/298/1
f 1338/104/1 1337/379/1 1328/276/1
f 1330/275/1 1328/276/1 1337/379/1
f 1327/279/1 1330/275/1 1337/379/1
f 1331/299/1 1298/268/1 1338/104/1
f 1297/298/1 1331/299/1 1338/104/1
f 1328/276/1 1297/298/1 1338/104/1
f 1296/297/1 1295/296/1 1331/299/1
f 1295/296/1 1219/300/1 1331/299/1
f 1340/343/1 1339/79/1 1342/104/1
f 1342/104/1 1341/314/1 1340/343/1
f 1348/370/1 1347/213/1 1349/314/1
f 1350/268/1 1349/314/1 1347/213/1
f 1347/213/1 1344/293/1 1350/268/1
f 1352/104/1 1351/360/1 1343/79/1
f 1344/293/1 1347/213/1 1346/343/1
f 1346/343/1 1345/237/1 1344/293/1
f 1350/268/1 1344/293/1 1343/79/1
f 1343/79/1 1351/360/1 1350/268/1
f 1355/314/1 1354/343/1 1353/79/1
f 1353/79/1 1356/104/1 1355/314/1
f 1389/1074/1 1388/1075/1 1443/1076/1
f 1443/1076/1 1442/754/1 1389/1074/1
f 1390/1077/1 1389/1074/1 1442/754/1
f 1442/754/1 1441/1078/1 1390/1077/1
f 1391/1079/1 1390/1077/1 1441/1078/1
f 1441/1078/1 1440/1080/1 1391/1079/1
f 1392/739/1 1391/1079/1 1440/1080/1
f 1393/1081/1 1392/739/1 1440/1080/1
f 1440/1080/1 1439/1082/1 1393/1081/1
f 1394/1083/1 1393/1081/1 1439/1082/1
f 1439/1082/1 1438/1084/1 1394/1083/1
f 1395/222/1 1394/1083/1 1438/1084/1
f 1438/1084/1 1437/772/1 1395/222/1
f 1396/1085/1 1395/222/1 1437/772/1
f 1450/1086/1 1449/1087/1 1382/730/1
f 1402/722/1 1431/1088/1 1430/1089/1
f 1380/1090/1 1451/1091/1 1381/1092/1
f 1403/1093/1 1429/1094/1 1404/1095/1
f 1450/1086/1 1382/730/1 1381/1092/1
f 1381/1092/1 1451/1091/1 1450/1086/1
f 1429/1094/1 1403/1093/1 1430/1089/1
f 1402/722/1 1430/1089/1 1403/1093/1
f 1382/730/1 1449/1087/1 1383/1096/1
f 1448/1097/1 1383/1096/1 1449/1087/1
f 1401/1098/1 1432/769/1 1431/1088/1
f 1431/1088/1 1402/722/1 1401/1098/1
f 1383/1096/1 1448/1097/1 1384/1099/1
f 1448/1097/1 1447/758/1 1384/1099/1
f 1385/1100/1 1384/1099/1 1447/758/1
f 1447/758/1 1446/1101/1 1385/1100/1
f 1386/1102/1 1385/1100/1 1446/1101/1
f 1446/1101/1 1445/1103/1 1386/1102/1
f 1387/735/1 1386/1102/1 1445/1103/1
f 1445/1103/1 1444/1104/1 1387/735/1
f 1388/1075/1 1387/735/1 1444/1104/1
f 1443/1076/1 1388/1075/1 1444/1104/1
f 1396/1085/1 1437/772/1 1436/1105/1
f 1397/720/1 1396/1085/1 1436/1105/1
f 1436/1105/1 1435/1106/1 1397/720/1
f 1398/1107/1 1397/720/1 1435/1106/1
f 1435/1106/1 1434/1108/1 1398/1107/1
f 1399/1109/1 1398/1107/1 1434/1108/1
f 1434/1108/1 1433/260/1 1399/1109/1
f 1400/1110/1 1399/1109/1 1433/260/1
f 1433/260/1 1432/769/1 1400/1110/1
f 1432/769/1 1401/1098/1 1400/1110/1
f 1407/740/1 1406/1111/1 1378/1112/1
f 1425/1113/1 1358/1114/1 1426/1115/1
f 1378/1112/1 1406/1111/1 1379/1116/1
f 1405/1117/1 1379/1116/1 1406/1111/1
f 1357/79/1 1427/762/1 1426/1115/1
f 1426/1115/1 1358/1114/1 1357/79/1
f 1407/740/1 1378/1112/1 1377/724/1
f 1377/724/1 1408/1118/1 1407/740/1
f 1424/1119/1 1359/1120/1 1425/1113/1
f 1358/1114/1 1425/1113/1 1359/1120/1
f 1372/748/1 1371/1121/1 1413/1122/1
f 1414/347/1 1413/1122/1 1371/1121/1
f 1371/1121/1 1370/1123/1 1414/347/1
f 1415/1124/1 1414/347/1 1370/1123/1
f 1370/1123/1 1369/1125/1 1415/1124/1
f 1416/1126/1 1415/1124/1 1369/1125/1
f 1369/1125/1 1368/1127/1 1416/1126/1
f 1368/1127/1 1367/761/1 1416/1126/1
f 1417/727/1 1416/1126/1 1367/761/1
f 1367/761/1 1366/1128/1 1417/727/1
f 1418/1129/1 1417/727/1 1366/1128/1
f 1366/1128/1 1365/1130/1 1418/1129/1
f 1419/1131/1 1418/1129/1 1365/1130/1
f 1365/1130/1 1364/1132/1 1419/1131/1
f 1408/1118/1 1377/724/1 1376/230/1
f 1409/1133/1 1408/1118/1 1376/230/1
f 1376/230/1 1375/1134/1 1409/1133/1
f 1410/1135/1 1409/1133/1 1375/1134/1
f 1375/1134/1 1374/1136/1 1410/1135/1
f 1411/1137/1 1410/1135/1 1374/1136/1
f 1374/1136/1 1373/1138/1 1411/1137/1
f 1412/734/1 1411/1137/1 1373/1138/1
f 1373/1138/1 1372/748/1 1412/734/1
f 1372/748/1 1413/1122/1 1412/734/1
f 1419/1131/1 1364/1132/1 1420/1139/1
f 1364/1132/1 1363/1140/1 1420/1139/1
f 1421/1141/1 1420/1139/1 1363/1140/1
f 1363/1140/1 1362/767/1 1421/1141/1
f 1422/746/1 1421/1141/1 1362/767/1
f 1362/767/1 1361/1142/1 1422/746/1
f 1423/1143/1 1422/746/1 1361/1142/1
f 1361/1142/1 1360/1144/1 1423/1143/1
f 1424/1119/1 1423/1143/1 1360/1144/1
f 1359/1120/1 1424/1119/1 1360/1144/1
f 1379/1116/1 1405/1117/1 1380/1090/1
f 1405/1117/1 1452/104/1 1380/1090/1
f 1451/1091/1 1380/1090/1 1452/104/1
f 1404/1095/1 1429/1094/1 1428/1145/1
f 1428/1145/1 1427/762/1 1404/1095/1
f 1427/762/1 1357/79/1 1404/1095/1
f 1458/370/1 1457/213/1 1459/314/1
f 1460/268/1 1459/314/1 1457/213/1
f 1457/213/1 1454/293/1 1460/268/1
f 1462/104/1 1461/360/1 1453/79/1
f 1454/293/1 1457/213/1 1456/343/1
f 1456/343/1 1455/237/1 1454/293/1
f 1460/268/1 1454/293/1 1453/79/1
f 1453/79/1 1461/360/1 1460/268/1
f 1496/1146/1 1495/1147/1 1483/1148/1
f 1484/557/1 1483/1148/1 1495/1147/1
f 1495/1147/1 1494/1149/1 1484/557/1
f 1494/1149/1 1493/1150/1 1484/557/1
f 1485/1151/1 1484/557/1 1493/1150/1
f 1493/1150/1 1492/1152/1 1485/1151/1
f 1492/1152/1 1491/536/1 1485/1151/1
f 1486/1153/1 1485/1151/1 1491/536/1
f 1491/536/1 1490/1154/1 1486/1153/1
f 1490/1154/1 1489/1155/1 1486/1153/1
f 1487/1156/1 1486/1153/1 1489/1155/1
f 1489/1155/1 1488/1157/1 1487/1156/1
f 1509/1158/1 1508/1159/1 1476/1160/1
f 1474/1161/1 1512/539/1 1475/1162/1
f 1512/539/1 1511/1163/1 1475/1162/1
f 1510/1164/1 1475/1162/1 1511/1163/1
f 1475/1162/1 1510/1164/1 1476/1160/1
f 1509/1158/1 1476/1160/1 1510/1164/1
f 1476/1160/1 1508/1159/1 1477/495/1
f 1508/1159/1 1507/1165/1 1477/495/1
f 1507/1165/1 1506/1166/1 1477/495/1
f 1477/495/1 1506/1166/1 1478/1167/1
f 1506/1166/1 1505/453/1 1478/1167/1
f 1479/1168/1 1478/1167/1 1505/453/1
f 1505/453/1 1504/1169/1 1479/1168/1
f 1504/1169/1 1503/1170/1 1479/1168/1
f 1480/1171/1 1479/1168/1 1503/1170/1
f 1503/1170/1 1502/1172/1 1480/1171/1
f 1502/1172/1 1501/1173/1 1480/1171/1
f 1481/1174/1 1480/1171/1 1501/1173/1
f 1501/1173/1 1500/1175/1 1481/1174/1
f 1500/1175/1 1499/1176/1 1481/1174/1
f 1482/1177/1 1481/1174/1 1499/1176/1
f 1499/1176/1 1498/452/1 1482/1177/1
f 1498/452/1 1497/1178/1 1482/1177/1
f 1483/1148/1 1482/1177/1 1497/1178/1
f 1496/1146/1 1483/1148/1 1497/1178/1
f 1515/1179/1 1514/1180/1 1473/1181/1
f 1516/1182/1 1515/1179/1 1473/1181/1
f 1516/1182/1 1473/1181/1 1472/1183/1
f 1517/1184/1 1516/1182/1 1472/1183/1
f 1518/1185/1 1517/1184/1 1472/1183/1
f 1472/1183/1 1471/1186/1 1518/1185/1
f 1519/567/1 1518/1185/1 1471/1186/1
f 1520/1187/1 1519/567/1 1471/1186/1
f 1466/1188/1 1465/1189/1 1529/1190/1
f 1530/1191/1 1529/1190/1 1465/1189/1
f 1531/1192/1 1530/1191/1 1465/1189/1
f 1465/1189/1 1464/1193/1 1531/1192/1
f 1532/1194/1 1531/1192/1 1464/1193/1
f 1533/524/1 1532/1194/1 1464/1193/1
f 1464/1193/1 1463/79/1 1533/524/1
f 1534/1195/1 1533/524/1 1463/79/1
f 1535/1196/1 1534/1195/1 1463/79/1
f 1463/79/1 1540/104/1 1535/1196/1
f 1536/1197/1 1535/1196/1 1540/104/1
f 1537/1198/1 1536/1197/1 1540/104/1
f 1540/104/1 1539/1199/1 1537/1198/1
f 1538/1200/1 1537/1198/1 1539/1199/1
f 1520/1187/1 1471/1186/1 1470/513/1
f 1521/1201/1 1520/1187/1 1470/513/1
f 1522/1202/1 1521/1201/1 1470/513/1
f 1470/513/1 1469/1203/1 1522/1202/1
f 1523/1204/1 1522/1202/1 1469/1203/1
f 1524/1205/1 1523/1204/1 1469/1203/1
f 1469/1203/1 1468/1206/1 1524/1205/1
f 1525/1207/1 1524/1205/1 1468/1206/1
f 1526/498/1 1525/1207/1 1468/1206/1
f 1468/1206/1 1467/1208/1 1526/498/1
f 1527/1209/1 1526/498/1 1467/1208/1
f 1467/1208/1 1466/1188/1 1527/1209/1
f 1528/1210/1 1527/1209/1 1466/1188/1
f 1466/1188/1 1529/1190/1 1528/1210/1
f 1473/1181/1 1514/1180/1 1474/1161/1
f 1514/1180/1 1513/1211/1 1474/1161/1
f 1512/539/1 1474/1161/1 1513/1211/1
f 1589/1/9 1590/3/9 1591/2/9
f 1560/4/9 1589/1/9 1559/5/9
f 1561/6/9 1589/1/9 1560/4/9
f 1562/7/9 1589/1/9 1561/6/9
f 1589/1/9 1562/7/9 1590/3/9
f 1563/8/9 1590/3/9 1562/7/9
f 1564/9/9 1590/3/9 1563/8/9
f 1590/3/9 1564/9/9 1637/10/9
f 1565/11/9 1637/10/9 1564/9/9
f 1566/12/9 1637/10/9 1565/11/9
f 1567/13/9 1637/10/9 1566/12/9
f 1638/14/9 1634/16/9 1635/15/9
f 1633/17/9 1638/14/9 1632/18/9
f 1626/19/9 1627/21/9 1576/20/9
f 1599/22/9 1553/24/9 1598/23/9
f 1628/25/9 1575/26/9 1627/21/9
f 1627/21/9 1575/26/9 1576/20/9
f 1553/24/9 1554/27/9 1598/23/9
f 1598/23/9 1554/27/9 1597/28/9
f 1629/29/9 1574/30/9 1628/25/9
f 1628/25/9 1574/30/9 1575/26/9
f 1554/27/9 1555/31/9 1597/28/9
f 1597/28/9 1555/31/9 1596/32/9
f 1556/33/9 1596/32/9 1555/31/9
f 1596/32/9 1556/33/9 1595/34/9
f 1557/35/9 1595/34/9 1556/33/9
f 1595/34/9 1557/35/9 1594/36/9
f 1558/37/9 1594/36/9 1557/35/9
f 1559/5/9 1594/36/9 1558/37/9
f 1594/36/9 1559/5/9 1593/38/9
f 1589/1/9 1593/38/9 1559/5/9
f 1593/38/9 1589/1/9 1592/39/9
f 1589/1/9 1640/40/9 1592/39/9
f 1635/15/9 1636/41/9 1638/14/9
f 1567/13/9 1638/14/9 1637/10/9
f 1568/42/9 1638/14/9 1567/13/9
f 1569/43/9 1638/14/9 1568/42/9
f 1570/44/9 1638/14/9 1569/43/9
f 1571/45/9 1638/14/9 1570/44/9
f 1638/14/9 1571/45/9 1632/18/9
f 1632/18/9 1571/45/9 1631/46/9
f 1572/47/9 1631/46/9 1571/45/9
f 1631/46/9 1572/47/9 1630/48/9
f 1573/49/9 1630/48/9 1572/47/9
f 1630/48/9 1573/49/9 1629/29/9
f 1629/29/9 1573/49/9 1574/30/9
f 1551/50/9 1600/52/9 1601/51/9
f 1601/51/9 1550/53/9 1551/50/9
f 1550/53/9 1601/51/9 1602/54/9
f 1625/55/9 1577/57/9 1624/56/9
f 1619/58/9 1639/60/9 1618/59/9
f 1549/61/9 1603/63/9 1548/62/9
f 1604/64/9 1548/62/9 1603/63/9
f 1639/60/9 1616/66/9 1617/65/9
f 1602/54/9 1549/61/9 1550/53/9
f 1549/61/9 1602/54/9 1603/63/9
f 1619/58/9 1620/67/9 1639/60/9
f 1624/56/9 1578/69/9 1623/68/9
f 1577/57/9 1578/69/9 1624/56/9
f 1588/70/9 1613/72/9 1587/71/9
f 1607/73/9 1543/75/9 1544/74/9
f 1608/76/9 1543/75/9 1607/73/9
f 1543/75/9 1608/76/9 1542/77/9
f 1609/78/9 1542/77/9 1608/76/9
f 1542/77/9 1609/78/9 1541/79/9
f 1610/80/9 1541/79/9 1609/78/9
f 1541/79/9 1610/80/9 1614/81/9
f 1611/82/9 1614/81/9 1610/80/9
f 1614/81/9 1611/82/9 1612/83/9
f 1604/64/9 1547/84/9 1548/62/9
f 1605/85/9 1547/84/9 1604/64/9
f 1547/84/9 1605/85/9 1546/86/9
f 1546/86/9 1605/85/9 1545/87/9
f 1606/88/9 1545/87/9 1605/85/9
f 1545/87/9 1606/88/9 1544/74/9
f 1544/74/9 1606/88/9 1607/73/9
f 1587/71/9 1615/90/9 1586/89/9
f 1586/89/9 1615/90/9 1585/91/9
f 1615/90/9 1639/60/9 1585/91/9
f 1585/91/9 1639/60/9 1584/92/9
f 1584/92/9 1639/60/9 1583/93/9
f 1583/93/9 1639/60/9 1582/94/9
f 1620/67/9 1582/94/9 1639/60/9
f 1582/94/9 1620/67/9 1581/95/9
f 1621/96/9 1581/95/9 1620/67/9
f 1581/95/9 1621/96/9 1580/97/9
f 1622/98/9 1580/97/9 1621/96/9
f 1580/97/9 1622/98/9 1579/99/9
f 1623/68/9 1579/99/9 1622/98/9
f 1578/69/9 1579/99/9 1623/68/9
f 1551/50/9 1552/100/9 1600/52/9
f 1553/24/9 1600/52/9 1552/100/9
f 1599/22/9 1600/52/9 1553/24/9
f 1590/3/9 1615/90/9 1591/2/9
f 1637/10/9 1615/90/9 1590/3/9
f 1636/41/9 1615/90/9 1637/10/9
f 1635/15/9 1615/90/9 1636/41/9
f 1576/20/9 1625/55/9 1626/19/9
f 1625/55/9 1576/20/9 1577/57/9
f 1612/83/9 1642/101/9 1614/81/9
f 1591/2/9 1640/40/9 1589/1/9
f 1613/72/9 1641/102/9 1587/71/9
f 1615/90/9 1640/40/9 1591/2/9
f 1640/40/9 1615/90/9 1641/102/9
f 1587/71/9 1641/102/9 1615/90/9
f 1613/72/9 1642/101/9 1641/102/9
f 1641/102/9 1642/101/9 1612/83/9
f 1588/70/9 1642/101/9 1613/72/9
f 1634/16/9 1615/90/9 1635/15/9
f 1634/16/9 1643/103/9 1617/65/9
f 1616/66/9 1634/16/9 1617/65/9
f 1615/90/9 1634/16/9 1616/66/9
f 1637/10/9 1638/14/9 1636/41/9
f 1638/14/9 1643/103/9 1634/16/9
f 1633/17/9 1643/103/9 1638/14/9
f 1639/60/9 1644/104/9 1618/59/9
f 1617/65/9 1644/104/9 1639/60/9
f 1644/104/9 1617/65/9 1643/103/9
f 1616/66/9 1639/60/9 1615/90/9
f 1716/105/9 1670/107/9 1715/106/9
f 1670/107/9 1716/105/9 1669/108/9
f 1717/109/9 1669/108/9 1716/105/9
f 1669/108/9 1717/109/9 1668/110/9
f 1718/111/9 1668/110/9 1717/109/9
f 1668/110/9 1718/111/9 1667/112/9
f 1719/113/9 1667/112/9 1718/111/9
f 1667/112/9 1719/113/9 1666/114/9
f 1656/115/9 1657/117/9 1729/116/9
f 1705/118/9 1706/120/9 1679/119/9
f 1679/119/9 1706/120/9 1678/121/9
f 1658/122/9 1728/123/9 1657/117/9
f 1657/117/9 1728/123/9 1729/116/9
f 1706/120/9 1707/124/9 1678/121/9
f 1678/121/9 1707/124/9 1677/125/9
f 1659/126/9 1727/127/9 1658/122/9
f 1658/122/9 1727/127/9 1728/123/9
f 1707/124/9 1708/128/9 1677/125/9
f 1677/125/9 1708/128/9 1676/129/9
f 1709/130/9 1676/129/9 1708/128/9
f 1676/129/9 1709/130/9 1675/131/9
f 1710/132/9 1675/131/9 1709/130/9
f 1675/131/9 1710/132/9 1674/133/9
f 1711/134/9 1674/133/9 1710/132/9
f 1674/133/9 1711/134/9 1673/135/9
f 1712/136/9 1673/135/9 1711/134/9
f 1673/135/9 1712/136/9 1672/137/9
f 1713/138/9 1672/137/9 1712/136/9
f 1714/139/9 1672/137/9 1713/138/9
f 1672/137/9 1714/139/9 1671/140/9
f 1715/106/9 1671/140/9 1714/139/9
f 1670/107/9 1671/140/9 1715/106/9
f 1719/113/9 1665/141/9 1666/114/9
f 1720/142/9 1665/141/9 1719/113/9
f 1665/141/9 1720/142/9 1664/143/9
f 1721/144/9 1664/143/9 1720/142/9
f 1722/145/9 1664/143/9 1721/144/9
f 1664/143/9 1722/145/9 1663/146/9
f 1723/147/9 1663/146/9 1722/145/9
f 1663/146/9 1723/147/9 1662/148/9
f 1724/149/9 1662/148/9 1723/147/9
f 1662/148/9 1724/149/9 1661/150/9
f 1725/151/9 1661/150/9 1724/149/9
f 1661/150/9 1725/151/9 1660/152/9
f 1726/153/9 1660/152/9 1725/151/9
f 1660/152/9 1726/153/9 1659/126/9
f 1659/126/9 1726/153/9 1727/127/9
f 1654/154/9 1655/156/9 1731/155/9
f 1730/157/9 1731/155/9 1655/156/9
f 1680/158/9 1703/160/9 1704/159/9
f 1703/160/9 1680/158/9 1681/161/9
f 1653/162/9 1654/154/9 1732/163/9
f 1731/155/9 1732/163/9 1654/154/9
f 1681/161/9 1702/164/9 1703/160/9
f 1682/165/9 1702/164/9 1681/161/9
f 1702/164/9 1682/165/9 1701/166/9
f 1701/166/9 1682/165/9 1683/167/9
f 1653/162/9 1734/169/9 1652/168/9
f 1734/169/9 1653/162/9 1733/170/9
f 1732/163/9 1733/170/9 1653/162/9
f 1694/171/9 1690/173/9 1693/172/9
f 1691/174/9 1693/172/9 1690/173/9
f 1693/172/9 1691/174/9 1692/175/9
f 1697/176/9 1687/178/9 1696/177/9
f 1688/179/9 1696/177/9 1687/178/9
f 1696/177/9 1688/179/9 1695/180/9
f 1695/180/9 1688/179/9 1694/171/9
f 1689/181/9 1694/171/9 1688/179/9
f 1694/171/9 1689/181/9 1690/173/9
f 1742/104/9 1645/79/9 1741/182/9
f 1646/183/9 1741/182/9 1645/79/9
f 1647/184/9 1741/182/9 1646/183/9
f 1741/182/9 1647/184/9 1740/185/9
f 1683/167/9 1700/186/9 1701/166/9
f 1684/187/9 1700/186/9 1683/167/9
f 1700/186/9 1684/187/9 1699/188/9
f 1685/189/9 1699/188/9 1684/187/9
f 1699/188/9 1685/189/9 1698/190/9
f 1686/191/9 1698/190/9 1685/189/9
f 1698/190/9 1686/191/9 1697/176/9
f 1697/176/9 1686/191/9 1687/178/9
f 1647/184/9 1648/192/9 1740/185/9
f 1740/185/9 1648/192/9 1739/193/9
f 1649/194/9 1739/193/9 1648/192/9
f 1739/193/9 1649/194/9 1738/195/9
f 1650/196/9 1738/195/9 1649/194/9
f 1738/195/9 1650/196/9 1737/197/9
f 1737/197/9 1650/196/9 1736/198/9
f 1651/199/9 1736/198/9 1650/196/9
f 1736/198/9 1651/199/9 1735/200/9
f 1652/168/9 1735/200/9 1651/199/9
f 1734/169/9 1735/200/9 1652/168/9
f 1704/159/9 1705/118/9 1680/158/9
f 1679/119/9 1680/158/9 1705/118/9
f 1655/156/9 1656/115/9 1730/157/9
f 1729/116/9 1730/157/9 1656/115/9
f 1821/201/9 1834/203/9 1820/202/9
f 1835/204/9 1820/202/9 1834/203/9
f 1836/205/9 1820/202/9 1835/204/9
f 1829/206/9 1827/208/9 1828/207/9
f 1827/208/9 1829/206/9 1826/209/9
f 1826/209/9 1829/206/9 1825/210/9
f 1825/210/9 1829/206/9 1824/211/9
f 1830/212/9 1824/211/9 1829/206/9
f 1824/211/9 1830/212/9 1823/213/9
f 1831/214/9 1823/213/9 1830/212/9
f 1823/213/9 1831/214/9 1822/215/9
f 1832/216/9 1822/215/9 1831/214/9
f 1833/217/9 1822/215/9 1832/216/9
f 1822/215/9 1833/217/9 1821/201/9
f 1821/201/9 1833/217/9 1834/203/9
f 1839/218/9 1817/220/9 1818/219/9
f 1817/220/9 1839/218/9 1840/221/9
f 1815/222/9 1816/224/9 1841/223/9
f 1900/225/9 1901/227/9 1777/226/9
f 1840/221/9 1816/224/9 1817/220/9
f 1816/224/9 1840/221/9 1841/223/9
f 1777/226/9 1778/228/9 1900/225/9
f 1900/225/9 1778/228/9 1899/229/9
f 1779/230/9 1899/229/9 1778/228/9
f 1899/229/9 1779/230/9 1898/231/9
f 1780/232/9 1898/231/9 1779/230/9
f 1781/233/9 1898/231/9 1780/232/9
f 1898/231/9 1781/233/9 1897/234/9
f 1782/235/9 1897/234/9 1781/233/9
f 1897/234/9 1782/235/9 1896/236/9
f 1783/237/9 1896/236/9 1782/235/9
f 1784/238/9 1896/236/9 1783/237/9
f 1896/236/9 1784/238/9 1895/239/9
f 1785/240/9 1895/239/9 1784/238/9
f 1786/241/9 1895/239/9 1785/240/9
f 1895/239/9 1786/241/9 1894/242/9
f 1787/243/9 1894/242/9 1786/241/9
f 1788/244/9 1894/242/9 1787/243/9
f 1894/242/9 1788/244/9 1893/245/9
f 1789/246/9 1893/245/9 1788/244/9
f 1893/245/9 1789/246/9 1892/247/9
f 1790/248/9 1892/247/9 1789/246/9
f 1791/249/9 1892/247/9 1790/248/9
f 1892/247/9 1791/249/9 1891/250/9
f 1792/251/9 1891/250/9 1791/249/9
f 1891/250/9 1792/251/9 1890/252/9
f 1793/253/9 1890/252/9 1792/251/9
f 1794/254/9 1890/252/9 1793/253/9
f 1890/252/9 1794/254/9 1889/255/9
f 1795/256/9 1889/255/9 1794/254/9
f 1796/257/9 1889/255/9 1795/256/9
f 1889/255/9 1796/257/9 1888/258/9
f 1797/259/9 1888/258/9 1796/257/9
f 1888/258/9 1797/259/9 1887/260/9
f 1798/261/9 1887/260/9 1797/259/9
f 1887/260/9 1798/261/9 1886/262/9
f 1799/263/9 1886/262/9 1798/261/9
f 1886/262/9 1799/263/9 1885/264/9
f 1800/265/9 1885/264/9 1799/263/9
f 1885/264/9 1800/265/9 1884/266/9
f 1801/267/9 1884/266/9 1800/265/9
f 1884/266/9 1801/267/9 1883/268/9
f 1883/268/9 1801/267/9 1802/269/9
f 1836/205/9 1819/270/9 1820/202/9
f 1837/271/9 1819/270/9 1836/205/9
f 1819/270/9 1837/271/9 1818/219/9
f 1838/272/9 1818/219/9 1837/271/9
f 1818/219/9 1838/272/9 1839/218/9
f 1765/273/9 1915/275/9 1914/274/9
f 1914/274/9 1915/275/9 1913/276/9
f 1911/277/9 1765/273/9 1910/278/9
f 1765/273/9 1911/277/9 1915/275/9
f 1912/279/9 1915/275/9 1911/277/9
f 1767/280/9 1758/282/9 1759/281/9
f 1770/283/9 1921/285/9 1766/284/9
f 1767/280/9 1757/286/9 1758/282/9
f 1757/286/9 1767/280/9 1756/287/9
f 1756/287/9 1767/280/9 1755/288/9
f 1755/288/9 1767/280/9 1754/289/9
f 1762/290/9 1768/292/9 1769/291/9
f 1763/293/9 1768/292/9 1762/290/9
f 1764/294/9 1768/292/9 1763/293/9
f 1768/292/9 1764/294/9 1767/280/9
f 1766/284/9 1919/295/9 1770/283/9
f 1764/294/9 1765/273/9 1767/280/9
f 1914/274/9 1767/280/9 1765/273/9
f 1880/296/9 1914/274/9 1881/297/9
f 1882/298/9 1881/297/9 1914/274/9
f 1916/299/9 1881/297/9 1882/298/9
f 1802/269/9 1804/300/9 1916/299/9
f 1811/301/9 1846/303/9 1810/302/9
f 1846/303/9 1811/301/9 1845/304/9
f 1869/305/10 1867/307/10 1868/306/10
f 1867/307/9 1869/305/9 1870/308/9
f 1868/306/9 1870/308/9 1869/305/9
f 1872/309/9 1864/311/9 1865/310/9
f 1865/310/9 1866/312/9 1872/309/9
f 1871/313/9 1872/309/9 1866/312/9
f 1863/314/9 1873/316/9 1874/315/9
f 1863/314/9 1864/311/9 1873/316/9
f 1872/309/9 1873/316/9 1864/311/9
f 1863/314/9 1868/306/9 1864/311/9
f 1864/311/9 1868/306/9 1865/310/9
f 1865/310/9 1868/306/9 1866/312/9
f 1867/307/9 1866/312/9 1868/306/9
f 1866/312/9 1867/307/9 1871/313/9
f 1870/308/9 1871/313/9 1867/307/9
f 1868/306/11 1871/313/11 1870/308/11
f 1871/313/9 1868/306/9 1872/309/9
f 1872/309/12 1868/306/12 1873/316/12
f 1873/316/9 1868/306/9 1874/315/9
f 1861/317/9 1862/319/9 1876/318/9
f 1877/320/9 1859/322/9 1860/321/9
f 1860/321/9 1861/317/9 1877/320/9
f 1876/318/9 1877/320/9 1861/317/9
f 1855/323/9 1854/325/9 1856/324/9
f 1856/324/9 1746/327/9 1747/326/9
f 1746/327/9 1856/324/9 1745/328/9
f 1745/328/9 1856/324/9 1744/329/9
f 1744/329/9 1856/324/9 1743/79/9
f 1743/79/9 1856/324/9 1879/330/9
f 1879/330/9 1856/324/9 1878/331/9
f 1854/325/9 1878/331/9 1856/324/9
f 1747/326/9 1748/332/9 1856/324/9
f 1860/321/9 1856/324/9 1861/317/9
f 1859/322/9 1856/324/9 1860/321/9
f 1858/333/9 1856/324/9 1859/322/9
f 1857/334/13 1856/324/13 1858/333/13
f 1856/324/14 1857/334/14 1855/323/14
f 1855/323/9 1857/334/9 1854/325/9
f 1858/333/15 1854/325/15 1857/334/15
f 1859/322/9 1854/325/9 1858/333/9
f 1877/320/9 1854/325/9 1859/322/9
f 1854/325/9 1917/335/9 1878/331/9
f 1748/332/9 1749/336/9 1856/324/9
f 1750/337/9 1856/324/9 1749/336/9
f 1751/338/9 1856/324/9 1750/337/9
f 1856/324/9 1868/306/9 1861/317/9
f 1861/317/9 1868/306/9 1862/319/9
f 1863/314/9 1862/319/9 1868/306/9
f 1874/315/9 1862/319/9 1863/314/9
f 1875/339/9 1862/319/9 1874/315/9
f 1862/319/9 1875/339/9 1876/318/9
f 1767/280/9 1753/340/9 1754/289/9
f 1753/340/9 1767/280/9 1752/341/9
f 1752/341/9 1767/280/9 1751/338/9
f 1751/338/9 1767/280/9 1856/324/9
f 1856/324/9 1767/280/9 1868/306/9
f 1914/274/9 1868/306/9 1767/280/9
f 1880/296/9 1868/306/9 1914/274/9
f 1868/306/9 1880/296/9 1874/315/9
f 1874/315/9 1880/296/9 1875/339/9
f 1875/339/9 1880/296/9 1876/318/9
f 1876/318/9 1880/296/9 1877/320/9
f 1877/320/9 1880/296/9 1853/342/9
f 1804/300/9 1853/342/9 1880/296/9
f 1803/343/9 1853/342/9 1804/300/9
f 1805/344/9 1853/342/9 1803/343/9
f 1853/342/9 1805/344/9 1852/345/9
f 1806/346/9 1852/345/9 1805/344/9
f 1852/345/9 1806/346/9 1851/347/9
f 1807/348/9 1851/347/9 1806/346/9
f 1851/347/9 1807/348/9 1850/349/9
f 1808/350/9 1850/349/9 1807/348/9
f 1850/349/9 1808/350/9 1849/351/9
f 1809/352/9 1849/351/9 1808/350/9
f 1849/351/9 1809/352/9 1848/353/9
f 1810/302/9 1848/353/9 1809/352/9
f 1848/353/9 1810/302/9 1847/354/9
f 1846/303/9 1847/354/9 1810/302/9
f 1774/355/9 1765/273/9 1773/356/9
f 1775/357/9 1765/273/9 1774/355/9
f 1776/358/9 1765/273/9 1775/357/9
f 1777/226/9 1765/273/9 1776/358/9
f 1901/227/9 1765/273/9 1777/226/9
f 1902/359/9 1765/273/9 1901/227/9
f 1903/360/9 1765/273/9 1902/359/9
f 1904/361/9 1765/273/9 1903/360/9
f 1905/362/9 1765/273/9 1904/361/9
f 1906/363/9 1765/273/9 1905/362/9
f 1907/364/9 1765/273/9 1906/363/9
f 1908/365/9 1765/273/9 1907/364/9
f 1909/366/9 1765/273/9 1908/365/9
f 1765/273/9 1909/366/9 1910/278/9
f 1802/269/9 1916/299/9 1883/268/9
f 1811/301/9 1812/367/9 1845/304/9
f 1845/304/9 1812/367/9 1844/368/9
f 1813/369/9 1844/368/9 1812/367/9
f 1844/368/9 1813/369/9 1843/370/9
f 1814/371/9 1843/370/9 1813/369/9
f 1843/370/9 1814/371/9 1842/372/9
f 1815/222/9 1842/372/9 1814/371/9
f 1841/223/9 1842/372/9 1815/222/9
f 1877/320/9 1917/335/9 1854/325/9
f 1853/342/9 1917/335/9 1877/320/9
f 1803/343/9 1918/373/9 1805/344/9
f 1804/300/9 1918/373/9 1803/343/9
f 1802/269/9 1918/373/9 1804/300/9
f 1759/281/9 1760/374/9 1767/280/9
f 1761/375/9 1767/280/9 1760/374/9
f 1773/356/9 1765/273/9 1772/376/9
f 1771/377/9 1765/273/9 1919/295/9
f 1772/376/9 1765/273/9 1771/377/9
f 1769/291/9 1920/378/9 1762/290/9
f 1920/378/9 1921/285/9 1770/283/9
f 1761/375/9 1921/285/9 1767/280/9
f 1913/276/9 1882/298/9 1914/274/9
f 1923/104/9 1913/276/9 1922/379/9
f 1915/275/9 1922/379/9 1913/276/9
f 1912/279/9 1922/379/9 1915/275/9
f 1916/299/9 1923/104/9 1883/268/9
f 1882/298/9 1923/104/9 1916/299/9
f 1913/276/9 1923/104/9 1882/298/9
f 1881/297/9 1916/299/9 1880/296/9
f 1880/296/9 1916/299/9 1804/300/9
f 1925/380/9 1961/381/9 1924/79/9
f 1964/382/9 2001/383/9 1961/381/9
f 1925/380/9 1964/382/9 1961/381/9
f 1969/384/9 2001/383/9 1968/385/9
f 1967/386/9 2001/383/9 1966/387/9
f 1969/384/9 1959/388/9 2001/383/9
f 1960/389/9 2001/383/9 1959/388/9
f 1961/381/9 2001/383/9 1960/389/9
f 2001/383/9 1965/390/9 1966/387/9
f 1925/380/9 2000/391/9 1964/382/9
f 1952/392/9 1953/394/9 1974/393/9
f 1974/393/9 1953/394/9 1973/395/9
f 1954/396/9 1973/395/9 1953/394/9
f 1975/397/9 1950/343/9 1951/398/9
f 1950/343/9 1975/397/9 1976/314/9
f 1976/314/9 1949/399/9 1950/343/9
f 1949/399/9 1976/314/9 1977/400/9
f 1951/398/9 1952/392/9 1975/397/9
f 1974/393/9 1975/397/9 1952/392/9
f 1998/401/9 1999/403/9 1927/402/9
f 1926/404/9 1927/402/9 1999/403/9
f 1954/396/9 1955/405/9 1973/395/9
f 1973/395/9 1955/405/9 1972/406/9
f 1956/407/9 1972/406/9 1955/405/9
f 1972/406/9 1956/407/9 1971/408/9
f 1957/409/9 1971/408/9 1956/407/9
f 1958/410/9 1971/408/9 1957/409/9
f 1971/408/9 1958/410/9 1970/411/9
f 1959/388/9 1970/411/9 1958/410/9
f 1969/384/9 1970/411/9 1959/388/9
f 1999/403/9 2000/391/9 1926/404/9
f 1925/380/9 1926/404/9 2000/391/9
f 1996/412/9 1929/414/9 1995/413/9
f 1928/415/9 1929/414/9 1996/412/9
f 1988/416/9 1938/418/9 1987/417/9
f 1938/418/9 1988/416/9 1937/356/9
f 1947/419/9 1979/421/9 1946/420/9
f 1980/422/9 1946/420/9 1979/421/9
f 1946/420/9 1980/422/9 1945/423/9
f 1981/424/9 1945/423/9 1980/422/9
f 1945/423/9 1981/424/9 1944/425/9
f 1982/426/9 1944/425/9 1981/424/9
f 1944/425/9 1982/426/9 1943/427/9
f 1983/428/9 1943/427/9 1982/426/9
f 1943/427/9 1983/428/9 1942/429/9
f 1942/429/9 1983/428/9 1941/430/9
f 1984/431/9 1941/430/9 1983/428/9
f 1941/430/9 1984/431/9 1940/432/9
f 1985/433/9 1940/432/9 1984/431/9
f 1940/432/9 1985/433/9 1939/434/9
f 1986/435/9 1939/434/9 1985/433/9
f 1939/434/9 1986/435/9 1938/418/9
f 1938/418/9 1986/435/9 1987/417/9
f 1988/416/9 1989/245/9 1937/356/9
f 1937/356/9 1989/245/9 1936/436/9
f 1990/437/9 1936/436/9 1989/245/9
f 1936/436/9 1990/437/9 1935/438/9
f 1991/439/9 1935/438/9 1990/437/9
f 1935/438/9 1991/439/9 1934/440/9
f 1992/441/9 1934/440/9 1991/439/9
f 1934/440/9 1992/441/9 1933/442/9
f 1933/442/9 1992/441/9 1932/443/9
f 1993/444/9 1932/443/9 1992/441/9
f 1932/443/9 1993/444/9 1931/445/9
f 1994/446/9 1931/445/9 1993/444/9
f 1931/445/9 1994/446/9 1930/447/9
f 1995/413/9 1930/447/9 1994/446/9
f 1929/414/9 1930/447/9 1995/413/9
f 1977/400/9 1948/448/9 1949/399/9
f 1978/449/9 1948/448/9 1977/400/9
f 1948/448/9 1978/449/9 1947/419/9
f 1947/419/9 1978/449/9 1979/421/9
f 1996/412/9 1997/450/9 1928/415/9
f 1998/401/9 1928/415/9 1997/450/9
f 1927/402/9 1928/415/9 1998/401/9
f 1961/381/9 1963/217/9 1924/79/9
f 1963/217/9 1961/381/9 1962/451/9
f 1964/382/9 2000/391/9 1965/390/9
f 2002/104/9 1967/386/9 2000/391/9
f 1966/387/9 2000/391/9 1967/386/9
f 1965/390/9 2000/391/9 1966/387/9
f 2001/383/9 2002/104/9 1968/385/9
f 1967/386/12 2002/104/12 2001/383/12
f 1965/390/12 2001/383/12 1964/382/12
f 2058/452/9 2059/454/9 2069/453/9
f 2060/455/9 2069/453/9 2059/454/9
f 2069/453/9 2060/455/9 2068/456/9
f 2061/457/9 2068/456/9 2060/455/9
f 2068/456/9 2061/457/9 2067/458/9
f 2062/459/9 2067/458/9 2061/457/9
f 2067/458/9 2062/459/9 2066/460/9
f 2066/460/9 2062/459/9 2065/461/9
f 2065/461/9 2062/459/9 2064/462/9
f 2063/463/9 2064/462/9 2062/459/9
f 2074/464/9 2075/466/9 2051/465/9
f 2110/467/9 2015/469/9 2016/468/9
f 2051/465/9 2052/470/9 2074/464/9
f 2052/470/9 2053/471/9 2074/464/9
f 2074/464/9 2053/471/9 2073/472/9
f 2054/473/9 2073/472/9 2053/471/9
f 2072/474/9 2073/472/9 2054/473/9
f 2017/475/9 2109/476/9 2016/468/9
f 2016/468/9 2109/476/9 2110/467/9
f 2054/473/9 2055/477/9 2072/474/9
f 2056/478/9 2072/474/9 2055/477/9
f 2072/474/9 2056/478/9 2071/479/9
f 2057/480/9 2071/479/9 2056/478/9
f 2071/479/9 2057/480/9 2070/481/9
f 2058/452/9 2070/481/9 2057/480/9
f 2069/453/9 2070/481/9 2058/452/9
f 2093/482/9 2094/484/9 2030/483/9
f 2030/483/9 2094/484/9 2029/485/9
f 2095/486/9 2029/485/9 2094/484/9
f 2096/487/9 2029/485/9 2095/486/9
f 2029/485/9 2096/487/9 2028/488/9
f 2097/489/9 2028/488/9 2096/487/9
f 2028/488/9 2097/489/9 2027/490/9
f 2098/491/9 2027/490/9 2097/489/9
f 2099/492/9 2027/490/9 2098/491/9
f 2027/490/9 2099/492/9 2026/493/9
f 2100/494/9 2026/493/9 2099/492/9
f 2026/493/9 2100/494/9 2025/495/9
f 2101/496/9 2025/495/9 2100/494/9
f 2025/495/9 2101/496/9 2024/497/9
f 2102/498/9 2024/497/9 2101/496/9
f 2024/497/9 2102/498/9 2023/499/9
f 2103/500/9 2023/499/9 2102/498/9
f 2023/499/9 2103/500/9 2022/501/9
f 2104/502/9 2022/501/9 2103/500/9
f 2022/501/9 2104/502/9 2021/503/9
f 2105/504/9 2021/503/9 2104/502/9
f 2021/503/9 2105/504/9 2020/505/9
f 2106/506/9 2020/505/9 2105/504/9
f 2020/505/9 2106/506/9 2019/507/9
f 2107/508/9 2019/507/9 2106/506/9
f 2019/507/9 2107/508/9 2018/509/9
f 2108/510/9 2018/509/9 2107/508/9
f 2018/509/9 2108/510/9 2017/475/9
f 2017/475/9 2108/510/9 2109/476/9
f 2013/511/9 2014/513/9 2111/512/9
f 2076/514/9 2049/516/9 2050/515/9
f 2077/517/9 2049/516/9 2076/514/9
f 2013/511/9 2112/519/9 2012/518/9
f 2111/512/9 2112/519/9 2013/511/9
f 2077/517/9 2048/520/9 2049/516/9
f 2078/521/9 2048/520/9 2077/517/9
f 2012/518/9 2114/523/9 2011/522/9
f 2114/523/9 2012/518/9 2113/524/9
f 2112/519/9 2113/524/9 2012/518/9
f 2119/525/9 2008/527/9 2118/526/9
f 2124/104/9 2003/79/9 2123/528/9
f 2004/529/9 2123/528/9 2003/79/9
f 2005/530/9 2123/528/9 2004/529/9
f 2123/528/9 2005/530/9 2122/531/9
f 2006/532/9 2122/531/9 2005/530/9
f 2122/531/9 2006/532/9 2121/533/9
f 2007/534/9 2121/533/9 2006/532/9
f 2121/533/9 2007/534/9 2120/535/9
f 2008/527/9 2120/535/9 2007/534/9
f 2119/525/9 2120/535/9 2008/527/9
f 2078/521/9 2047/536/9 2048/520/9
f 2079/537/9 2047/536/9 2078/521/9
f 2047/536/9 2079/537/9 2046/538/9
f 2080/539/9 2046/538/9 2079/537/9
f 2046/538/9 2080/539/9 2045/540/9
f 2081/541/9 2045/540/9 2080/539/9
f 2045/540/9 2081/541/9 2044/542/9
f 2082/543/9 2044/542/9 2081/541/9
f 2044/542/9 2082/543/9 2043/544/9
f 2083/545/9 2043/544/9 2082/543/9
f 2043/544/9 2083/545/9 2042/546/9
f 2084/547/9 2042/546/9 2083/545/9
f 2042/546/9 2084/547/9 2041/548/9
f 2085/549/9 2041/548/9 2084/547/9
f 2041/548/9 2085/549/9 2040/550/9
f 2086/551/9 2040/550/9 2085/549/9
f 2040/550/9 2086/551/9 2039/552/9
f 2087/553/9 2039/552/9 2086/551/9
f 2039/552/9 2087/553/9 2038/554/9
f 2088/555/9 2038/554/9 2087/553/9
f 2038/554/9 2088/555/9 2037/556/9
f 2037/556/9 2088/555/9 2036/557/9
f 2089/558/9 2036/557/9 2088/555/9
f 2036/557/9 2089/558/9 2035/559/9
f 2090/560/9 2035/559/9 2089/558/9
f 2035/559/9 2090/560/9 2034/561/9
f 2008/527/9 2009/562/9 2118/526/9
f 2118/526/9 2009/562/9 2117/563/9
f 2010/564/9 2117/563/9 2009/562/9
f 2117/563/9 2010/564/9 2116/565/9
f 2116/565/9 2010/564/9 2115/566/9
f 2011/522/9 2115/566/9 2010/564/9
f 2114/523/9 2115/566/9 2011/522/9
f 2075/466/9 2050/515/9 2051/465/9
f 2050/515/9 2075/466/9 2076/514/9
f 2090/560/9 2091/567/9 2034/561/9
f 2034/561/9 2091/567/9 2033/568/9
f 2033/568/9 2091/567/9 2032/569/9
f 2092/570/9 2032/569/9 2091/567/9
f 2032/569/9 2092/570/9 2031/571/9
f 2093/482/9 2031/571/9 2092/570/9
f 2030/483/9 2031/571/9 2093/482/9
f 2110/467/9 2014/513/9 2015/469/9
f 2014/513/9 2110/467/9 2111/512/9
f 2179/572/9 2126/574/9 2178/573/9
f 2179/572/9 2125/79/9 2126/574/9
f 2125/79/9 2179/572/9 2127/575/9
f 2127/575/9 2179/572/9 2128/576/9
f 2128/576/9 2179/572/9 2129/577/9
f 2177/578/9 2178/573/9 2175/579/9
f 2126/574/9 2175/579/9 2178/573/9
f 2175/579/9 2126/574/9 2176/580/9
f 2128/576/9 2181/581/9 2127/575/9
f 2129/577/9 2181/581/9 2128/576/9
f 2181/581/9 2129/577/9 2130/582/9
f 2179/572/9 2130/582/9 2129/577/9
f 2130/582/9 2179/572/9 2180/583/9
f 2126/574/9 2174/584/9 2176/580/9
f 2174/584/9 2126/574/9 2173/585/9
f 2181/581/9 2173/585/9 2126/574/9
f 2173/585/9 2181/581/9 2172/586/9
f 2172/586/9 2181/581/9 2171/587/9
f 2171/587/9 2181/581/9 2170/588/9
f 2170/588/9 2181/581/9 2169/589/9
f 2169/589/9 2181/581/9 2168/590/9
f 2168/590/9 2181/581/9 2167/591/9
f 2167/591/9 2181/581/9 2166/592/9
f 2166/592/9 2181/581/9 2165/593/9
f 2135/594/9 2181/581/9 2134/595/9
f 2134/595/9 2181/581/9 2133/596/9
f 2133/596/9 2181/581/9 2132/597/9
f 2131/598/9 2132/597/9 2181/581/9
f 2162/599/9 2163/601/9 2137/600/9
f 2136/602/9 2137/600/9 2163/601/9
f 2150/603/9 2151/605/9 2149/604/9
f 2152/606/9 2149/604/9 2151/605/9
f 2152/606/9 2153/607/9 2149/604/9
f 2149/604/9 2153/607/9 2148/608/9
f 2154/609/9 2148/608/9 2153/607/9
f 2148/608/9 2154/609/9 2147/610/9
f 2155/611/9 2147/610/9 2154/609/9
f 2147/610/9 2155/611/9 2146/612/9
f 2156/613/9 2146/612/9 2155/611/9
f 2146/612/9 2156/613/9 2145/614/9
f 2157/615/9 2145/614/9 2156/613/9
f 2145/614/9 2157/615/9 2144/616/9
f 2144/616/9 2157/615/9 2143/617/9
f 2158/618/9 2143/617/9 2157/615/9
f 2143/617/9 2158/618/9 2142/619/9
f 2159/620/9 2142/619/9 2158/618/9
f 2142/619/9 2159/620/9 2141/621/9
f 2160/622/9 2141/621/9 2159/620/9
f 2141/621/9 2160/622/9 2140/623/9
f 2140/623/9 2160/622/9 2139/624/9
f 2161/625/9 2139/624/9 2160/622/9
f 2139/624/9 2161/625/9 2138/626/9
f 2162/599/9 2138/626/9 2161/625/9
f 2137/600/9 2138/626/9 2162/599/9
f 2181/581/9 2164/627/9 2165/593/9
f 2135/594/9 2164/627/9 2181/581/9
f 2164/627/9 2135/594/9 2163/601/9
f 2163/601/9 2135/594/9 2136/602/9
f 2180/583/9 2183/628/9 2130/582/9
f 2175/579/9 2182/629/9 2177/578/9
f 2176/580/9 2182/629/9 2175/579/9
f 2174/584/11 2182/629/11 2176/580/11
f 2181/581/9 2183/628/9 2131/598/9
f 2130/582/9 2183/628/9 2181/581/9
f 2126/574/9 2184/104/9 2181/581/9
f 2127/575/9 2184/104/9 2125/79/9
f 2181/581/9 2184/104/9 2127/575/9
f 2252/630/9 2263/354/9 2251/214/9
f 2252/630/9 2253/631/9 2263/354/9
f 2263/354/9 2253/631/9 2262/632/9
f 2254/204/9 2262/632/9 2253/631/9
f 2262/632/9 2254/204/9 2261/633/9
f 2255/634/9 2261/633/9 2254/204/9
f 2261/633/9 2255/634/9 2260/370/9
f 2260/370/9 2255/634/9 2259/635/9
f 2256/636/9 2259/635/9 2255/634/9
f 2259/635/9 2256/636/9 2258/637/9
f 2257/218/9 2258/637/9 2256/636/9
f 2204/638/9 2205/640/9 2202/639/9
f 2211/641/9 2209/357/9 2210/642/9
f 2247/643/9 2267/645/9 2246/644/9
f 2202/639/9 2203/280/9 2204/638/9
f 2204/638/9 2203/280/9 2205/640/9
f 2205/640/14 2203/280/14 2206/377/14
f 2206/377/9 2203/280/9 2207/646/9
f 2209/357/9 2203/280/9 2210/642/9
f 2199/647/9 2200/293/9 2213/648/9
f 2208/649/9 2213/648/9 2200/293/9
f 2212/230/9 2213/648/9 2208/649/9
f 2245/213/9 2268/650/9 2269/323/9
f 2200/293/9 2214/652/9 2201/651/9
f 2199/647/9 2214/652/9 2200/293/9
f 2212/230/9 2198/653/9 2213/648/9
f 2198/653/9 2212/230/9 2197/281/9
f 2245/213/9 2246/644/9 2268/650/9
f 2267/645/9 2268/650/9 2246/644/9
f 2215/237/9 2203/280/9 2214/652/9
f 2214/652/9 2203/280/9 2201/651/9
f 2202/639/9 2201/651/9 2203/280/9
f 2205/640/9 2201/651/9 2202/639/9
f 2206/377/9 2201/651/9 2205/640/9
f 2207/646/9 2201/651/9 2206/377/9
f 2201/651/9 2207/646/9 2200/293/9
f 2200/293/9 2207/646/9 2208/649/9
f 2203/280/9 2208/649/9 2207/646/9
f 2209/357/9 2208/649/9 2203/280/9
f 2208/649/9 2209/357/9 2212/230/9
f 2211/641/9 2212/230/9 2209/357/9
f 2210/642/9 2212/230/9 2211/641/9
f 2212/230/9 2210/642/9 2197/281/9
f 2197/281/9 2210/642/9 2196/654/9
f 2304/655/9 2305/360/9 2210/642/9
f 2247/643/9 2248/208/9 2267/645/9
f 2267/645/9 2248/208/9 2266/347/9
f 2249/656/9 2266/347/9 2248/208/9
f 2266/347/9 2249/656/9 2265/657/9
f 2250/658/9 2265/657/9 2249/656/9
f 2265/657/9 2250/658/9 2264/659/9
f 2251/214/9 2264/659/9 2250/658/9
f 2263/354/9 2264/659/9 2251/214/9
f 2289/660/9 2203/280/9 2288/661/9
f 2290/268/9 2203/280/9 2289/660/9
f 2291/662/9 2203/280/9 2290/268/9
f 2292/663/9 2203/280/9 2291/662/9
f 2293/260/9 2203/280/9 2292/663/9
f 2203/280/9 2293/260/9 2210/642/9
f 2294/664/9 2210/642/9 2293/260/9
f 2295/665/9 2210/642/9 2294/664/9
f 2296/250/9 2210/642/9 2295/665/9
f 2297/666/9 2210/642/9 2296/250/9
f 2298/667/9 2210/642/9 2297/666/9
f 2299/239/9 2210/642/9 2298/667/9
f 2300/668/9 2210/642/9 2299/239/9
f 2301/669/9 2210/642/9 2300/668/9
f 2302/229/9 2210/642/9 2301/669/9
f 2303/670/9 2210/642/9 2302/229/9
f 2210/642/9 2303/670/9 2304/655/9
f 2282/671/15 2277/672/15 2278/307/15
f 2279/673/16 2280/674/16 2281/313/16
f 2193/675/9 2310/677/9 2192/676/9
f 2310/677/9 2193/675/9 2309/678/9
f 2309/678/9 2193/675/9 2308/364/9
f 2272/322/9 2243/680/9 2271/679/9
f 2243/680/9 2272/322/9 2242/270/9
f 2273/681/9 2242/270/9 2272/322/9
f 2274/682/9 2281/313/9 2273/681/9
f 2275/314/9 2281/313/9 2274/682/9
f 2276/683/9 2281/313/9 2275/314/9
f 2282/671/9 2281/313/9 2276/683/9
f 2281/313/9 2282/671/9 2279/673/9
f 2278/307/9 2279/673/9 2282/671/9
f 2277/672/13 2279/673/13 2278/307/13
f 2279/673/9 2277/672/9 2280/674/9
f 2283/684/9 2280/674/9 2277/672/9
f 2284/339/9 2280/674/9 2283/684/9
f 2193/675/9 2194/288/9 2308/364/9
f 2308/364/9 2194/288/9 2307/685/9
f 2195/686/9 2307/685/9 2194/288/9
f 2306/687/9 2307/685/9 2195/686/9
f 2318/688/9 2185/79/9 2317/295/9
f 2186/689/9 2317/295/9 2185/79/9
f 2317/295/9 2186/689/9 2316/690/9
f 2187/691/9 2316/690/9 2186/689/9
f 2188/326/9 2316/690/9 2187/691/9
f 2315/692/9 2316/690/9 2188/326/9
f 2273/681/9 2241/693/9 2242/270/9
f 2281/313/9 2241/693/9 2273/681/9
f 2241/693/9 2281/313/9 2240/694/9
f 2240/694/9 2281/313/9 2239/222/9
f 2239/222/9 2281/313/9 2238/695/9
f 2238/695/9 2281/313/9 2237/696/9
f 2237/696/9 2281/313/9 2236/301/9
f 2236/301/9 2281/313/9 2235/697/9
f 2235/697/9 2281/313/9 2234/698/9
f 2234/698/9 2281/313/9 2233/348/9
f 2280/674/9 2233/348/9 2281/313/9
f 2233/348/9 2280/674/9 2232/699/9
f 2232/699/9 2280/674/9 2231/700/9
f 2231/700/9 2280/674/9 2230/343/9
f 2230/343/9 2280/674/9 2229/701/9
f 2229/701/9 2280/674/9 2228/702/9
f 2228/702/9 2280/674/9 2227/263/9
f 2227/263/9 2280/674/9 2226/703/9
f 2226/703/9 2280/674/9 2225/704/9
f 2225/704/9 2280/674/9 2224/256/9
f 2224/256/9 2280/674/9 2223/705/9
f 2223/705/9 2280/674/9 2222/706/9
f 2284/339/9 2222/706/9 2280/674/9
f 2222/706/9 2284/339/9 2221/249/9
f 2188/326/9 2189/707/9 2315/692/9
f 2315/692/9 2189/707/9 2314/275/9
f 2190/708/9 2314/275/9 2189/707/9
f 2314/275/9 2190/708/9 2313/709/9
f 2313/709/9 2190/708/9 2312/710/9
f 2191/338/9 2312/710/9 2190/708/9
f 2312/710/9 2191/338/9 2311/277/9
f 2192/676/9 2311/277/9 2191/338/9
f 2310/677/9 2311/277/9 2192/676/9
f 2269/323/9 2244/711/9 2245/213/9
f 2270/712/9 2244/711/9 2269/323/9
f 2244/711/9 2270/712/9 2243/680/9
f 2243/680/9 2270/712/9 2271/679/9
f 2284/339/9 2285/713/9 2221/249/9
f 2221/249/9 2285/713/9 2220/714/9
f 2220/714/9 2285/713/9 2219/715/9
f 2286/716/9 2219/715/9 2285/713/9
f 2219/715/9 2286/716/9 2218/243/9
f 2287/330/9 2218/243/9 2286/716/9
f 2218/243/9 2287/330/9 2217/717/9
f 2217/717/9 2287/330/9 2216/718/9
f 2288/661/9 2216/718/9 2287/330/9
f 2203/280/9 2216/718/9 2288/661/9
f 2215/237/9 2216/718/9 2203/280/9
f 2210/642/9 2195/686/9 2196/654/9
f 2195/686/9 2210/642/9 2306/687/9
f 2305/360/9 2306/687/9 2210/642/9
f 2277/672/9 2319/719/9 2283/684/9
f 2282/671/9 2319/719/9 2277/672/9
f 2276/683/9 2319/719/9 2282/671/9
f 2199/647/9 2320/104/9 2214/652/9
f 2213/648/9 2320/104/9 2199/647/9
f 2198/653/9 2320/104/9 2213/648/9
f 2345/720/9 2348/722/9 2344/721/9
f 2332/723/9 2333/724/9 2359/314/9
f 2359/314/9 2333/724/9 2358/725/9
f 2333/724/9 2334/726/9 2358/725/9
f 2358/725/9 2334/726/9 2357/727/9
f 2335/728/9 2357/727/9 2334/726/9
f 2357/727/9 2335/728/9 2356/729/9
f 2336/730/9 2356/729/9 2335/728/9
f 2337/731/9 2356/729/9 2336/730/9
f 2356/729/9 2337/731/9 2355/732/9
f 2338/733/9 2355/732/9 2337/731/9
f 2355/732/9 2338/733/9 2354/734/9
f 2339/735/9 2354/734/9 2338/733/9
f 2354/734/9 2339/735/9 2353/736/9
f 2340/343/9 2353/736/9 2339/735/9
f 2353/736/9 2340/343/9 2352/737/9
f 2341/738/9 2352/737/9 2340/343/9
f 2342/739/9 2352/737/9 2341/738/9
f 2352/737/9 2342/739/9 2351/740/9
f 2343/741/9 2351/740/9 2342/739/9
f 2351/740/9 2343/741/9 2350/742/9
f 2350/742/9 2343/741/9 2349/743/9
f 2344/721/9 2349/743/9 2343/741/9
f 2348/722/9 2349/743/9 2344/721/9
f 2345/720/9 2347/744/9 2348/722/9
f 2346/745/9 2347/744/9 2345/720/9
f 2360/746/9 2330/748/9 2331/747/9
f 2360/746/9 2329/749/9 2330/748/9
f 2361/750/9 2329/749/9 2360/746/9
f 2329/749/9 2361/750/9 2328/751/9
f 2362/752/9 2328/751/9 2361/750/9
f 2376/753/9 2378/104/9 2321/79/9
f 2372/754/9 2322/756/9 2370/755/9
f 2371/757/9 2322/756/9 2372/754/9
f 2322/756/9 2371/757/9 2375/758/9
f 2375/758/9 2371/757/9 2374/759/9
f 2373/760/9 2374/759/9 2371/757/9
f 2362/752/9 2327/761/9 2328/751/9
f 2363/762/9 2327/761/9 2362/752/9
f 2327/761/9 2363/762/9 2326/763/9
f 2364/764/9 2326/763/9 2363/762/9
f 2326/763/9 2364/764/9 2325/765/9
f 2365/766/9 2325/765/9 2364/764/9
f 2325/765/9 2365/766/9 2324/767/9
f 2324/767/9 2365/766/9 2323/768/9
f 2366/769/9 2323/768/9 2365/766/9
f 2323/768/9 2366/769/9 2322/756/9
f 2367/770/9 2322/756/9 2366/769/9
f 2368/771/9 2322/756/9 2367/770/9
f 2369/772/9 2322/756/9 2368/771/9
f 2322/756/9 2369/772/9 2370/755/9
f 2359/314/9 2331/747/9 2332/723/9
f 2331/747/9 2359/314/9 2360/746/9
f 2371/757/9 2377/773/9 2373/760/9
f 2372/754/11 2377/773/11 2371/757/11
f 2370/755/9 2377/773/9 2372/754/9
f 2375/758/9 2378/104/9 2322/756/9
f 2434/104/9 2402/775/9 2403/774/9
f 2405/776/9 2403/774/9 2404/452/9
f 2403/774/9 2405/776/9 2434/104/9
f 2406/777/9 2434/104/9 2405/776/9
f 2434/104/9 2406/777/9 2433/778/9
f 2401/222/9 2409/453/9 2410/779/9
f 2401/222/9 2408/780/9 2409/453/9
f 2407/781/9 2431/783/9 2432/782/9
f 2401/222/9 2402/775/9 2408/780/9
f 2434/104/9 2408/780/9 2402/775/9
f 2432/782/9 2433/778/9 2407/781/9
f 2406/777/9 2407/781/9 2433/778/9
f 2410/779/9 2400/784/9 2401/222/9
f 2400/784/9 2410/779/9 2411/785/9
f 2430/786/9 2431/783/9 2379/79/9
f 2407/781/9 2379/79/9 2431/783/9
f 2394/557/9 2417/788/9 2393/787/9
f 2418/789/9 2393/787/9 2417/788/9
f 2393/787/9 2418/789/9 2392/790/9
f 2392/790/9 2418/789/9 2391/791/9
f 2419/567/9 2391/791/9 2418/789/9
f 2391/791/9 2419/567/9 2390/230/9
f 2420/792/9 2390/230/9 2419/567/9
f 2390/230/9 2420/792/9 2389/495/9
f 2421/793/9 2389/495/9 2420/792/9
f 2422/794/9 2389/495/9 2421/793/9
f 2389/495/9 2422/794/9 2388/795/9
f 2423/260/9 2388/795/9 2422/794/9
f 2388/795/9 2423/260/9 2387/796/9
f 2424/498/9 2387/796/9 2423/260/9
f 2387/796/9 2424/498/9 2386/797/9
f 2411/785/9 2399/536/9 2400/784/9
f 2412/347/9 2399/536/9 2411/785/9
f 2399/536/9 2412/347/9 2398/798/9
f 2413/799/9 2398/798/9 2412/347/9
f 2398/798/9 2413/799/9 2397/800/9
f 2414/539/9 2397/800/9 2413/799/9
f 2397/800/9 2414/539/9 2396/801/9
f 2415/802/9 2396/801/9 2414/539/9
f 2396/801/9 2415/802/9 2395/803/9
f 2416/804/9 2395/803/9 2415/802/9
f 2395/803/9 2416/804/9 2394/557/9
f 2394/557/9 2416/804/9 2417/788/9
f 2424/498/9 2425/805/9 2386/797/9
f 2386/797/9 2425/805/9 2385/806/9
f 2385/806/9 2425/805/9 2384/513/9
f 2426/807/9 2384/513/9 2425/805/9
f 2384/513/9 2426/807/9 2383/808/9
f 2427/809/9 2383/808/9 2426/807/9
f 2383/808/9 2427/809/9 2382/810/9
f 2428/811/9 2382/810/9 2427/809/9
f 2382/810/9 2428/811/9 2381/812/9
f 2429/524/9 2381/812/9 2428/811/9
f 2381/812/9 2429/524/9 2380/813/9
f 2430/786/9 2380/813/9 2429/524/9
f 2379/79/9 2380/813/9 2430/786/9
f 2537/814/9 2538/816/9 2528/815/9
f 2535/817/9 2536/819/9 2529/818/9
f 2561/820/9 2562/822/9 2551/821/9
f 2550/823/9 2562/822/9 2563/824/9
f 2562/822/9 2550/823/9 2551/821/9
f 2562/822/9 2548/825/9 2563/824/9
f 2563/824/9 2549/826/9 2550/823/9
f 2564/827/9 2550/823/9 2549/826/9
f 2565/828/9 2550/823/9 2564/827/9
f 2536/819/9 2537/814/9 2529/818/9
f 2528/815/9 2529/818/9 2537/814/9
f 2547/829/9 2561/820/9 2546/830/9
f 2561/820/9 2547/829/9 2562/822/9
f 2562/822/9 2547/829/9 2548/825/9
f 2565/828/9 2566/217/9 2550/823/9
f 2550/823/9 2566/217/9 2551/821/9
f 2567/831/9 2551/821/9 2566/217/9
f 2568/832/9 2551/821/9 2567/831/9
f 2539/833/9 2531/835/9 2694/834/9
f 2556/836/9 2530/838/9 2559/837/9
f 2560/839/9 2559/837/9 2530/838/9
f 2559/837/9 2560/839/9 2552/840/9
f 2557/841/9 2558/843/9 2554/842/9
f 2553/844/9 2554/842/9 2558/843/9
f 2558/843/9 2691/845/9 2553/844/9
f 2511/846/9 2661/848/9 2510/847/9
f 2661/848/9 2511/846/9 2660/849/9
f 2653/850/9 2532/852/9 2652/851/9
f 2652/851/9 2532/852/9 2651/853/9
f 2651/853/9 2532/852/9 2650/854/9
f 2650/854/9 2532/852/9 2649/855/9
f 2649/855/9 2532/852/9 2648/856/9
f 2648/856/9 2532/852/9 2647/857/9
f 2690/858/9 2643/860/9 2469/859/9
f 2643/860/9 2644/861/9 2469/859/9
f 2508/862/9 2509/864/9 2664/863/9
f 2664/863/9 2509/864/9 2663/865/9
f 2510/847/9 2663/865/9 2509/864/9
f 2663/865/9 2510/847/9 2662/866/9
f 2661/848/9 2662/866/9 2510/847/9
f 2532/852/9 2646/867/9 2647/857/9
f 2646/867/9 2532/852/9 2645/868/9
f 2645/868/9 2532/852/9 2644/861/9
f 2644/861/9 2532/852/9 2469/859/9
f 2530/838/9 2469/859/9 2532/852/9
f 2557/841/9 2469/859/9 2530/838/9
f 2469/859/9 2557/841/9 2474/869/9
f 2554/842/9 2474/869/9 2557/841/9
f 2615/870/9 2554/842/9 2614/871/9
f 2614/871/9 2554/842/9 2613/872/9
f 2613/872/9 2554/842/9 2612/873/9
f 2612/873/9 2554/842/9 2611/874/9
f 2611/874/9 2554/842/9 2610/875/9
f 2610/875/9 2554/842/9 2609/876/9
f 2609/876/9 2554/842/9 2608/877/9
f 2555/878/9 2608/877/9 2554/842/9
f 2600/879/9 2587/881/9 2599/880/9
f 2588/882/9 2599/880/9 2587/881/9
f 2599/880/9 2588/882/9 2598/883/9
f 2598/883/9 2588/882/9 2597/884/9
f 2589/885/9 2597/884/9 2588/882/9
f 2511/846/9 2512/886/9 2660/849/9
f 2660/849/9 2512/886/9 2659/887/9
f 2513/888/9 2659/887/9 2512/886/9
f 2659/887/9 2513/888/9 2658/889/9
f 2514/890/9 2658/889/9 2513/888/9
f 2658/889/9 2514/890/9 2657/891/9
f 2515/892/9 2657/891/9 2514/890/9
f 2657/891/9 2515/892/9 2656/893/9
f 2516/894/9 2656/893/9 2515/892/9
f 2517/895/9 2656/893/9 2516/894/9
f 2656/893/9 2517/895/9 2655/896/9
f 2518/897/9 2655/896/9 2517/895/9
f 2519/898/9 2655/896/9 2518/897/9
f 2655/896/9 2519/898/9 2654/899/9
f 2520/900/9 2654/899/9 2519/898/9
f 2654/899/9 2520/900/9 2653/850/9
f 2521/901/9 2653/850/9 2520/900/9
f 2653/850/9 2521/901/9 2532/852/9
f 2522/902/9 2532/852/9 2521/901/9
f 2523/903/9 2532/852/9 2522/902/9
f 2539/833/9 2696/904/9 2531/835/9
f 2532/852/9 2533/905/9 2530/838/9
f 2534/906/9 2530/838/9 2533/905/9
f 2535/817/9 2530/838/9 2534/906/9
f 2529/818/9 2530/838/9 2535/817/9
f 2544/907/9 2530/838/9 2543/908/9
f 2545/909/9 2530/838/9 2544/907/9
f 2530/838/9 2545/909/9 2560/839/9
f 2546/830/9 2560/839/9 2545/909/9
f 2561/820/9 2560/839/9 2546/830/9
f 2551/821/9 2560/839/9 2561/820/9
f 2560/839/9 2551/821/9 2552/840/9
f 2568/832/9 2552/840/9 2551/821/9
f 2569/910/9 2552/840/9 2568/832/9
f 2552/840/9 2569/910/9 2555/878/9
f 2570/911/9 2555/878/9 2569/910/9
f 2571/912/9 2555/878/9 2570/911/9
f 2572/913/9 2555/878/9 2571/912/9
f 2573/914/9 2555/878/9 2572/913/9
f 2574/915/9 2555/878/9 2573/914/9
f 2555/878/9 2574/915/9 2608/877/9
f 2575/916/9 2608/877/9 2574/915/9
f 2608/877/9 2575/916/9 2607/917/9
f 2576/918/9 2607/917/9 2575/916/9
f 2577/919/9 2607/917/9 2576/918/9
f 2578/920/9 2607/917/9 2577/919/9
f 2607/917/9 2578/920/9 2606/921/9
f 2579/922/9 2606/921/9 2578/920/9
f 2580/923/9 2606/921/9 2579/922/9
f 2606/921/9 2580/923/9 2605/924/9
f 2581/925/9 2605/924/9 2580/923/9
f 2605/924/9 2581/925/9 2604/926/9
f 2582/927/9 2604/926/9 2581/925/9
f 2604/926/9 2582/927/9 2603/928/9
f 2583/929/9 2603/928/9 2582/927/9
f 2603/928/9 2583/929/9 2602/930/9
f 2584/931/9 2602/930/9 2583/929/9
f 2585/932/9 2602/930/9 2584/931/9
f 2602/930/9 2585/932/9 2601/933/9
f 2586/934/9 2601/933/9 2585/932/9
f 2601/933/9 2586/934/9 2600/879/9
f 2600/879/9 2586/934/9 2587/881/9
f 2475/935/9 2472/937/9 2473/936/9
f 2475/935/9 2476/938/9 2472/937/9
f 2471/939/9 2467/941/9 2470/940/9
f 2467/941/9 2471/939/9 2477/942/9
f 2472/937/9 2477/942/9 2471/939/9
f 2476/938/9 2477/942/9 2472/937/9
f 2466/943/9 2697/104/9 2479/944/9
f 2667/945/9 2507/947/9 2666/946/9
f 2665/948/9 2666/946/9 2507/947/9
f 2477/942/9 2466/943/9 2467/941/9
f 2466/943/9 2477/942/9 2478/949/9
f 2591/950/9 2642/952/9 2595/951/9
f 2642/952/9 2591/950/9 2641/953/9
f 2668/954/9 2505/956/9 2506/955/9
f 2505/956/9 2668/954/9 2669/957/9
f 2685/958/9 2686/960/9 2482/959/9
f 2482/959/9 2686/960/9 2481/961/9
f 2667/945/9 2506/955/9 2507/947/9
f 2506/955/9 2667/945/9 2668/954/9
f 2686/960/9 2687/962/9 2481/961/9
f 2481/961/9 2687/962/9 2480/963/9
f 2688/964/9 2480/963/9 2687/962/9
f 2467/941/9 2480/963/9 2688/964/9
f 2466/943/9 2480/963/9 2467/941/9
f 2479/944/9 2480/963/9 2466/943/9
f 2478/949/9 2464/966/9 2465/965/9
f 2477/942/9 2464/966/9 2478/949/9
f 2620/967/9 2464/966/9 2619/968/9
f 2464/966/9 2620/967/9 2463/969/9
f 2621/970/9 2463/969/9 2620/967/9
f 2638/971/9 2639/973/9 2592/972/9
f 2640/974/9 2592/972/9 2639/973/9
f 2641/953/9 2592/972/9 2640/974/9
f 2591/950/9 2592/972/9 2641/953/9
f 2503/975/9 2672/977/9 2502/976/9
f 2673/978/9 2502/976/9 2672/977/9
f 2502/976/9 2673/978/9 2501/979/9
f 2674/980/9 2501/979/9 2673/978/9
f 2682/981/9 2487/983/9 2681/982/9
f 2487/983/9 2682/981/9 2486/984/9
f 2486/984/9 2682/981/9 2485/985/9
f 2683/986/9 2485/985/9 2682/981/9
f 2485/985/9 2683/986/9 2484/987/9
f 2674/980/9 2500/988/9 2501/979/9
f 2675/989/9 2500/988/9 2674/980/9
f 2500/988/9 2675/989/9 2499/990/9
f 2676/991/9 2499/990/9 2675/989/9
f 2499/990/9 2676/991/9 2498/992/9
f 2498/992/9 2676/991/9 2497/993/9
f 2677/994/9 2497/993/9 2676/991/9
f 2497/993/9 2677/994/9 2496/995/9
f 2678/996/9 2496/995/9 2677/994/9
f 2496/995/9 2678/996/9 2495/997/9
f 2495/997/9 2678/996/9 2494/998/9
f 2679/999/9 2494/998/9 2678/996/9
f 2494/998/9 2679/999/9 2493/1000/9
f 2493/1000/9 2679/999/9 2492/1001/9
f 2492/1001/9 2679/999/9 2491/1002/9
f 2680/1003/9 2491/1002/9 2679/999/9
f 2491/1002/9 2680/1003/9 2490/1004/9
f 2490/1004/9 2680/1003/9 2489/1005/9
f 2489/1005/9 2680/1003/9 2488/1006/9
f 2681/982/9 2488/1006/9 2680/1003/9
f 2487/983/9 2488/1006/9 2681/982/9
f 2669/957/9 2504/1007/9 2505/956/9
f 2670/1008/9 2504/1007/9 2669/957/9
f 2671/1009/9 2504/1007/9 2670/1008/9
f 2504/1007/9 2671/1009/9 2503/975/9
f 2503/975/9 2671/1009/9 2672/977/9
f 2683/986/9 2684/1010/9 2484/987/9
f 2484/987/9 2684/1010/9 2483/1011/9
f 2685/958/9 2483/1011/9 2684/1010/9
f 2482/959/9 2483/1011/9 2685/958/9
f 2621/970/9 2462/1012/9 2463/969/9
f 2622/1013/9 2462/1012/9 2621/970/9
f 2462/1012/9 2622/1013/9 2461/1014/9
f 2623/1015/9 2461/1014/9 2622/1013/9
f 2461/1014/9 2623/1015/9 2460/1016/9
f 2624/1017/9 2460/1016/9 2623/1015/9
f 2460/1016/9 2624/1017/9 2459/1018/9
f 2625/1019/9 2459/1018/9 2624/1017/9
f 2459/1018/9 2625/1019/9 2458/1020/9
f 2458/1020/9 2625/1019/9 2457/1021/9
f 2457/1021/9 2625/1019/9 2456/1022/9
f 2626/1023/9 2456/1022/9 2625/1019/9
f 2456/1022/9 2626/1023/9 2455/1024/9
f 2455/1024/9 2626/1023/9 2454/1025/9
f 2627/1026/9 2454/1025/9 2626/1023/9
f 2454/1025/9 2627/1026/9 2453/1027/9
f 2453/1027/9 2627/1026/9 2452/1028/9
f 2628/1029/9 2452/1028/9 2627/1026/9
f 2452/1028/9 2628/1029/9 2451/1030/9
f 2451/1030/9 2628/1029/9 2450/1031/9
f 2450/1031/9 2628/1029/9 2449/1032/9
f 2629/1033/9 2449/1032/9 2628/1029/9
f 2449/1032/9 2629/1033/9 2448/1034/9
f 2448/1034/9 2629/1033/9 2447/1035/9
f 2630/1036/9 2447/1035/9 2629/1033/9
f 2447/1035/9 2630/1036/9 2446/1037/9
f 2446/1037/9 2630/1036/9 2445/1038/9
f 2445/1038/9 2630/1036/9 2444/1039/9
f 2631/1040/9 2444/1039/9 2630/1036/9
f 2444/1039/9 2631/1040/9 2443/1041/9
f 2443/1041/9 2631/1040/9 2442/1042/9
f 2442/1042/9 2631/1040/9 2441/1043/9
f 2632/1044/9 2441/1043/9 2631/1040/9
f 2441/1043/9 2632/1044/9 2440/1045/9
f 2440/1045/9 2632/1044/9 2439/1046/9
f 2439/1046/9 2632/1044/9 2438/1047/9
f 2633/1048/9 2438/1047/9 2632/1044/9
f 2438/1047/9 2633/1048/9 2437/1049/9
f 2634/1050/9 2437/1049/9 2633/1048/9
f 2437/1049/9 2634/1050/9 2436/1051/9
f 2635/1052/9 2436/1051/9 2634/1050/9
f 2636/1053/9 2436/1051/9 2635/1052/9
f 2637/1054/9 2436/1051/9 2636/1053/9
f 2638/971/9 2436/1051/9 2637/1054/9
f 2592/972/9 2436/1051/9 2638/971/9
f 2436/1051/9 2592/972/9 2593/1055/9
f 2507/947/9 2508/862/9 2665/948/9
f 2664/863/9 2665/948/9 2508/862/9
f 2469/859/9 2689/1056/9 2690/858/9
f 2689/1056/9 2469/859/9 2688/964/9
f 2688/964/9 2469/859/9 2467/941/9
f 2468/1057/9 2467/941/9 2469/859/9
f 2467/941/9 2468/1057/9 2470/940/9
f 2469/859/9 2470/940/9 2468/1057/9
f 2470/940/9 2469/859/9 2471/939/9
f 2471/939/9 2469/859/9 2472/937/9
f 2474/869/9 2472/937/9 2469/859/9
f 2472/937/9 2474/869/9 2473/936/9
f 2473/936/9 2474/869/9 2475/935/9
f 2475/935/9 2474/869/9 2476/938/9
f 2476/938/9 2474/869/9 2477/942/9
f 2477/942/9 2474/869/9 2464/966/9
f 2464/966/9 2474/869/9 2619/968/9
f 2619/968/9 2474/869/9 2618/1058/9
f 2618/1058/9 2474/869/9 2617/1059/9
f 2554/842/9 2617/1059/9 2474/869/9
f 2617/1059/9 2554/842/9 2616/1060/9
f 2615/870/9 2616/1060/9 2554/842/9
f 2589/885/9 2596/1061/9 2597/884/9
f 2590/1062/9 2596/1061/9 2589/885/9
f 2596/1061/9 2590/1062/9 2595/951/9
f 2595/951/9 2590/1062/9 2591/950/9
f 2549/826/9 2693/1063/9 2564/827/9
f 2556/836/9 2557/841/9 2530/838/9
f 2559/837/9 2691/845/9 2556/836/9
f 2552/840/9 2691/845/9 2559/837/9
f 2555/878/9 2692/1064/9 2552/840/9
f 2691/845/9 2692/1064/9 2553/844/9
f 2552/840/9 2692/1064/9 2691/845/9
f 2563/824/9 2693/1063/9 2549/826/9
f 2548/825/9 2693/1063/9 2563/824/9
f 2524/1065/9 2532/852/9 2523/903/9
f 2527/1066/9 2532/852/9 2526/1067/9
f 2526/1067/9 2532/852/9 2525/1068/9
f 2525/1068/9 2532/852/9 2524/1065/9
f 2543/908/9 2530/838/9 2542/1069/9
f 2540/1070/9 2530/838/9 2694/834/9
f 2541/1071/9 2530/838/9 2540/1070/9
f 2542/1069/9 2530/838/9 2541/1071/9
f 2538/816/9 2695/1072/9 2528/815/9
f 2695/1072/9 2696/904/9 2539/833/9
f 2527/1066/9 2696/904/9 2532/852/9
f 2478/949/9 2697/104/9 2466/943/9
f 2465/965/9 2697/104/9 2478/949/9
f 2594/1073/9 2435/79/9 2593/1055/9
f 2593/1055/9 2435/79/9 2436/1051/9
f 2776/201/9 2789/203/9 2775/202/9
f 2790/204/9 2775/202/9 2789/203/9
f 2791/205/9 2775/202/9 2790/204/9
f 2784/206/9 2782/208/9 2783/207/9
f 2782/208/9 2784/206/9 2781/209/9
f 2781/209/9 2784/206/9 2780/210/9
f 2780/210/9 2784/206/9 2779/211/9
f 2785/212/9 2779/211/9 2784/206/9
f 2779/211/9 2785/212/9 2778/213/9
f 2786/214/9 2778/213/9 2785/212/9
f 2778/213/9 2786/214/9 2777/215/9
f 2787/216/9 2777/215/9 2786/214/9
f 2788/217/9 2777/215/9 2787/216/9
f 2777/215/9 2788/217/9 2776/201/9
f 2776/201/9 2788/217/9 2789/203/9
f 2794/218/9 2772/220/9 2773/219/9
f 2772/220/9 2794/218/9 2795/221/9
f 2770/222/9 2771/224/9 2796/223/9
f 2855/225/9 2856/227/9 2732/226/9
f 2795/221/9 2771/224/9 2772/220/9
f 2771/224/9 2795/221/9 2796/223/9
f 2732/226/9 2733/228/9 2855/225/9
f 2855/225/9 2733/228/9 2854/229/9
f 2734/230/9 2854/229/9 2733/228/9
f 2854/229/9 2734/230/9 2853/231/9
f 2735/232/9 2853/231/9 2734/230/9
f 2736/233/9 2853/231/9 2735/232/9
f 2853/231/9 2736/233/9 2852/234/9
f 2737/235/9 2852/234/9 2736/233/9
f 2852/234/9 2737/235/9 2851/236/9
f 2738/237/9 2851/236/9 2737/235/9
f 2739/238/9 2851/236/9 2738/237/9
f 2851/236/9 2739/238/9 2850/239/9
f 2740/240/9 2850/239/9 2739/238/9
f 2741/241/9 2850/239/9 2740/240/9
f 2850/239/9 2741/241/9 2849/242/9
f 2742/243/9 2849/242/9 2741/241/9
f 2743/244/9 2849/242/9 2742/243/9
f 2849/242/9 2743/244/9 2848/245/9
f 2744/246/9 2848/245/9 2743/244/9
f 2848/245/9 2744/246/9 2847/247/9
f 2745/248/9 2847/247/9 2744/246/9
f 2746/249/9 2847/247/9 2745/248/9
f 2847/247/9 2746/249/9 2846/250/9
f 2747/251/9 2846/250/9 2746/249/9
f 2846/250/9 2747/251/9 2845/252/9
f 2748/253/9 2845/252/9 2747/251/9
f 2749/254/9 2845/252/9 2748/253/9
f 2845/252/9 2749/254/9 2844/255/9
f 2750/256/9 2844/255/9 2749/254/9
f 2751/257/9 2844/255/9 2750/256/9
f 2844/255/9 2751/257/9 2843/258/9
f 2752/259/9 2843/258/9 2751/257/9
f 2843/258/9 2752/259/9 2842/260/9
f 2753/261/9 2842/260/9 2752/259/9
f 2842/260/9 2753/261/9 2841/262/9
f 2754/263/9 2841/262/9 2753/261/9
f 2841/262/9 2754/263/9 2840/264/9
f 2755/265/9 2840/264/9 2754/263/9
f 2840/264/9 2755/265/9 2839/266/9
f 2756/267/9 2839/266/9 2755/265/9
f 2839/266/9 2756/267/9 2838/268/9
f 2838/268/9 2756/267/9 2757/269/9
f 2791/205/9 2774/270/9 2775/202/9
f 2792/271/9 2774/270/9 2791/205/9
f 2774/270/9 2792/271/9 2773/219/9
f 2793/272/9 2773/219/9 2792/271/9
f 2773/219/9 2793/272/9 2794/218/9
f 2720/273/9 2870/275/9 2869/274/9
f 2869/274/9 2870/275/9 2868/276/9
f 2866/277/9 2720/273/9 2865/278/9
f 2720/273/9 2866/277/9 2870/275/9
f 2867/279/9 2870/275/9 2866/277/9
f 2722/280/9 2713/282/9 2714/281/9
f 2725/283/9 2876/285/9 2721/284/9
f 2722/280/9 2712/286/9 2713/282/9
f 2712/286/9 2722/280/9 2711/287/9
f 2711/287/9 2722/280/9 2710/288/9
f 2710/288/9 2722/280/9 2709/289/9
f 2717/290/9 2723/292/9 2724/291/9
f 2718/293/9 2723/292/9 2717/290/9
f 2719/294/9 2723/292/9 2718/293/9
f 2723/292/9 2719/294/9 2722/280/9
f 2721/284/9 2874/295/9 2725/283/9
f 2719/294/9 2720/273/9 2722/280/9
f 2869/274/9 2722/280/9 2720/273/9
f 2835/296/9 2869/274/9 2836/297/9
f 2837/298/9 2836/297/9 2869/274/9
f 2871/299/9 2836/297/9 2837/298/9
f 2757/269/9 2759/300/9 2871/299/9
f 2766/301/9 2801/303/9 2765/302/9
f 2801/303/9 2766/301/9 2800/304/9
f 2824/305/9 2822/307/9 2823/306/9
f 2822/307/9 2824/305/9 2825/308/9
f 2823/306/9 2825/308/9 2824/305/9
f 2827/309/9 2819/311/9 2820/310/9
f 2820/310/9 2821/312/9 2827/309/9
f 2826/313/9 2827/309/9 2821/312/9
f 2818/314/9 2828/316/9 2829/315/9
f 2818/314/9 2819/311/9 2828/316/9
f 2827/309/9 2828/316/9 2819/311/9
f 2818/314/9 2823/306/9 2819/311/9
f 2819/311/9 2823/306/9 2820/310/9
f 2820/310/9 2823/306/9 2821/312/9
f 2822/307/9 2821/312/9 2823/306/9
f 2821/312/9 2822/307/9 2826/313/9
f 2825/308/15 2826/313/15 2822/307/15
f 2823/306/11 2826/313/11 2825/308/11
f 2826/313/9 2823/306/9 2827/309/9
f 2827/309/9 2823/306/9 2828/316/9
f 2828/316/9 2823/306/9 2829/315/9
f 2816/317/9 2817/319/9 2831/318/9
f 2832/320/9 2814/322/9 2815/321/9
f 2815/321/9 2816/317/9 2832/320/9
f 2831/318/9 2832/320/9 2816/317/9
f 2810/323/9 2809/325/9 2811/324/9
f 2811/324/9 2701/327/9 2702/326/9
f 2701/327/9 2811/324/9 2700/328/9
f 2700/328/9 2811/324/9 2699/329/9
f 2699/329/9 2811/324/9 2698/79/9
f 2698/79/9 2811/324/9 2834/330/9
f 2834/330/9 2811/324/9 2833/331/9
f 2809/325/9 2833/331/9 2811/324/9
f 2702/326/9 2703/332/9 2811/324/9
f 2815/321/9 2811/324/9 2816/317/9
f 2814/322/9 2811/324/9 2815/321/9
f 2813/333/12 2811/324/12 2814/322/12
f 2812/334/9 2811/324/9 2813/333/9
f 2811/324/14 2812/334/14 2810/323/14
f 2810/323/9 2812/334/9 2809/325/9
f 2813/333/9 2809/325/9 2812/334/9
f 2814/322/9 2809/325/9 2813/333/9
f 2832/320/9 2809/325/9 2814/322/9
f 2809/325/9 2872/335/9 2833/331/9
f 2703/332/9 2704/336/9 2811/324/9
f 2705/337/9 2811/324/9 2704/336/9
f 2706/338/9 2811/324/9 2705/337/9
f 2811/324/9 2823/306/9 2816/317/9
f 2816/317/9 2823/306/9 2817/319/9
f 2818/314/9 2817/319/9 2823/306/9
f 2829/315/9 2817/319/9 2818/314/9
f 2830/339/9 2817/319/9 2829/315/9
f 2817/319/9 2830/339/9 2831/318/9
f 2722/280/9 2708/340/9 2709/289/9
f 2708/340/9 2722/280/9 2707/341/9
f 2707/341/9 2722/280/9 2706/338/9
f 2706/338/9 2722/280/9 2811/324/9
f 2811/324/9 2722/280/9 2823/306/9
f 2869/274/9 2823/306/9 2722/280/9
f 2835/296/9 2823/306/9 2869/274/9
f 2823/306/9 2835/296/9 2829/315/9
f 2829/315/9 2835/296/9 2830/339/9
f 2830/339/9 2835/296/9 2831/318/9
f 2831/318/9 2835/296/9 2832/320/9
f 2832/320/9 2835/296/9 2808/342/9
f 2759/300/9 2808/342/9 2835/296/9
f 2758/343/9 2808/342/9 2759/300/9
f 2760/344/9 2808/342/9 2758/343/9
f 2808/342/9 2760/344/9 2807/345/9
f 2761/346/9 2807/345/9 2760/344/9
f 2807/345/9 2761/346/9 2806/347/9
f 2762/348/9 2806/347/9 2761/346/9
f 2806/347/9 2762/348/9 2805/349/9
f 2763/350/9 2805/349/9 2762/348/9
f 2805/349/9 2763/350/9 2804/351/9
f 2764/352/9 2804/351/9 2763/350/9
f 2804/351/9 2764/352/9 2803/353/9
f 2765/302/9 2803/353/9 2764/352/9
f 2803/353/9 2765/302/9 2802/354/9
f 2801/303/9 2802/354/9 2765/302/9
f 2729/355/9 2720/273/9 2728/356/9
f 2730/357/9 2720/273/9 2729/355/9
f 2731/358/9 2720/273/9 2730/357/9
f 2732/226/9 2720/273/9 2731/358/9
f 2856/227/9 2720/273/9 2732/226/9
f 2857/359/9 2720/273/9 2856/227/9
f 2858/360/9 2720/273/9 2857/359/9
f 2859/361/9 2720/273/9 2858/360/9
f 2860/362/9 2720/273/9 2859/361/9
f 2861/363/9 2720/273/9 2860/362/9
f 2862/364/9 2720/273/9 2861/363/9
f 2863/365/9 2720/273/9 2862/364/9
f 2864/366/9 2720/273/9 2863/365/9
f 2720/273/9 2864/366/9 2865/278/9
f 2757/269/9 2871/299/9 2838/268/9
f 2766/301/9 2767/367/9 2800/304/9
f 2800/304/9 2767/367/9 2799/368/9
f 2768/369/9 2799/368/9 2767/367/9
f 2799/368/9 2768/369/9 2798/370/9
f 2769/371/9 2798/370/9 2768/369/9
f 2798/370/9 2769/371/9 2797/372/9
f 2770/222/9 2797/372/9 2769/371/9
f 2796/223/9 2797/372/9 2770/222/9
f 2832/320/9 2872/335/9 2809/325/9
f 2808/342/9 2872/335/9 2832/320/9
f 2758/343/12 2873/373/12 2760/344/12
f 2759/300/9 2873/373/9 2758/343/9
f 2757/269/9 2873/373/9 2759/300/9
f 2714/281/9 2715/374/9 2722/280/9
f 2716/375/9 2722/280/9 2715/374/9
f 2728/356/9 2720/273/9 2727/376/9
f 2726/377/9 2720/273/9 2874/295/9
f 2727/376/9 2720/273/9 2726/377/9
f 2724/291/9 2875/378/9 2717/290/9
f 2875/378/9 2876/285/9 2725/283/9
f 2716/375/9 2876/285/9 2722/280/9
f 2868/276/9 2837/298/9 2869/274/9
f 2878/104/9 2868/276/9 2877/379/9
f 2870/275/9 2877/379/9 2868/276/9
f 2867/279/9 2877/379/9 2870/275/9
f 2871/299/9 2878/104/9 2838/268/9
f 2837/298/9 2878/104/9 2871/299/9
f 2868/276/9 2878/104/9 2837/298/9
f 2836/297/9 2871/299/9 2835/296/9
f 2835/296/9 2871/299/9 2759/300/9
f 2880/343/9 2882/104/9 2879/79/9
f 2882/104/9 2880/343/9 2881/314/9
f 2888/370/9 2889/314/9 2887/213/9
f 2890/268/9 2887/213/9 2889/314/9
f 2887/213/9 2890/268/9 2884/293/9
f 2892/104/9 2883/79/9 2891/360/9
f 2884/293/9 2886/343/9 2887/213/9
f 2886/343/9 2884/293/9 2885/237/9
f 2890/268/9 2883/79/9 2884/293/9
f 2883/79/9 2890/268/9 2891/360/9
f 2895/314/9 2893/79/9 2894/343/9
f 2893/79/9 2895/314/9 2896/104/9
f 2929/1074/9 2983/1076/9 2928/1075/9
f 2983/1076/9 2929/1074/9 2982/754/9
f 2930/1077/9 2982/754/9 2929/1074/9
f 2982/754/9 2930/1077/9 2981/1078/9
f 2931/1079/9 2981/1078/9 2930/1077/9
f 2981/1078/9 2931/1079/9 2980/1080/9
f 2932/739/9 2980/1080/9 2931/1079/9
f 2933/1081/9 2980/1080/9 2932/739/9
f 2980/1080/9 2933/1081/9 2979/1082/9
f 2934/1083/9 2979/1082/9 2933/1081/9
f 2979/1082/9 2934/1083/9 2978/1084/9
f 2935/222/9 2978/1084/9 2934/1083/9
f 2978/1084/9 2935/222/9 2977/772/9
f 2936/1085/9 2977/772/9 2935/222/9
f 2990/1086/9 2922/730/9 2989/1087/9
f 2942/722/9 2970/1089/9 2971/1088/9
f 2920/1090/9 2921/1092/9 2991/1091/9
f 2943/1093/9 2944/1095/9 2969/1094/9
f 2990/1086/9 2921/1092/9 2922/730/9
f 2921/1092/9 2990/1086/9 2991/1091/9
f 2969/1094/9 2970/1089/9 2943/1093/9
f 2942/722/9 2943/1093/9 2970/1089/9
f 2922/730/9 2923/1096/9 2989/1087/9
f 2988/1097/9 2989/1087/9 2923/1096/9
f 2941/1098/9 2971/1088/9 2972/769/9
f 2971/1088/9 2941/1098/9 2942/722/9
f 2923/1096/9 2924/1099/9 2988/1097/9
f 2988/1097/9 2924/1099/9 2987/758/9
f 2925/1100/9 2987/758/9 2924/1099/9
f 2987/758/9 2925/1100/9 2986/1101/9
f 2926/1102/9 2986/1101/9 2925/1100/9
f 2986/1101/9 2926/1102/9 2985/1103/9
f 2927/735/9 2985/1103/9 2926/1102/9
f 2985/1103/9 2927/735/9 2984/1104/9
f 2928/1075/9 2984/1104/9 2927/735/9
f 2983/1076/9 2984/1104/9 2928/1075/9
f 2936/1085/9 2976/1105/9 2977/772/9
f 2937/720/9 2976/1105/9 2936/1085/9
f 2976/1105/9 2937/720/9 2975/1106/9
f 2938/1107/9 2975/1106/9 2937/720/9
f 2975/1106/9 2938/1107/9 2974/1108/9
f 2939/1109/9 2974/1108/9 2938/1107/9
f 2974/1108/9 2939/1109/9 2973/260/9
f 2940/1110/9 2973/260/9 2939/1109/9
f 2973/260/9 2940/1110/9 2972/769/9
f 2972/769/9 2940/1110/9 2941/1098/9
f 2947/740/9 2918/1112/9 2946/1111/9
f 2965/1113/9 2966/1115/9 2898/1114/9
f 2918/1112/9 2919/1116/9 2946/1111/9
f 2945/1117/9 2946/1111/9 2919/1116/9
f 2897/79/9 2966/1115/9 2967/762/9
f 2966/1115/9 2897/79/9 2898/1114/9
f 2947/740/9 2917/724/9 2918/1112/9
f 2917/724/9 2947/740/9 2948/1118/9
f 2964/1119/9 2965/1113/9 2899/1120/9
f 2898/1114/9 2899/1120/9 2965/1113/9
f 2912/748/9 2953/1122/9 2911/1121/9
f 2954/347/9 2911/1121/9 2953/1122/9
f 2911/1121/9 2954/347/9 2910/1123/9
f 2955/1124/9 2910/1123/9 2954/347/9
f 2910/1123/9 2955/1124/9 2909/1125/9
f 2956/1126/9 2909/1125/9 2955/1124/9
f 2909/1125/9 2956/1126/9 2908/1127/9
f 2908/1127/9 2956/1126/9 2907/761/9
f 2957/727/9 2907/761/9 2956/1126/9
f 2907/761/9 2957/727/9 2906/1128/9
f 2958/1129/9 2906/1128/9 2957/727/9
f 2906/1128/9 2958/1129/9 2905/1130/9
f 2959/1131/9 2905/1130/9 2958/1129/9
f 2905/1130/9 2959/1131/9 2904/1132/9
f 2948/1118/9 2916/230/9 2917/724/9
f 2949/1133/9 2916/230/9 2948/1118/9
f 2916/230/9 2949/1133/9 2915/1134/9
f 2950/1135/9 2915/1134/9 2949/1133/9
f 2915/1134/9 2950/1135/9 2914/1136/9
f 2951/1137/9 2914/1136/9 2950/1135/9
f 2914/1136/9 2951/1137/9 2913/1138/9
f 2952/734/9 2913/1138/9 2951/1137/9
f 2913/1138/9 2952/734/9 2912/748/9
f 2912/748/9 2952/734/9 2953/1122/9
f 2959/1131/9 2960/1139/9 2904/1132/9
f 2904/1132/9 2960/1139/9 2903/1140/9
f 2961/1141/9 2903/1140/9 2960/1139/9
f 2903/1140/9 2961/1141/9 2902/767/9
f 2962/746/9 2902/767/9 2961/1141/9
f 2902/767/9 2962/746/9 2901/1142/9
f 2963/1143/9 2901/1142/9 2962/746/9
f 2901/1142/9 2963/1143/9 2900/1144/9
f 2964/1119/9 2900/1144/9 2963/1143/9
f 2899/1120/9 2900/1144/9 2964/1119/9
f 2919/1116/9 2920/1090/9 2945/1117/9
f 2945/1117/9 2920/1090/9 2992/104/9
f 2991/1091/9 2992/104/9 2920/1090/9
f 2944/1095/9 2968/1145/9 2969/1094/9
f 2968/1145/9 2944/1095/9 2967/762/9
f 2967/762/9 2944/1095/9 2897/79/9
f 2998/370/9 2999/314/9 2997/213/9
f 3000/268/9 2997/213/9 2999/314/9
f 2997/213/9 3000/268/9 2994/293/9
f 3002/104/9 2993/79/9 3001/360/9
f 2994/293/9 2996/343/9 2997/213/9
f 2996/343/9 2994/293/9 2995/237/9
f 3000/268/9 2993/79/9 2994/293/9
f 2993/79/9 3000/268/9 3001/360/9
f 3036/1146/9 3023/1148/9 3035/1147/9
f 3024/557/9 3035/1147/9 3023/1148/9
f 3035/1147/9 3024/557/9 3034/1149/9
f 3034/1149/9 3024/557/9 3033/1150/9
f 3025/1151/9 3033/1150/9 3024/557/9
f 3033/1150/9 3025/1151/9 3032/1152/9
f 3032/1152/9 3025/1151/9 3031/536/9
f 3026/1153/9 3031/536/9 3025/1151/9
f 3031/536/9 3026/1153/9 3030/1154/9
f 3030/1154/9 3026/1153/9 3029/1155/9
f 3027/1156/9 3029/1155/9 3026/1153/9
f 3029/1155/9 3027/1156/9 3028/1157/9
f 3049/1158/9 3016/1160/9 3048/1159/9
f 3014/1161/9 3015/1162/9 3052/539/9
f 3052/539/9 3015/1162/9 3051/1163/9
f 3050/1164/9 3051/1163/9 3015/1162/9
f 3015/1162/9 3016/1160/9 3050/1164/9
f 3049/1158/9 3050/1164/9 3016/1160/9
f 3016/1160/9 3017/495/9 3048/1159/9
f 3048/1159/9 3017/495/9 3047/1165/9
f 3047/1165/9 3017/495/9 3046/1166/9
f 3017/495/9 3018/1167/9 3046/1166/9
f 3046/1166/9 3018/1167/9 3045/453/9
f 3019/1168/9 3045/453/9 3018/1167/9
f 3045/453/9 3019/1168/9 3044/1169/9
f 3044/1169/9 3019/1168/9 3043/1170/9
f 3020/1171/9 3043/1170/9 3019/1168/9
f 3043/1170/9 3020/1171/9 3042/1172/9
f 3042/1172/9 3020/1171/9 3041/1173/9
f 3021/1174/9 3041/1173/9 3020/1171/9
f 3041/1173/9 3021/1174/9 3040/1175/9
f 3040/1175/9 3021/1174/9 3039/1176/9
f 3022/1177/9 3039/1176/9 3021/1174/9
f 3039/1176/9 3022/1177/9 3038/452/9
f 3038/452/9 3022/1177/9 3037/1178/9
f 3023/1148/9 3037/1178/9 3022/1177/9
f 3036/1146/9 3037/1178/9 3023/1148/9
f 3055/1179/9 3013/1181/9 3054/1180/9
f 3056/1182/9 3013/1181/9 3055/1179/9
f 3056/1182/9 3012/1183/9 3013/1181/9
f 3057/1184/9 3012/1183/9 3056/1182/9
f 3058/1185/9 3012/1183/9 3057/1184/9
f 3012/1183/9 3058/1185/9 3011/1186/9
f 3059/567/9 3011/1186/9 3058/1185/9
f 3060/1187/9 3011/1186/9 3059/567/9
f 3006/1188/9 3069/1190/9 3005/1189/9
f 3070/1191/9 3005/1189/9 3069/1190/9
f 3071/1192/9 3005/1189/9 3070/1191/9
f 3005/1189/9 3071/1192/9 3004/1193/9
f 3072/1194/9 3004/1193/9 3071/1192/9
f 3073/524/9 3004/1193/9 3072/1194/9
f 3004/1193/9 3073/524/9 3003/79/9
f 3074/1195/9 3003/79/9 3073/524/9
f 3075/1196/9 3003/79/9 3074/1195/9
f 3003/79/9 3075/1196/9 3080/104/9
f 3076/1197/9 3080/104/9 3075/1196/9
f 3077/1198/9 3080/104/9 3076/1197/9
f 3080/104/9 3077/1198/9 3079/1199/9
f 3078/1200/9 3079/1199/9 3077/1198/9
f 3060/1187/9 3010/513/9 3011/1186/9
f 3061/1201/9 3010/513/9 3060/1187/9
f 3062/1202/9 3010/513/9 3061/1201/9
f 3010/513/9 3062/1202/9 3009/1203/9
f 3063/1204/9 3009/1203/9 3062/1202/9
f 3064/1205/9 3009/1203/9 3063/1204/9
f 3009/1203/9 3064/1205/9 3008/1206/9
f 3065/1207/9 3008/1206/9 3064/1205/9
f 3066/498/9 3008/1206/9 3065/1207/9
f 3008/1206/9 3066/498/9 3007/1208/9
f 3067/1209/9 3007/1208/9 3066/498/9
f 3007/1208/9 3067/1209/9 3006/1188/9
f 3068/1210/9 3006/1188/9 3067/1209/9
f 3006/1188/9 3068/1210/9 3069/1190/9
f 3013/1181/9 3014/1161/9 3054/1180/9
f 3054/1180/9 3014/1161/9 3053/1211/9
f 3052/539/9 3053/1211/9 3014/1161/9
s 1
f 3082/1212/17 3084/1213/18 3083/380/18 3081/79/17
f 3084/1213/18 3086/1214/19 3085/404/19 3083/380/18
f 3086/1214/19 3088/1215/20 3087/402/20 3085/404/19
f 3088/1215/20 3090/1216/21 3089/415/21 3087/402/20
f 3090/1216/21 3092/1217/22 3091/414/22 3089/415/21
f 3092/1217/22 3094/1218/23 3093/447/23 3091/414/22
f 3094/1218/23 3096/1219/24 3095/445/24 3093/447/23
f 3096/1219/24 3098/1220/25 3097/443/25 3095/445/24
f 3098/1220/25 3100/1221/26 3099/442/26 3097/443/25
f 3100/1221/26 3102/1222/27 3101/440/27 3099/442/26
f 3102/1222/27 3104/1223/28 3103/438/28 3101/440/27
f 3104/1223/28 3106/1224/29 3105/436/29 3103/438/28
f 3106/1224/29 3108/1225/30 3107/356/30 3105/436/29
f 3108/1225/30 3110/1226/31 3109/418/31 3107/356/30
f 3110/1226/31 3112/1227/32 3111/434/32 3109/418/31
f 3112/1227/32 3114/1228/33 3113/432/33 3111/434/32
f 3114/1228/33 3116/1229/34 3115/430/34 3113/432/33
f 3116/1229/34 3118/1230/35 3117/429/35 3115/430/34
f 3118/1230/35 3120/1231/36 3119/427/36 3117/429/35
f 3120/1231/36 3122/1232/37 3121/425/37 3119/427/36
f 3122/1232/37 3124/1233/38 3123/423/38 3121/425/37
f 3124/1233/38 3126/1234/39 3125/420/39 3123/423/38
f 3126/1234/39 3128/1235/40 3127/419/40 3125/420/39
f 3128/1235/40 3130/1236/41 3129/448/41 3127/419/40
f 3130/1236/41 3132/1237/42 3131/399/42 3129/448/41
f 3132/1237/42 3134/1238/43 3133/343/43 3131/399/42
f 3134/1238/43 3136/1239/44 3135/398/44 3133/343/43
f 3136/1239/44 3138/1240/45 3137/392/45 3135/398/44
f 3138/1240/45 3140/1241/46 3139/394/46 3137/392/45
f 3140/1241/46 3142/1242/47 3141/396/47 3139/394/46
f 3142/1242/47 3144/1243/48 3143/405/48 3141/396/47
f 3144/1243/48 3146/1244/49 3145/407/49 3143/405/48
f 3146/1244/49 3148/1245/50 3147/409/50 3145/407/49
f 3148/1245/50 3150/1246/51 3149/410/51 3147/409/50
f 3150/1246/51 3152/1247/52 3151/388/52 3149/410/51
f 3152/1247/52 3154/1248/53 3153/389/53 3151/388/52
f 3154/1248/53 3156/1249/54 3155/381/54 3153/389/53
f 3156/1249/54 3158/1250/55 3157/451/55 3155/381/54
f 3158/1250/55 3160/1251/56 3159/217/56 3157/451/55
f 3160/1251/56 3162/1252/57 3161/382/57 3159/217/56
f 3162/1252/57 3164/1253/58 3163/390/58 3161/382/57
f 3164/1253/58 3166/1254/59 3165/387/59 3163/390/58
f 3166/1254/59 3168/1255/60 3167/386/60 3165/387/59
f 3168/1255/60 3170/1256/61 3169/385/61 3167/386/60
f 3170/1256/61 3172/1257/62 3171/384/62 3169/385/61
f 3172/1257/62 3174/1258/63 3173/411/63 3171/384/62
f 3174/1258/63 3176/1259/64 3175/408/64 3173/411/63
f 3176/1259/64 3178/1260/65 3177/406/65 3175/408/64
f 3178/1260/65 3180/1261/66 3179/395/66 3177/406/65
f 3180/1261/66 3182/1262/67 3181/393/67 3179/395/66
f 3182/1262/67 3184/1263/68 3183/397/68 3181/393/67
f 3184/1263/68 3186/1264/69 3185/314/69 3183/397/68
f 3186/1264/69 3188/1265/70 3187/400/70 3185/314/69
f 3188/1265/70 3190/1266/71 3189/449/71 3187/400/70
f 3190/1266/71 3192/1267/72 3191/421/72 3189/449/71
f 3192/1267/72 3194/1268/73 3193/422/73 3191/421/72
f 3194/1268/73 3196/1269/74 3195/424/74 3193/422/73
f 3196/1269/74 3198/1270/75 3197/426/75 3195/424/74
f 3198/1270/75 3200/1271/76 3199/428/76 3197/426/75
f 3200/1271/76 3202/1272/77 3201/431/77 3199/428/76
f 3202/1272/77 3204/1273/78 3203/433/78 3201/431/77
f 3204/1273/78 3206/1274/79 3205/435/79 3203/433/78
f 3206/1274/79 3208/1275/80 3207/417/80 3205/435/79
f 3208/1275/80 3210/1276/81 3209/416/81 3207/417/80
f 3210/1276/81 3212/1277/82 3211/245/82 3209/416/81
f 3212/1277/82 3214/1278/83 3213/437/83 3211/245/82
f 3214/1278/83 3216/1279/84 3215/439/84 3213/437/83
f 3216/1279/84 3218/1280/85 3217/441/85 3215/439/84
f 3218/1280/85 3220/1281/86 3219/444/86 3217/441/85
f 3220/1281/86 3222/1282/87 3221/446/87 3219/444/86
f 3222/1282/87 3224/1283/88 3223/413/88 3221/446/87
f 3224/1283/88 3226/1284/89 3225/412/89 3223/413/88
f 3226/1284/89 3228/1285/90 3227/450/90 3225/412/89
f 3228/1285/90 3230/1286/91 3229/401/91 3227/450/90
f 3230/1286/91 3232/1287/41 3231/403/41 3229/401/91
f 3232/1287/41 3234/1288/42 3233/391/42 3231/403/41
f 3234/1288/42 3236/1289/92 3235/383/92 3233/391/42
f 3236/1289/92 3082/1290/17 3081/104/17 3235/383/92
f 3238/1212/93 3240/1291/42 3239/375/42 3237/79/93
f 3240/1291/42 3242/1292/42 3241/230/42 3239/375/42
f 3242/1292/42 3244/1293/93 3243/259/93 3241/230/42
f 3244/1293/93 3246/1294/93 3245/222/93 3243/259/93
f 3246/1294/93 3248/1251/93 3247/217/93 3245/222/93
f 3248/1251/93 3250/1295/94 3249/347/94 3247/217/93
f 3250/1295/94 3252/1296/41 3251/305/41 3249/347/94
f 3252/1296/41 3254/1297/42 3253/260/42 3251/305/41
f 3254/1297/42 3256/1298/93 3255/362/93 3253/260/42
f 3256/1298/93 3238/1290/93 3237/104/93 3255/362/93
f 3258/1212/95 3260/1299/96 3259/1300/96 3257/79/95
f 3260/1299/96 3262/1301/97 3261/1302/97 3259/1300/96
f 3262/1301/97 3264/1303/98 3263/1304/98 3261/1302/97
f 3264/1303/98 3266/1305/99 3265/282/99 3263/1304/98
f 3266/1305/99 3268/1306/100 3267/1307/100 3265/282/99
f 3268/1306/100 3270/1308/101 3269/1309/101 3267/1307/100
f 3270/1308/101 3272/1310/102 3271/1311/102 3269/1309/101
f 3272/1310/102 3274/1225/103 3273/356/103 3271/1311/102
f 3274/1225/103 3276/1312/104 3275/1313/104 3273/356/103
f 3276/1312/104 3278/1314/105 3277/1315/105 3275/1313/104
f 3278/1314/105 3280/1316/106 3279/1317/106 3277/1315/105
f 3280/1316/106 3282/1318/107 3281/244/107 3279/1317/106
f 3282/1318/107 3284/1319/108 3283/1320/108 3281/244/107
f 3284/1319/108 3286/1321/109 3285/1322/109 3283/1320/108
f 3286/1321/109 3288/1323/110 3287/1324/110 3285/1322/109
f 3288/1323/110 3290/1238/111 3289/343/111 3287/1324/110
f 3290/1238/111 3292/1325/112 3291/1326/112 3289/343/111
f 3292/1325/112 3294/1327/113 3293/1328/113 3291/1326/112
f 3294/1327/113 3296/1329/114 3295/1330/114 3293/1328/113
f 3296/1329/114 3298/1331/115 3297/219/115 3295/1330/114
f 3298/1331/115 3300/1332/116 3299/1333/116 3297/219/115
f 3300/1332/116 3302/1334/117 3301/1335/117 3299/1333/116
f 3302/1334/117 3304/1336/118 3303/1337/118 3301/1335/117
f 3304/1336/118 3306/1251/119 3305/217/119 3303/1337/118
f 3306/1251/119 3308/1338/120 3307/1339/120 3305/217/119
f 3308/1338/120 3310/1340/121 3309/1341/121 3307/1339/120
f 3310/1340/121 3312/1342/122 3311/1343/122 3309/1341/121
f 3312/1342/122 3314/1344/123 3313/353/123 3311/1343/122
f 3314/1344/123 3316/1345/124 3315/1346/124 3313/353/123
f 3316/1345/124 3318/1347/125 3317/1348/125 3315/1346/124
f 3318/1347/125 3320/1349/126 3319/1350/126 3317/1348/125
f 3320/1349/126 3322/1264/127 3321/314/127 3319/1350/126
f 3322/1264/127 3324/1351/128 3323/1352/128 3321/314/127
f 3324/1351/128 3326/1353/129 3325/1354/129 3323/1352/128
f 3326/1353/129 3328/1355/130 3327/1356/130 3325/1354/129
f 3328/1355/130 3330/1357/131 3329/331/131 3327/1356/130
f 3330/1357/131 3332/1358/132 3331/1359/132 3329/331/131
f 3332/1358/132 3334/1360/133 3333/1361/133 3331/1359/132
f 3334/1360/133 3336/1362/134 3335/1363/134 3333/1361/133
f 3336/1362/134 3338/1277/135 3337/245/135 3335/1363/134
f 3338/1277/135 3340/1364/136 3339/1365/136 3337/245/135
f 3340/1364/136 3342/1366/137 3341/1367/137 3339/1365/136
f 3342/1366/137 3344/1368/138 3343/1369/138 3341/1367/137
f 3344/1368/138 3346/1370/139 3345/365/139 3343/1369/138
f 3346/1370/139 3348/1371/140 3347/1372/140 3345/365/139
f 3348/1371/140 3350/1373/141 3349/1374/141 3347/1372/140
f 3350/1373/141 3352/1375/142 3351/1376/142 3349/1374/141
f 3352/1375/142 3258/1290/95 3257/104/95 3351/1376/142
f 3354/1212/143 3356/1299/144 3355/1300/144 3353/79/143
f 3356/1299/144 3358/1301/145 3357/1302/145 3355/1300/144
f 3358/1301/145 3360/1303/146 3359/1304/146 3357/1302/145
f 3360/1303/146 3362/1305/147 3361/282/147 3359/1304/146
f 3362/1305/147 3364/1306/148 3363/1307/148 3361/282/147
f 3364/1306/148 3366/1308/149 3365/1309/149 3363/1307/148
f 3366/1308/149 3368/1310/150 3367/1311/150 3365/1309/149
f 3368/1310/150 3370/1225/151 3369/356/151 3367/1311/150
f 3370/1225/151 3372/1312/152 3371/1313/152 3369/356/151
f 3372/1312/152 3374/1314/153 3373/1315/153 3371/1313/152
f 3374/1314/153 3376/1316/154 3375/1317/154 3373/1315/153
f 3376/1316/154 3378/1318/155 3377/244/155 3375/1317/154
f 3378/1318/155 3380/1319/156 3379/1320/156 3377/244/155
f 3380/1319/156 3382/1321/157 3381/1322/157 3379/1320/156
f 3382/1321/157 3384/1323/158 3383/1324/158 3381/1322/157
f 3384/1323/158 3386/1238/159 3385/343/159 3383/1324/158
f 3386/1238/159 3388/1325/160 3387/1326/160 3385/343/159
f 3388/1325/160 3390/1327/161 3389/1328/161 3387/1326/160
f 3390/1327/161 3392/1329/162 3391/1330/162 3389/1328/161
f 3392/1329/162 3394/1331/163 3393/219/163 3391/1330/162
f 3394/1331/163 3396/1332/164 3395/1333/164 3393/219/163
f 3396/1332/164 3398/1334/165 3397/1335/165 3395/1333/164
f 3398/1334/165 3400/1336/166 3399/1337/166 3397/1335/165
f 3400/1336/166 3402/1251/167 3401/217/167 3399/1337/166
f 3402/1251/167 3404/1338/168 3403/1339/168 3401/217/167
f 3404/1338/168 3406/1340/169 3405/1341/169 3403/1339/168
f 3406/1340/169 3408/1342/170 3407/1343/170 3405/1341/169
f 3408/1342/170 3410/1344/171 3409/353/171 3407/1343/170
f 3410/1344/171 3412/1345/172 3411/1346/172 3409/353/171
f 3412/1345/172 3414/1347/173 3413/1348/173 3411/1346/172
f 3414/1347/173 3416/1349/174 3415/1350/174 3413/1348/173
f 3416/1349/174 3418/1264/175 3417/314/175 3415/1350/174
f 3418/1264/175 3420/1351/176 3419/1352/176 3417/314/175
f 3420/1351/176 3422/1353/177 3421/1354/177 3419/1352/176
f 3422/1353/177 3424/1355/178 3423/1356/178 3421/1354/177
f 3424/1355/178 3426/1357/179 3425/331/179 3423/1356/178
f 3426/1357/179 3428/1358/180 3427/1359/180 3425/331/179
f 3428/1358/180 3430/1360/181 3429/1361/181 3427/1359/180
f 3430/1360/181 3432/1362/182 3431/1363/182 3429/1361/181
f 3432/1362/182 3434/1277/183 3433/245/183 3431/1363/182
f 3434/1277/183 3436/1364/184 3435/1365/184 3433/245/183
f 3436/1364/184 3438/1366/185 3437/1367/185 3435/1365/184
f 3438/1366/185 3440/1368/186 3439/1369/186 3437/1367/185
f 3440/1368/186 3442/1370/187 3441/365/187 3439/1369/186
f 3442/1370/187 3444/1371/188 3443/1372/188 3441/365/187
f 3444/1371/188 3446/1373/189 3445/1374/189 3443/1372/188
f 3446/1373/189 3448/1375/67 3447/1376/67 3445/1374/189
f 3448/1375/67 3354/1290/143 3353/104/143 3447/1376/67
f 3450/1212/93 3452/1318/94 3451/244/94 3449/79/93
f 3452/1318/94 3454/1251/41 3453/217/41 3451/244/94
f 3454/1251/41 3456/1357/42 3455/331/42 3453/217/41
f 3456/1357/42 3450/1290/93 3449/104/93 3455/331/42
f 3458/1212/93 3460/1291/42 3459/375/42 3457/79/93
f 3460/1291/42 3462/1292/42 3461/230/42 3459/375/42
f 3462/1292/42 3464/1293/93 3463/259/93 3461/230/42
f 3464/1293/93 3466/1294/93 3465/222/93 3463/259/93
f 3466/1294/93 3468/1251/93 3467/217/93 3465/222/93
f 3468/1251/93 3470/1295/94 3469/347/94 3467/217/93
f 3470/1295/94 3472/1296/41 3471/305/41 3469/347/94
f 3472/1296/41 3474/1297/42 3473/260/42 3471/305/41
f 3474/1297/42 3476/1298/93 3475/362/93 3473/260/42
f 3476/1298/93 3458/1290/93 3457/104/93 3475/362/93
f 3478/1212/94 3480/1318/41 3479/244/41 3477/79/94
f 3480/1318/41 3482/1251/42 3481/217/42 3479/244/41
f 3482/1251/42 3484/1357/93 3483/331/93 3481/217/42
f 3484/1357/93 3478/1290/94 3477/104/94 3483/331/93
f 3486/1212/190 3488/1377/191 3487/1378/191 3485/79/190
f 3488/1377/191 3490/1379/192 3489/1380/192 3487/1378/191
f 3490/1379/192 3492/1381/193 3491/1382/193 3489/1380/192
f 3492/1381/193 3494/1383/194 3493/1384/194 3491/1382/193
f 3494/1383/194 3496/1385/195 3495/1386/195 3493/1384/194
f 3496/1385/195 3498/1387/196 3497/1388/196 3495/1386/195
f 3498/1387/196 3500/1389/197 3499/1390/197 3497/1388/196
f 3500/1389/197 3502/1391/198 3501/1392/198 3499/1390/197
f 3502/1391/198 3504/1393/199 3503/1394/199 3501/1392/198
f 3504/1393/199 3506/1395/200 3505/1396/200 3503/1394/199
f 3506/1395/200 3508/1397/201 3507/1398/201 3505/1396/200
f 3508/1397/201 3510/1399/202 3509/1400/202 3507/1398/201
f 3510/1399/202 3512/1401/203 3511/1402/203 3509/1400/202
f 3512/1401/203 3514/1403/204 3513/1404/204 3511/1402/203
f 3514/1403/204 3516/1405/205 3515/1406/205 3513/1404/204
f 3516/1405/205 3518/1407/206 3517/1408/206 3515/1406/205
f 3518/1407/206 3520/1409/207 3519/1410/207 3517/1408/206
f 3520/1409/207 3522/1411/208 3521/1412/208 3519/1410/207
f 3522/1411/208 3524/1413/209 3523/1414/209 3521/1412/208
f 3524/1413/209 3526/1415/210 3525/1416/210 3523/1414/209
f 3526/1415/210 3528/1417/211 3527/1418/211 3525/1416/210
f 3528/1417/211 3530/1419/212 3529/1420/212 3527/1418/211
f 3530/1419/212 3532/1421/213 3531/1422/213 3529/1420/212
f 3532/1421/213 3534/1423/214 3533/1424/214 3531/1422/213
f 3534/1423/214 3536/1425/215 3535/1426/215 3533/1424/214
f 3536/1425/215 3538/1427/216 3537/1428/216 3535/1426/215
f 3538/1427/216 3540/1429/217 3539/1430/217 3537/1428/216
f 3540/1429/217 3542/1431/218 3541/1432/218 3539/1430/217
f 3542/1431/218 3544/1433/219 3543/1434/219 3541/1432/218
f 3544/1433/219 3546/1435/220 3545/1436/220 3543/1434/219
f 3546/1435/220 3548/1437/221 3547/1438/221 3545/1436/220
f 3548/1437/221 3550/1439/222 3549/1440/222 3547/1438/221
f 3550/1439/222 3552/1441/223 3551/1442/223 3549/1440/222
f 3552/1441/223 3554/1443/224 3553/1444/224 3551/1442/223
f 3554/1443/224 3556/1445/225 3555/1446/225 3553/1444/224
f 3556/1445/225 3558/1447/226 3557/1448/226 3555/1446/225
f 3558/1447/226 3560/1449/227 3559/1450/227 3557/1448/226
f 3560/1449/227 3562/1451/228 3561/1452/228 3559/1450/227
f 3562/1451/228 3564/1453/229 3563/1454/229 3561/1452/228
f 3564/1453/229 3566/1455/230 3565/1456/230 3563/1454/229
f 3566/1455/230 3568/1457/231 3567/1458/231 3565/1456/230
f 3568/1457/231 3570/1459/232 3569/1460/232 3567/1458/231
f 3570/1459/232 3572/1461/233 3571/1462/233 3569/1460/232
f 3572/1461/233 3574/1463/234 3573/1464/234 3571/1462/233
f 3574/1463/234 3576/1465/235 3575/1466/235 3573/1464/234
f 3576/1465/235 3578/1467/236 3577/1468/236 3575/1466/235
f 3578/1467/236 3580/1469/237 3579/1470/237 3577/1468/236
f 3580/1469/237 3582/1471/238 3581/1472/238 3579/1470/237
f 3582/1471/238 3584/1473/239 3583/1474/239 3581/1472/238
f 3584/1473/239 3586/1475/240 3585/1476/240 3583/1474/239
f 3586/1475/240 3588/1477/241 3587/1478/241 3585/1476/240
f 3588/1477/241 3590/1479/242 3589/1480/242 3587/1478/241
f 3590/1479/242 3592/1481/243 3591/1482/243 3589/1480/242
f 3592/1481/243 3594/1483/244 3593/1484/244 3591/1482/243
f 3594/1483/244 3596/1485/245 3595/1486/245 3593/1484/244
f 3596/1485/245 3598/1487/246 3597/1488/246 3595/1486/245
f 3598/1487/246 3600/1489/247 3599/1490/247 3597/1488/246
f 3600/1489/247 3602/1491/248 3601/1492/248 3599/1490/247
f 3602/1491/248 3604/1493/249 3603/1494/249 3601/1492/248
f 3604/1493/249 3606/1495/250 3605/1496/250 3603/1494/249
f 3606/1495/250 3608/1497/251 3607/1498/251 3605/1496/250
f 3608/1497/251 3610/1499/252 3609/1500/252 3607/1498/251
f 3610/1499/252 3612/1501/253 3611/1502/253 3609/1500/252
f 3612/1501/253 3614/1503/254 3613/1504/254 3611/1502/253
f 3614/1503/254 3616/1505/255 3615/1506/255 3613/1504/254
f 3616/1505/255 3618/1507/256 3617/1508/256 3615/1506/255
f 3618/1507/256 3620/1509/257 3619/1510/257 3617/1508/256
f 3620/1509/257 3622/1511/258 3621/1512/258 3619/1510/257
f 3622/1511/258 3624/1513/259 3623/1514/259 3621/1512/258
f 3624/1513/259 3626/1515/260 3625/1516/260 3623/1514/259
f 3626/1515/260 3628/1517/261 3627/1518/261 3625/1516/260
f 3628/1517/261 3630/1519/262 3629/1520/262 3627/1518/261
f 3630/1519/262 3632/1521/263 3631/1522/263 3629/1520/262
f 3632/1521/263 3634/1523/264 3633/1524/264 3631/1522/263
f 3634/1523/264 3636/1525/265 3635/1526/265 3633/1524/264
f 3636/1525/265 3638/1527/266 3637/1528/266 3635/1526/265
f 3638/1527/266 3640/1529/267 3639/1530/267 3637/1528/266
f 3640/1529/267 3642/1531/268 3641/1532/268 3639/1530/267
f 3642/1531/268 3644/1533/269 3643/1534/269 3641/1532/268
f 3644/1533/269 3646/1535/270 3645/1536/270 3643/1534/269
f 3646/1535/270 3648/1537/271 3647/1538/271 3645/1536/270
f 3648/1537/271 3650/1539/272 3649/1540/272 3647/1538/271
f 3650/1539/272 3652/1541/273 3651/1542/273 3649/1540/272
f 3652/1541/273 3654/1543/274 3653/1544/274 3651/1542/273
f 3654/1543/274 3656/1545/275 3655/1546/275 3653/1544/274
f 3656/1545/275 3658/1547/276 3657/1548/276 3655/1546/275
f 3658/1547/276 3660/1549/277 3659/1550/277 3657/1548/276
f 3660/1549/277 3662/1551/278 3661/1552/278 3659/1550/277
f 3662/1551/278 3664/1553/279 3663/1554/279 3661/1552/278
f 3664/1553/279 3666/1555/280 3665/1556/280 3663/1554/279
f 3666/1555/280 3668/1557/281 3667/1558/281 3665/1556/280
f 3668/1557/281 3670/1559/282 3669/1560/282 3667/1558/281
f 3670/1559/282 3672/1561/283 3671/1562/283 3669/1560/282
f 3672/1561/283 3674/1563/284 3673/1564/284 3671/1562/283
f 3674/1563/284 3676/1565/285 3675/1566/285 3673/1564/284
f 3676/1565/285 3678/1567/286 3677/1568/286 3675/1566/285
f 3678/1567/286 3680/1569/287 3679/1570/287 3677/1568/286
f 3680/1569/287 3682/1571/288 3681/1572/288 3679/1570/287
f 3682/1571/288 3684/1573/289 3683/1574/289 3681/1572/288
f 3684/1573/289 3686/1575/290 3685/1576/290 3683/1574/289
f 3686/1575/290 3688/1577/291 3687/1578/291 3685/1576/290
f 3688/1577/291 3690/1579/292 3689/1580/292 3687/1578/291
f 3690/1579/292 3692/1581/293 3691/1582/293 3689/1580/292
f 3692/1581/293 3694/1583/294 3693/1584/294 3691/1582/293
f 3694/1583/294 3696/1585/295 3695/1586/295 3693/1584/294
f 3696/1585/295 3698/1587/296 3697/1588/296 3695/1586/295
f 3698/1587/296 3700/1589/297 3699/1590/297 3697/1588/296
f 3700/1589/297 3702/1591/298 3701/1592/298 3699/1590/297
f 3702/1591/298 3704/1593/299 3703/1594/299 3701/1592/298
f 3704/1593/299 3706/1595/300 3705/1596/300 3703/1594/299
f 3706/1595/300 3708/1597/301 3707/1598/301 3705/1596/300
f 3708/1597/301 3710/1599/302 3709/1600/302 3707/1598/301
f 3710/1599/302 3712/1601/303 3711/1602/303 3709/1600/302
f 3712/1601/303 3714/1603/304 3713/1604/304 3711/1602/303
f 3714/1603/304 3716/1605/305 3715/1606/305 3713/1604/304
f 3716/1605/305 3718/1607/306 3717/1608/306 3715/1606/305
f 3718/1607/306 3720/1609/307 3719/1610/307 3717/1608/306
f 3720/1609/307 3722/1611/308 3721/1612/308 3719/1610/307
f 3722/1611/308 3724/1613/309 3723/1614/309 3721/1612/308
f 3724/1613/309 3726/1615/310 3725/1616/310 3723/1614/309
f 3726/1615/310 3728/1617/311 3727/1618/311 3725/1616/310
f 3728/1617/311 3730/1619/312 3729/1620/312 3727/1618/311
f 3730/1619/312 3732/1621/313 3731/1622/313 3729/1620/312
f 3732/1621/313 3734/1623/314 3733/1624/314 3731/1622/313
f 3734/1623/314 3736/1625/315 3735/1626/315 3733/1624/314
f 3736/1625/315 3738/1627/316 3737/1628/316 3735/1626/315
f 3738/1627/316 3740/1629/317 3739/1630/317 3737/1628/316
f 3740/1629/317 3742/1631/318 3741/1632/318 3739/1630/317
f 3742/1631/318 3744/1633/319 3743/1634/319 3741/1632/318
f 3744/1633/319 3746/1635/320 3745/1636/320 3743/1634/319
f 3746/1635/320 3748/1637/321 3747/1638/321 3745/1636/320
f 3748/1637/321 3750/1639/322 3749/1640/322 3747/1638/321
f 3750/1639/322 3752/1641/323 3751/1642/323 3749/1640/322
f 3752/1641/323 3754/1643/324 3753/1644/324 3751/1642/323
f 3754/1643/324 3756/1645/325 3755/1646/325 3753/1644/324
f 3756/1645/325 3758/1647/326 3757/1648/326 3755/1646/325
f 3758/1647/326 3486/1290/190 3485/104/190 3757/1648/326
f 3760/1212/327 3762/1649/328 3761/1650/328 3759/79/327
f 3762/1649/328 3764/1651/329 3763/1652/329 3761/1650/328
f 3764/1651/329 3766/1653/330 3765/1654/330 3763/1652/329
f 3766/1653/330 3768/1655/331 3767/1656/331 3765/1654/330
f 3768/1655/331 3770/1657/332 3769/1658/332 3767/1656/331
f 3770/1657/332 3772/1659/333 3771/1660/333 3769/1658/332
f 3772/1659/333 3774/1661/334 3773/1662/334 3771/1660/333
f 3774/1661/334 3776/1663/335 3775/1664/335 3773/1662/334
f 3776/1663/335 3778/1665/336 3777/1666/336 3775/1664/335
f 3778/1665/336 3780/1667/337 3779/1668/337 3777/1666/336
f 3780/1667/337 3782/1669/338 3781/1670/338 3779/1668/337
f 3782/1669/338 3784/1671/339 3783/1672/339 3781/1670/338
f 3784/1671/339 3786/1673/340 3785/1674/340 3783/1672/339
f 3786/1673/340 3788/1675/341 3787/1676/341 3785/1674/340
f 3788/1675/341 3790/1677/342 3789/1678/342 3787/1676/341
f 3790/1677/342 3792/1679/343 3791/1680/343 3789/1678/342
f 3792/1679/343 3794/1681/344 3793/1682/344 3791/1680/343
f 3794/1681/344 3796/1683/345 3795/1684/345 3793/1682/344
f 3796/1683/345 3798/1685/346 3797/1686/346 3795/1684/345
f 3798/1685/346 3800/1687/347 3799/1688/347 3797/1686/346
f 3800/1687/347 3802/1689/348 3801/1690/348 3799/1688/347
f 3802/1689/348 3804/1691/349 3803/1692/349 3801/1690/348
f 3804/1691/349 3806/1693/350 3805/1694/350 3803/1692/349
f 3806/1693/350 3808/1695/351 3807/1696/351 3805/1694/350
f 3808/1695/351 3810/1697/352 3809/1698/352 3807/1696/351
f 3810/1697/352 3812/1699/353 3811/1700/353 3809/1698/352
f 3812/1699/353 3814/1701/354 3813/1702/354 3811/1700/353
f 3814/1701/354 3816/1703/355 3815/1704/355 3813/1702/354
f 3816/1703/355 3818/1705/356 3817/1706/356 3815/1704/355
f 3818/1705/356 3820/1707/357 3819/1708/357 3817/1706/356
f 3820/1707/357 3822/1709/358 3821/1710/358 3819/1708/357
f 3822/1709/358 3824/1711/359 3823/1712/359 3821/1710/358
f 3824/1711/359 3826/1713/360 3825/1714/360 3823/1712/359
f 3826/1713/360 3828/1715/361 3827/1716/361 3825/1714/360
f 3828/1715/361 3830/1717/362 3829/1718/362 3827/1716/361
f 3830/1717/362 3832/1719/363 3831/1720/363 3829/1718/362
f 3832/1719/363 3760/1290/327 3759/104/327 3831/1720/363
f 3834/1212/364 3836/1721/365 3835/1722/365 3833/79/364
f 3836/1721/365 3838/1723/366 3837/1724/366 3835/1722/365
f 3838/1723/366 3840/1725/367 3839/1726/367 3837/1724/366
f 3840/1725/367 3842/1727/368 3841/1728/368 3839/1726/367
f 3842/1727/368 3844/1729/369 3843/1730/369 3841/1728/368
f 3844/1729/369 3846/1731/370 3845/1732/370 3843/1730/369
f 3846/1731/370 3848/1733/371 3847/1734/371 3845/1732/370
f 3848/1733/371 3850/1735/372 3849/341/372 3847/1734/371
f 3850/1735/372 3852/1736/373 3851/1737/373 3849/341/372
f 3852/1736/373 3854/1303/374 3853/1304/374 3851/1737/373
f 3854/1303/374 3856/1738/375 3855/1739/375 3853/1304/374
f 3856/1738/375 3858/1740/376 3857/1741/376 3855/1739/375
f 3858/1740/376 3860/1742/377 3859/1743/377 3857/1741/376
f 3860/1742/377 3862/1744/378 3861/1745/378 3859/1743/377
f 3862/1744/378 3864/1746/379 3863/1747/379 3861/1745/378
f 3864/1746/379 3866/1291/380 3865/375/380 3863/1747/379
f 3866/1291/380 3868/1748/381 3867/1749/381 3865/375/380
f 3868/1748/381 3870/1750/382 3869/1751/382 3867/1749/381
f 3870/1750/382 3872/1752/383 3871/1753/383 3869/1751/382
f 3872/1752/383 3874/1308/384 3873/1309/384 3871/1753/383
f 3874/1308/384 3876/1754/385 3875/1755/385 3873/1309/384
f 3876/1754/385 3878/1756/386 3877/1757/386 3875/1755/385
f 3878/1756/386 3880/1758/387 3879/1759/387 3877/1757/386
f 3880/1758/387 3882/1760/388 3881/283/388 3879/1759/387
f 3882/1760/388 3884/1761/389 3883/1762/389 3881/283/388
f 3884/1761/389 3886/1763/390 3885/1764/390 3883/1762/389
f 3886/1763/390 3888/1765/391 3887/1766/391 3885/1764/390
f 3888/1765/391 3890/1767/392 3889/1768/392 3887/1766/391
f 3890/1767/392 3892/1769/393 3891/1770/393 3889/1768/392
f 3892/1769/393 3894/1312/394 3893/1313/394 3891/1770/393
f 3894/1312/394 3896/1771/395 3895/1772/395 3893/1313/394
f 3896/1771/395 3898/1292/396 3897/230/396 3895/1772/395
f 3898/1292/396 3900/1773/397 3899/1774/397 3897/230/396
f 3900/1773/397 3902/1775/398 3901/1776/398 3899/1774/397
f 3902/1775/398 3904/1777/399 3903/1778/399 3901/1776/398
f 3904/1777/399 3906/1779/400 3905/1780/400 3903/1778/399
f 3906/1779/400 3908/1781/401 3907/1782/401 3905/1780/400
f 3908/1781/401 3910/1783/402 3909/1784/402 3907/1782/401
f 3910/1783/402 3912/1785/403 3911/1786/403 3909/1784/402
f 3912/1785/403 3914/1318/404 3913/244/404 3911/1786/403
f 3914/1318/404 3916/1787/405 3915/1788/405 3913/244/404
f 3916/1787/405 3918/1789/406 3917/1790/406 3915/1788/405
f 3918/1789/406 3920/1791/407 3919/1792/407 3917/1790/406
f 3920/1791/407 3922/1793/408 3921/1794/408 3919/1792/407
f 3922/1793/408 3924/1795/409 3923/1796/409 3921/1794/408
f 3924/1795/409 3926/1797/410 3925/1798/410 3923/1796/409
f 3926/1797/410 3928/1799/411 3927/1800/411 3925/1798/410
f 3928/1799/411 3930/1293/412 3929/259/412 3927/1800/411
f 3930/1293/412 3932/1801/413 3931/1802/413 3929/259/412
f 3932/1801/413 3934/1323/414 3933/1324/414 3931/1802/413
f 3934/1323/414 3936/1803/415 3935/1804/415 3933/1324/414
f 3936/1803/415 3938/1805/416 3937/1806/416 3935/1804/415
f 3938/1805/416 3940/1807/417 3939/1808/417 3937/1806/416
f 3940/1807/417 3942/1809/418 3941/1810/418 3939/1808/417
f 3942/1809/418 3944/1811/419 3943/1812/419 3941/1810/418
f 3944/1811/419 3946/1813/420 3945/346/420 3943/1812/419
f 3946/1813/420 3948/1814/421 3947/1815/421 3945/346/420
f 3948/1814/421 3950/1816/422 3949/1817/422 3947/1815/421
f 3950/1816/422 3952/1818/423 3951/1819/423 3949/1817/422
f 3952/1818/423 3954/1327/424 3953/1328/424 3951/1819/423
f 3954/1327/424 3956/1820/425 3955/1821/425 3953/1328/424
f 3956/1820/425 3958/1822/426 3957/1823/426 3955/1821/425
f 3958/1822/426 3960/1824/427 3959/1825/427 3957/1823/426
f 3960/1824/427 3962/1294/428 3961/222/428 3959/1825/427
f 3962/1294/428 3964/1826/429 3963/1827/429 3961/222/428
f 3964/1826/429 3966/1828/430 3965/1829/430 3963/1827/429
f 3966/1828/430 3968/1830/431 3967/1831/431 3965/1829/430
f 3968/1830/431 3970/1832/432 3969/1833/432 3967/1831/431
f 3970/1832/432 3972/1834/433 3971/1835/433 3969/1833/432
f 3972/1834/433 3974/1332/434 3973/1333/434 3971/1835/433
f 3974/1332/434 3976/1836/435 3975/1837/435 3973/1333/434
f 3976/1836/435 3978/1838/436 3977/211/436 3975/1837/435
f 3978/1838/436 3980/1839/437 3979/1840/437 3977/211/436
f 3980/1839/437 3982/1841/438 3981/1842/438 3979/1840/437
f 3982/1841/438 3984/1843/439 3983/1844/439 3981/1842/438
f 3984/1843/439 3986/1845/440 3985/1846/440 3983/1844/439
f 3986/1845/440 3988/1847/441 3987/1848/441 3985/1846/440
f 3988/1847/441 3990/1849/442 3989/1850/442 3987/1848/441
f 3990/1849/442 3992/1851/443 3991/1852/443 3989/1850/442
f 3992/1851/443 3994/1251/444 3993/217/444 3991/1852/443
f 3994/1251/444 3996/1853/445 3995/1854/445 3993/217/444
f 3996/1853/445 3998/1855/446 3997/1856/446 3995/1854/445
f 3998/1855/446 4000/1857/447 3999/1858/447 3997/1856/446
f 4000/1857/447 4002/1859/448 4001/1860/448 3999/1858/447
f 4002/1859/448 4004/1861/449 4003/1862/449 4001/1860/448
f 4004/1861/449 4006/1863/450 4005/1864/450 4003/1862/449
f 4006/1863/450 4008/1865/451 4007/1866/451 4005/1864/450
f 4008/1865/451 4010/1867/452 4009/372/452 4007/1866/451
f 4010/1867/452 4012/1868/453 4011/1869/453 4009/372/452
f 4012/1868/453 4014/1342/454 4013/1343/454 4011/1869/453
f 4014/1342/454 4016/1870/455 4015/1871/455 4013/1343/454
f 4016/1870/455 4018/1872/456 4017/1873/456 4015/1871/455
f 4018/1872/456 4020/1874/457 4019/1875/457 4017/1873/456
f 4020/1874/457 4022/1876/458 4021/1877/458 4019/1875/457
f 4022/1876/458 4024/1878/459 4023/1879/459 4021/1877/458
f 4024/1878/459 4026/1295/460 4025/347/460 4023/1879/459
f 4026/1295/460 4028/1880/461 4027/1881/461 4025/347/460
f 4028/1880/461 4030/1882/462 4029/1883/462 4027/1881/461
f 4030/1882/462 4032/1884/463 4031/1885/463 4029/1883/462
f 4032/1884/463 4034/1347/464 4033/1348/464 4031/1885/463
f 4034/1347/464 4036/1886/465 4035/1887/465 4033/1348/464
f 4036/1886/465 4038/1888/466 4037/1889/466 4035/1887/465
f 4038/1888/466 4040/1890/467 4039/1891/467 4037/1889/466
f 4040/1890/467 4042/1892/468 4041/321/468 4039/1891/467
f 4042/1892/468 4044/1893/469 4043/1894/469 4041/321/468
f 4044/1893/469 4046/1895/470 4045/1896/470 4043/1894/469
f 4046/1895/470 4048/1897/471 4047/1898/471 4045/1896/470
f 4048/1897/471 4050/1899/472 4049/1900/472 4047/1898/471
f 4050/1899/472 4052/1901/473 4051/1902/473 4049/1900/472
f 4052/1901/473 4054/1351/474 4053/1352/474 4051/1902/473
f 4054/1351/474 4056/1903/475 4055/1904/475 4053/1352/474
f 4056/1903/475 4058/1296/476 4057/305/476 4055/1904/475
f 4058/1296/476 4060/1905/477 4059/1906/477 4057/305/476
f 4060/1905/477 4062/1907/478 4061/1908/478 4059/1906/477
f 4062/1907/478 4064/1909/479 4063/1910/479 4061/1908/478
f 4064/1909/479 4066/1911/480 4065/1912/480 4063/1910/479
f 4066/1911/480 4068/1913/481 4067/1914/481 4065/1912/480
f 4068/1913/481 4070/1915/482 4069/1916/482 4067/1914/481
f 4070/1915/482 4072/1917/483 4071/1918/483 4069/1916/482
f 4072/1917/483 4074/1357/484 4073/331/484 4071/1918/483
f 4074/1357/484 4076/1919/485 4075/1920/485 4073/331/484
f 4076/1919/485 4078/1921/486 4077/1922/486 4075/1920/485
f 4078/1921/486 4080/1923/487 4079/1924/487 4077/1922/486
f 4080/1923/487 4082/1925/488 4081/1926/488 4079/1924/487
f 4082/1925/488 4084/1927/489 4083/1928/489 4081/1926/488
f 4084/1927/489 4086/1929/490 4085/1930/490 4083/1928/489
f 4086/1929/490 4088/1931/491 4087/1932/491 4085/1930/490
f 4088/1931/491 4090/1297/492 4089/260/492 4087/1932/491
f 4090/1297/492 4092/1933/493 4091/1934/493 4089/260/492
f 4092/1933/493 4094/1362/494 4093/1363/494 4091/1934/493
f 4094/1362/494 4096/1935/495 4095/1936/495 4093/1363/494
f 4096/1935/495 4098/1937/496 4097/1938/496 4095/1936/495
f 4098/1937/496 4100/1939/497 4099/1940/497 4097/1938/496
f 4100/1939/497 4102/1941/498 4101/1942/498 4099/1940/497
f 4102/1941/498 4104/1943/499 4103/1944/499 4101/1942/498
f 4104/1943/499 4106/1945/500 4105/236/500 4103/1944/499
f 4106/1945/500 4108/1946/501 4107/1947/501 4105/236/500
f 4108/1946/501 4110/1948/502 4109/1949/502 4107/1947/501
f 4110/1948/502 4112/1950/503 4111/1951/503 4109/1949/502
f 4112/1950/503 4114/1366/504 4113/1367/504 4111/1951/503
f 4114/1366/504 4116/1952/505 4115/1953/505 4113/1367/504
f 4116/1952/505 4118/1954/506 4117/1955/506 4115/1953/505
f 4118/1954/506 4120/1956/507 4119/1957/507 4117/1955/506
f 4120/1956/507 4122/1298/508 4121/362/508 4119/1957/507
f 4122/1298/508 4124/1958/509 4123/1959/509 4121/362/508
f 4124/1958/509 4126/1960/510 4125/1961/510 4123/1959/509
f 4126/1960/510 4128/1962/511 4127/1963/511 4125/1961/510
f 4128/1962/511 4130/1964/512 4129/1965/512 4127/1963/511
f 4130/1964/512 4132/1966/513 4131/1967/513 4129/1965/512
f 4132/1966/513 4134/1371/514 4133/1372/514 4131/1967/513
f 4134/1371/514 4136/1968/515 4135/1969/515 4133/1372/514
f 4136/1968/515 4138/1970/516 4137/274/516 4135/1969/515
f 4138/1970/516 4140/1971/517 4139/1972/517 4137/274/516
f 4140/1971/517 4142/1973/518 4141/1974/518 4139/1972/517
f 4142/1973/518 4144/1975/519 4143/1976/519 4141/1974/518
f 4144/1975/519 4146/1977/520 4145/1978/520 4143/1976/519
f 4146/1977/520 4148/1979/521 4147/1980/521 4145/1978/520
f 4148/1979/521 4150/1981/42 4149/1982/42 4147/1980/521
f 4150/1981/42 4152/1983/93 4151/1984/93 4149/1982/42
f 4152/1983/93 3834/1290/364 3833/104/364 4151/1984/93
f 4154/1212/522 4156/1299/523 4155/1300/523 4153/79/522
f 4156/1299/523 4158/1301/524 4157/1302/524 4155/1300/523
f 4158/1301/524 4160/1303/525 4159/1304/525 4157/1302/524
f 4160/1303/525 4162/1305/526 4161/282/526 4159/1304/525
f 4162/1305/526 4164/1306/527 4163/1307/527 4161/282/526
f 4164/1306/527 4166/1308/528 4165/1309/528 4163/1307/527
f 4166/1308/528 4168/1310/529 4167/1311/529 4165/1309/528
f 4168/1310/529 4170/1225/530 4169/356/530 4167/1311/529
f 4170/1225/530 4172/1312/531 4171/1313/531 4169/356/530
f 4172/1312/531 4174/1314/532 4173/1315/532 4171/1313/531
f 4174/1314/532 4176/1316/533 4175/1317/533 4173/1315/532
f 4176/1316/533 4178/1318/534 4177/244/534 4175/1317/533
f 4178/1318/534 4180/1319/535 4179/1320/535 4177/244/534
f 4180/1319/535 4182/1321/536 4181/1322/536 4179/1320/535
f 4182/1321/536 4184/1323/537 4183/1324/537 4181/1322/536
f 4184/1323/537 4186/1238/538 4185/343/538 4183/1324/537
f 4186/1238/538 4188/1325/539 4187/1326/539 4185/343/538
f 4188/1325/539 4190/1327/540 4189/1328/540 4187/1326/539
f 4190/1327/540 4192/1329/541 4191/1330/541 4189/1328/540
f 4192/1329/541 4194/1331/542 4193/219/542 4191/1330/541
f 4194/1331/542 4196/1332/543 4195/1333/543 4193/219/542
f 4196/1332/543 4198/1334/544 4197/1335/544 4195/1333/543
f 4198/1334/544 4200/1336/545 4199/1337/545 4197/1335/544
f 4200/1336/545 4202/1251/546 4201/217/546 4199/1337/545
f 4202/1251/546 4204/1338/547 4203/1339/547 4201/217/546
f 4204/1338/547 4206/1340/548 4205/1341/548 4203/1339/547
f 4206/1340/548 4208/1342/549 4207/1343/549 4205/1341/548
f 4208/1342/549 4210/1344/550 4209/353/550 4207/1343/549
f 4210/1344/550 4212/1345/551 4211/1346/551 4209/353/550
f 4212/1345/551 4214/1347/552 4213/1348/552 4211/1346/551
f 4214/1347/552 4216/1349/553 4215/1350/553 4213/1348/552
f 4216/1349/553 4218/1264/554 4217/314/554 4215/1350/553
f 4218/1264/554 4220/1351/555 4219/1352/555 4217/314/554
f 4220/1351/555 4222/1353/556 4221/1354/556 4219/1352/555
f 4222/1353/556 4224/1355/557 4223/1356/557 4221/1354/556
f 4224/1355/557 4226/1357/558 4225/331/558 4223/1356/557
f 4226/1357/558 4228/1358/559 4227/1359/559 4225/331/558
f 4228/1358/559 4230/1360/560 4229/1361/560 4227/1359/559
f 4230/1360/560 4232/1362/561 4231/1363/561 4229/1361/560
f 4232/1362/561 4234/1277/562 4233/245/562 4231/1363/561
f 4234/1277/562 4236/1364/563 4235/1365/563 4233/245/562
f 4236/1364/563 4238/1366/564 4237/1367/564 4235/1365/563
f 4238/1366/564 4240/1368/565 4239/1369/565 4237/1367/564
f 4240/1368/565 4242/1370/566 4241/365/566 4239/1369/565
f 4242/1370/566 4244/1371/567 4243/1372/567 4241/365/566
f 4244/1371/567 4246/1373/568 4245/1374/568 4243/1372/567
f 4246/1373/568 4248/1375/569 4247/1376/569 4245/1374/568
f 4248/1375/569 4154/1290/522 4153/104/522 4247/1376/569
f 4250/1212/570 4252/1299/571 4251/1300/571 4249/79/570
f 4252/1299/571 4254/1301/572 4253/1302/572 4251/1300/571
f 4254/1301/572 4256/1303/573 4255/1304/573 4253/1302/572
f 4256/1303/573 4258/1305/574 4257/282/574 4255/1304/573
f 4258/1305/574 4260/1306/575 4259/1307/575 4257/282/574
f 4260/1306/575 4262/1308/576 4261/1309/576 4259/1307/575
f 4262/1308/576 4264/1310/577 4263/1311/577 4261/1309/576
f 4264/1310/577 4266/1225/578 4265/356/578 4263/1311/577
f 4266/1225/578 4268/1312/579 4267/1313/579 4265/356/578
f 4268/1312/579 4270/1314/580 4269/1315/580 4267/1313/579
f 4270/1314/580 4272/1316/581 4271/1317/581 4269/1315/580
f 4272/1316/581 4274/1318/582 4273/244/582 4271/1317/581
f 4274/1318/582 4276/1319/583 4275/1320/583 4273/244/582
f 4276/1319/583 4278/1321/584 4277/1322/584 4275/1320/583
f 4278/1321/584 4280/1323/585 4279/1324/585 4277/1322/584
f 4280/1323/585 4282/1238/586 4281/343/586 4279/1324/585
f 4282/1238/586 4284/1325/587 4283/1326/587 4281/343/586
f 4284/1325/587 4286/1327/588 4285/1328/588 4283/1326/587
f 4286/1327/588 4288/1329/589 4287/1330/589 4285/1328/588
f 4288/1329/589 4290/1331/590 4289/219/590 4287/1330/589
f 4290/1331/590 4292/1332/591 4291/1333/591 4289/219/590
f 4292/1332/591 4294/1334/592 4293/1335/592 4291/1333/591
f 4294/1334/592 4296/1336/593 4295/1337/593 4293/1335/592
f 4296/1336/593 4298/1251/594 4297/217/594 4295/1337/593
f 4298/1251/594 4300/1338/595 4299/1339/595 4297/217/594
f 4300/1338/595 4302/1340/596 4301/1341/596 4299/1339/595
f 4302/1340/596 4304/1342/597 4303/1343/597 4301/1341/596
f 4304/1342/597 4306/1344/598 4305/353/598 4303/1343/597
f 4306/1344/598 4308/1345/599 4307/1346/599 4305/353/598
f 4308/1345/599 4310/1347/600 4309/1348/600 4307/1346/599
f 4310/1347/600 4312/1349/601 4311/1350/601 4309/1348/600
f 4312/1349/601 4314/1264/602 4313/314/602 4311/1350/601
f 4314/1264/602 4316/1351/603 4315/1352/603 4313/314/602
f 4316/1351/603 4318/1353/604 4317/1354/604 4315/1352/603
f 4318/1353/604 4320/1355/605 4319/1356/605 4317/1354/604
f 4320/1355/605 4322/1357/606 4321/331/606 4319/1356/605
f 4322/1357/606 4324/1358/607 4323/1359/607 4321/331/606
f 4324/1358/607 4326/1360/608 4325/1361/608 4323/1359/607
f 4326/1360/608 4328/1362/609 4327/1363/609 4325/1361/608
f 4328/1362/609 4330/1277/610 4329/245/610 4327/1363/609
f 4330/1277/610 4332/1364/611 4331/1365/611 4329/245/610
f 4332/1364/611 4334/1366/612 4333/1367/612 4331/1365/611
f 4334/1366/612 4336/1368/613 4335/1369/613 4333/1367/612
f 4336/1368/613 4338/1370/614 4337/365/614 4335/1369/613
f 4338/1370/614 4340/1371/615 4339/1372/615 4337/365/614
f 4340/1371/615 4342/1373/616 4341/1374/616 4339/1372/615
f 4342/1373/616 4344/1375/617 4343/1376/617 4341/1374/616
f 4344/1375/617 4250/1290/570 4249/104/570 4343/1376/617
f 4346/1212/618 4348/1985/619 4347/1986/619 4345/79/618
f 4348/1985/619 4350/1987/620 4349/1988/620 4347/1986/619
f 4350/1987/620 4352/1989/621 4351/1990/621 4349/1988/620
f 4352/1989/621 4354/1991/622 4353/1992/622 4351/1990/621
f 4354/1991/622 4356/1993/623 4355/1994/623 4353/1992/622
f 4356/1993/623 4358/1995/624 4357/1996/624 4355/1994/623
f 4358/1995/624 4360/1997/625 4359/1998/625 4357/1996/624
f 4360/1997/625 4362/1999/626 4361/2000/626 4359/1998/625
f 4362/1999/626 4364/2001/627 4363/2002/627 4361/2000/626
f 4364/2001/627 4366/2003/628 4365/2004/628 4363/2002/627
f 4366/2003/628 4368/2005/629 4367/2006/629 4365/2004/628
f 4368/2005/629 4370/2007/630 4369/2008/630 4367/2006/629
f 4370/2007/630 4372/2009/631 4371/2010/631 4369/2008/630
f 4372/2009/631 4374/2011/632 4373/2012/632 4371/2010/631
f 4374/2011/632 4376/2013/633 4375/2014/633 4373/2012/632
f 4376/2013/633 4378/2015/634 4377/2016/634 4375/2014/633
f 4378/2015/634 4380/2017/635 4379/2018/635 4377/2016/634
f 4380/2017/635 4382/2019/636 4381/2020/636 4379/2018/635
f 4382/2019/636 4384/2021/637 4383/2022/637 4381/2020/636
f 4384/2021/637 4386/2023/638 4385/2024/638 4383/2022/637
f 4386/2023/638 4388/2025/639 4387/2026/639 4385/2024/638
f 4388/2025/639 4390/2027/640 4389/2028/640 4387/2026/639
f 4390/2027/640 4392/2029/641 4391/2030/641 4389/2028/640
f 4392/2029/641 4394/2031/93 4393/2032/93 4391/2030/641
f 4394/2031/93 4396/2033/93 4395/2034/93 4393/2032/93
f 4396/2033/93 4398/2035/94 4397/2036/94 4395/2034/93
f 4398/2035/94 4400/2037/41 4399/2038/41 4397/2036/94
f 4400/2037/41 4402/2039/642 4401/2040/642 4399/2038/41
f 4402/2039/642 4346/1290/618 4345/104/618 4401/2040/642
f 4404/1212/643 4406/2041/644 4405/708/644 4403/79/643
f 4406/2041/644 4408/2042/645 4407/686/645 4405/708/644
f 4408/2042/645 4410/2043/646 4409/293/646 4407/686/645
f 4410/2043/646 4412/2044/647 4411/640/647 4409/293/646
f 4412/2044/647 4414/2045/648 4413/642/648 4411/640/647
f 4414/2045/648 4416/2046/649 4415/237/649 4413/642/648
f 4416/2046/649 4418/2047/650 4417/714/650 4415/237/649
f 4418/2047/650 4420/2048/651 4419/704/651 4417/714/650
f 4420/2048/651 4422/1238/652 4421/343/652 4419/704/651
f 4422/1238/652 4424/2049/653 4423/697/653 4421/343/652
f 4424/2049/653 4426/2050/654 4425/694/654 4423/697/653
f 4426/2050/654 4428/2051/655 4427/213/655 4425/694/654
f 4428/2051/655 4430/2052/656 4429/658/656 4427/213/655
f 4430/2052/656 4432/2053/657 4431/634/657 4429/658/656
f 4432/2053/657 4434/2054/658 4433/370/658 4431/634/657
f 4434/2054/658 4436/2055/659 4435/657/659 4433/370/658
f 4436/2055/659 4438/2056/660 4437/712/660 4435/657/659
f 4438/2056/660 4440/1264/661 4439/314/661 4437/712/660
f 4440/1264/661 4442/2057/662 4441/674/662 4439/314/661
f 4442/2057/662 4444/2058/663 4443/713/663 4441/674/662
f 4444/2058/663 4446/2059/664 4445/268/664 4443/713/663
f 4446/2059/664 4448/2060/665 4447/665/665 4445/268/664
f 4448/2060/665 4450/2061/666 4449/668/666 4447/665/665
f 4450/2061/666 4452/2062/667 4451/360/667 4449/668/666
f 4452/2062/667 4454/2063/93 4453/677/93 4451/360/667
f 4454/2063/93 4456/2064/42 4455/692/42 4453/677/93
f 4456/2064/42 4404/1290/643 4403/104/643 4455/692/42
f 4458/1212/668 4460/2065/669 4459/2066/669 4457/79/668
f 4460/2065/669 4462/2067/670 4461/2068/670 4459/2066/669
f 4462/2067/670 4464/2069/671 4463/2070/671 4461/2068/670
f 4464/2069/671 4466/2071/672 4465/2072/672 4463/2070/671
f 4466/2071/672 4468/2073/673 4467/2074/673 4465/2072/672
f 4468/2073/673 4470/2075/674 4469/2076/674 4467/2074/673
f 4470/2075/674 4472/1308/675 4471/1309/675 4469/2076/674
f 4472/1308/675 4474/2077/676 4473/1161/676 4471/1309/675
f 4474/2077/676 4476/2078/677 4475/2079/677 4473/1161/676
f 4476/2078/677 4478/2080/678 4477/2081/678 4475/2079/677
f 4478/2080/678 4480/2082/679 4479/2083/679 4477/2081/678
f 4480/2082/679 4482/2084/680 4481/2085/680 4479/2083/679
f 4482/2084/680 4484/2086/681 4483/2087/681 4481/2085/680
f 4484/2086/681 4486/1318/682 4485/244/682 4483/2087/681
f 4486/1318/682 4488/2088/683 4487/2089/683 4485/244/682
f 4488/2088/683 4490/2090/684 4489/1151/684 4487/2089/683
f 4490/2090/684 4492/2091/685 4491/2092/685 4489/1151/684
f 4492/2091/685 4494/2093/686 4493/2094/686 4491/2092/685
f 4494/2093/686 4496/2095/687 4495/2096/687 4493/2094/686
f 4496/2095/687 4498/2097/688 4497/2098/688 4495/2096/687
f 4498/2097/688 4500/1327/689 4499/1328/689 4497/2098/688
f 4500/1327/689 4502/2099/690 4501/2100/690 4499/1328/689
f 4502/2099/690 4504/2101/691 4503/2102/691 4501/2100/690
f 4504/2101/691 4506/2103/692 4505/1146/692 4503/2102/691
f 4506/2103/692 4508/2104/41 4507/2105/41 4505/1146/692
f 4508/2104/41 4510/2106/42 4509/2107/42 4507/2105/41
f 4510/2106/42 4512/2108/693 4511/2109/693 4509/2107/42
f 4512/2108/693 4514/1251/694 4513/217/694 4511/2109/693
f 4514/1251/694 4516/2110/695 4515/2111/695 4513/217/694
f 4516/2110/695 4518/2112/696 4517/2113/696 4515/2111/695
f 4518/2112/696 4520/2114/697 4519/2115/697 4517/2113/696
f 4520/2114/697 4522/2116/698 4521/1165/698 4519/2115/697
f 4522/2116/698 4524/2117/699 4523/2118/699 4521/1165/698
f 4524/2117/699 4526/2119/700 4525/2120/700 4523/2118/699
f 4526/2119/700 4528/1347/701 4527/1348/701 4525/2120/700
f 4528/1347/701 4530/2121/702 4529/2122/702 4527/1348/701
f 4530/2121/702 4532/2123/703 4531/2124/703 4529/2122/702
f 4532/2123/703 4534/2125/704 4533/2126/704 4531/2124/703
f 4534/2125/704 4536/2127/705 4535/2128/705 4533/2126/704
f 4536/2127/705 4538/2129/706 4537/1185/706 4535/2128/705
f 4538/2129/706 4540/2130/707 4539/2131/707 4537/1185/706
f 4540/2130/707 4542/1357/708 4541/331/708 4539/2131/707
f 4542/1357/708 4544/2132/709 4543/2133/709 4541/331/708
f 4544/2132/709 4546/2134/710 4545/2135/710 4543/2133/709
f 4546/2134/710 4548/2136/711 4547/2137/711 4545/2135/710
f 4548/2136/711 4550/2138/712 4549/2139/712 4547/2137/711
f 4550/2138/712 4552/2140/713 4551/2141/713 4549/2139/712
f 4552/2140/713 4554/2142/714 4553/1190/714 4551/2141/713
f 4554/2142/714 4556/1366/715 4555/1367/715 4553/1190/714
f 4556/1366/715 4558/2143/716 4557/2144/716 4555/1367/715
f 4558/2143/716 4560/2145/717 4559/2146/717 4557/2144/716
f 4560/2145/717 4562/2147/41 4561/2148/41 4559/2146/717
f 4562/2147/41 4564/2149/42 4563/2150/42 4561/2148/41
f 4564/2149/42 4566/2151/93 4565/2152/93 4563/2150/42
f 4566/2151/93 4568/2153/93 4567/2154/93 4565/2152/93
f 4568/2153/93 4458/1290/668 4457/104/668 4567/2154/93
f 4570/1212/718 4572/2155/719 4571/2156/719 4569/79/718
f 4572/2155/719 4574/2157/720 4573/2158/720 4571/2156/719
f 4574/2157/720 4576/2159/721 4575/2160/721 4573/2158/720
f 4576/2159/721 4578/2161/722 4577/2162/722 4575/2160/721
f 4578/2161/722 4580/2163/723 4579/2164/723 4577/2162/722
f 4580/2163/723 4582/2165/724 4581/2166/724 4579/2164/723
f 4582/2165/724 4584/2167/725 4583/2168/725 4581/2166/724
f 4584/2167/725 4586/2169/726 4585/2170/726 4583/2168/725
f 4586/2169/726 4588/2171/727 4587/2172/727 4585/2170/726
f 4588/2171/727 4590/2173/728 4589/2174/728 4587/2172/727
f 4590/2173/728 4592/2175/729 4591/2176/729 4589/2174/728
f 4592/2175/729 4594/2177/730 4593/2178/730 4591/2176/729
f 4594/2177/730 4596/2179/731 4595/2180/731 4593/2178/730
f 4596/2179/731 4598/2181/732 4597/2182/732 4595/2180/731
f 4598/2181/732 4600/2183/733 4599/2184/733 4597/2182/732
f 4600/2183/733 4602/2185/734 4601/2186/734 4599/2184/733
f 4602/2185/734 4604/2187/526 4603/2188/526 4601/2186/734
f 4604/2187/526 4606/2189/735 4605/2190/735 4603/2188/526
f 4606/2189/735 4608/2191/736 4607/2192/736 4605/2190/735
f 4608/2191/736 4610/2193/737 4609/2194/737 4607/2192/736
f 4610/2193/737 4612/2195/738 4611/2196/738 4609/2194/737
f 4612/2195/738 4614/2197/739 4613/2198/739 4611/2196/738
f 4614/2197/739 4616/2199/740 4615/2200/740 4613/2198/739
f 4616/2199/740 4618/2201/741 4617/2202/741 4615/2200/740
f 4618/2201/741 4620/2203/742 4619/2204/742 4617/2202/741
f 4620/2203/742 4622/2205/743 4621/2206/743 4619/2204/742
f 4622/2205/743 4624/2207/744 4623/2208/744 4621/2206/743
f 4624/2207/744 4626/2209/745 4625/2210/745 4623/2208/744
f 4626/2209/745 4628/2211/746 4627/2212/746 4625/2210/745
f 4628/2211/746 4630/2213/747 4629/2214/747 4627/2212/746
f 4630/2213/747 4632/2215/748 4631/2216/748 4629/2214/747
f 4632/2215/748 4634/2217/749 4633/2218/749 4631/2216/748
f 4634/2217/749 4636/2219/750 4635/2220/750 4633/2218/749
f 4636/2219/750 4638/2221/751 4637/2222/751 4635/2220/750
f 4638/2221/751 4640/2223/752 4639/2224/752 4637/2222/751
f 4640/2223/752 4642/2225/753 4641/2226/753 4639/2224/752
f 4642/2225/753 4644/2227/754 4643/2228/754 4641/2226/753
f 4644/2227/754 4646/2229/755 4645/2230/755 4643/2228/754
f 4646/2229/755 4648/2231/756 4647/2232/756 4645/2230/755
f 4648/2231/756 4650/2233/757 4649/2234/757 4647/2232/756
f 4650/2233/757 4652/2235/758 4651/2236/758 4649/2234/757
f 4652/2235/758 4654/2237/759 4653/2238/759 4651/2236/758
f 4654/2237/759 4656/2239/760 4655/2240/760 4653/2238/759
f 4656/2239/760 4658/2241/761 4657/2242/761 4655/2240/760
f 4658/2241/761 4660/2243/762 4659/2244/762 4657/2242/761
f 4660/2243/762 4662/2245/763 4661/2246/763 4659/2244/762
f 4662/2245/763 4664/2247/764 4663/2248/764 4661/2246/763
f 4664/2247/764 4666/2249/765 4665/2250/765 4663/2248/764
f 4666/2249/765 4668/2251/766 4667/2252/766 4665/2250/765
f 4668/2251/766 4670/2253/767 4669/2254/767 4667/2252/766
f 4670/2253/767 4672/2255/768 4671/2256/768 4669/2254/767
f 4672/2255/768 4674/2257/769 4673/2258/769 4671/2256/768
f 4674/2257/769 4676/2259/770 4675/2260/770 4673/2258/769
f 4676/2259/770 4678/2261/771 4677/2262/771 4675/2260/770
f 4678/2261/771 4680/2263/772 4679/2264/772 4677/2262/771
f 4680/2263/772 4682/2265/773 4681/2266/773 4679/2264/772
f 4682/2265/773 4684/2267/774 4683/2268/774 4681/2266/773
f 4684/2267/774 4686/2269/775 4685/2270/775 4683/2268/774
f 4686/2269/775 4688/2271/776 4687/2272/776 4685/2270/775
f 4688/2271/776 4690/2273/777 4689/2274/777 4687/2272/776
f 4690/2273/777 4692/2275/778 4691/2276/778 4689/2274/777
f 4692/2275/778 4694/2277/779 4693/2278/779 4691/2276/778
f 4694/2277/779 4696/2279/780 4695/2280/780 4693/2278/779
f 4696/2279/780 4698/2281/781 4697/2282/781 4695/2280/780
f 4698/2281/781 4700/2283/782 4699/2284/782 4697/2282/781
f 4700/2283/782 4702/2285/783 4701/2286/783 4699/2284/782
f 4702/2285/783 4704/1251/205 4703/217/205 4701/2286/783
f 4704/1251/205 4706/2287/784 4705/2288/784 4703/217/205
f 4706/2287/784 4708/2289/785 4707/2290/785 4705/2288/784
f 4708/2289/785 4710/2291/786 4709/2292/786 4707/2290/785
f 4710/2291/786 4712/2293/787 4711/2294/787 4709/2292/786
f 4712/2293/787 4714/2295/788 4713/2296/788 4711/2294/787
f 4714/2295/788 4716/2297/789 4715/2298/789 4713/2296/788
f 4716/2297/789 4718/2299/790 4717/2300/790 4715/2298/789
f 4718/2299/790 4720/2301/791 4719/2302/791 4717/2300/790
f 4720/2301/791 4722/2303/792 4721/2304/792 4719/2302/791
f 4722/2303/792 4724/2305/793 4723/2306/793 4721/2304/792
f 4724/2305/793 4726/2307/794 4725/2308/794 4723/2306/793
f 4726/2307/794 4728/2309/795 4727/2310/795 4725/2308/794
f 4728/2309/795 4730/2311/796 4729/2312/796 4727/2310/795
f 4730/2311/796 4732/2313/797 4731/2314/797 4729/2312/796
f 4732/2313/797 4734/2315/798 4733/2316/798 4731/2314/797
f 4734/2315/798 4736/2317/799 4735/2318/799 4733/2316/798
f 4736/2317/799 4738/2319/800 4737/2320/800 4735/2318/799
f 4738/2319/800 4740/2321/801 4739/2322/801 4737/2320/800
f 4740/2321/801 4742/2323/802 4741/2324/802 4739/2322/801
f 4742/2323/802 4744/2325/803 4743/2326/803 4741/2324/802
f 4744/2325/803 4746/2327/804 4745/2328/804 4743/2326/803
f 4746/2327/804 4748/2329/805 4747/2330/805 4745/2328/804
f 4748/2329/805 4750/2331/806 4749/2332/806 4747/2330/805
f 4750/2331/806 4752/2333/807 4751/2334/807 4749/2332/806
f 4752/2333/807 4754/2335/808 4753/2336/808 4751/2334/807
f 4754/2335/808 4756/2337/809 4755/2338/809 4753/2336/808
f 4756/2337/809 4758/2339/738 4757/2340/738 4755/2338/809
f 4758/2339/738 4760/2341/810 4759/2342/810 4757/2340/738
f 4760/2341/810 4762/2343/811 4761/2344/811 4759/2342/810
f 4762/2343/811 4764/2345/812 4763/2346/812 4761/2344/811
f 4764/2345/812 4766/2347/813 4765/2348/813 4763/2346/812
f 4766/2347/813 4768/2349/814 4767/2350/814 4765/2348/813
f 4768/2349/814 4770/2351/815 4769/2352/815 4767/2350/814
f 4770/2351/815 4772/2353/816 4771/2354/816 4769/2352/815
f 4772/2353/816 4774/2355/817 4773/2356/817 4771/2354/816
f 4774/2355/817 4776/2357/818 4775/2358/818 4773/2356/817
f 4776/2357/818 4778/2359/819 4777/2360/819 4775/2358/818
f 4778/2359/819 4780/2361/820 4779/2362/820 4777/2360/819
f 4780/2361/820 4782/2363/821 4781/2364/821 4779/2362/820
f 4782/2363/821 4784/2365/822 4783/2366/822 4781/2364/821
f 4784/2365/822 4786/2367/823 4785/2368/823 4783/2366/822
f 4786/2367/823 4788/2369/824 4787/2370/824 4785/2368/823
f 4788/2369/824 4790/2371/825 4789/2372/825 4787/2370/824
f 4790/2371/825 4792/2373/826 4791/2374/826 4789/2372/825
f 4792/2373/826 4794/2375/827 4793/2376/827 4791/2374/826
f 4794/2375/827 4796/2377/828 4795/2378/828 4793/2376/827
f 4796/2377/828 4798/2379/829 4797/2380/829 4795/2378/828
f 4798/2379/829 4800/2381/830 4799/2382/830 4797/2380/829
f 4800/2381/830 4802/2383/831 4801/2384/831 4799/2382/830
f 4802/2383/831 4804/2385/832 4803/2386/832 4801/2384/831
f 4804/2385/832 4806/2387/833 4805/2388/833 4803/2386/832
f 4806/2387/833 4808/2389/834 4807/2390/834 4805/2388/833
f 4808/2389/834 4810/2391/835 4809/2392/835 4807/2390/834
f 4810/2391/835 4812/2393/836 4811/2394/836 4809/2392/835
f 4812/2393/836 4814/2395/837 4813/2396/837 4811/2394/836
f 4814/2395/837 4816/2397/838 4815/2398/838 4813/2396/837
f 4816/2397/838 4818/2399/839 4817/2400/839 4815/2398/838
f 4818/2399/839 4820/2401/840 4819/2402/840 4817/2400/839
f 4820/2401/840 4822/2403/841 4821/2404/841 4819/2402/840
f 4822/2403/841 4824/2405/842 4823/2406/842 4821/2404/841
f 4824/2405/842 4826/2407/843 4825/2408/843 4823/2406/842
f 4826/2407/843 4828/2409/844 4827/2410/844 4825/2408/843
f 4828/2409/844 4830/2411/845 4829/2412/845 4827/2410/844
f 4830/2411/845 4832/2413/846 4831/2414/846 4829/2412/845
f 4832/2413/846 4834/2415/847 4833/2416/847 4831/2414/846
f 4834/2415/847 4836/2417/848 4835/2418/848 4833/2416/847
f 4836/2417/848 4570/1290/718 4569/104/718 4835/2418/848
f 4838/1212/849 4840/2419/850 4839/756/850 4837/79/849
f 4840/2419/850 4842/2420/851 4841/768/851 4839/756/850
f 4842/2420/851 4844/2421/852 4843/767/852 4841/768/851
f 4844/2421/852 4846/2422/853 4845/765/853 4843/767/852
f 4846/2422/853 4848/2423/854 4847/763/854 4845/765/853
f 4848/2423/854 4850/2424/855 4849/761/855 4847/763/854
f 4850/2424/855 4852/2425/856 4851/751/856 4849/761/855
f 4852/2425/856 4854/2426/857 4853/749/857 4851/751/856
f 4854/2426/857 4856/2427/858 4855/748/858 4853/749/857
f 4856/2427/858 4858/2428/859 4857/747/859 4855/748/858
f 4858/2428/859 4860/2429/860 4859/723/860 4857/747/859
f 4860/2429/860 4862/2430/861 4861/724/861 4859/723/860
f 4862/2430/861 4864/2431/862 4863/726/862 4861/724/861
f 4864/2431/862 4866/2432/863 4865/728/863 4863/726/862
f 4866/2432/863 4868/2433/864 4867/730/864 4865/728/863
f 4868/2433/864 4870/2434/865 4869/731/865 4867/730/864
f 4870/2434/865 4872/2435/866 4871/733/866 4869/731/865
f 4872/2435/866 4874/2436/867 4873/735/867 4871/733/866
f 4874/2436/867 4876/1238/868 4875/343/868 4873/735/867
f 4876/1238/868 4878/2437/869 4877/738/869 4875/343/868
f 4878/2437/869 4880/2438/870 4879/739/870 4877/738/869
f 4880/2438/870 4882/2439/871 4881/741/871 4879/739/870
f 4882/2439/871 4884/2440/872 4883/721/872 4881/741/871
f 4884/2440/872 4886/2441/873 4885/720/873 4883/721/872
f 4886/2441/873 4888/2442/93 4887/745/93 4885/720/873
f 4888/2442/93 4890/2443/94 4889/744/94 4887/745/93
f 4890/2443/94 4892/2444/874 4891/722/874 4889/744/94
f 4892/2444/874 4894/2445/875 4893/743/875 4891/722/874
f 4894/2445/875 4896/2446/876 4895/742/876 4893/743/875
f 4896/2446/876 4898/2447/877 4897/740/877 4895/742/876
f 4898/2447/877 4900/2448/878 4899/737/878 4897/740/877
f 4900/2448/878 4902/2449/879 4901/736/879 4899/737/878
f 4902/2449/879 4904/2450/880 4903/734/880 4901/736/879
f 4904/2450/880 4906/2451/881 4905/732/881 4903/734/880
f 4906/2451/881 4908/2452/882 4907/729/882 4905/732/881
f 4908/2452/882 4910/2453/883 4909/727/883 4907/729/882
f 4910/2453/883 4912/2454/884 4911/725/884 4909/727/883
f 4912/2454/884 4914/1264/885 4913/314/885 4911/725/884
f 4914/1264/885 4916/2455/886 4915/746/886 4913/314/885
f 4916/2455/886 4918/2456/887 4917/750/887 4915/746/886
f 4918/2456/887 4920/2457/888 4919/752/888 4917/750/887
f 4920/2457/888 4922/2458/889 4921/762/889 4919/752/888
f 4922/2458/889 4924/2459/890 4923/764/890 4921/762/889
f 4924/2459/890 4926/2460/891 4925/766/891 4923/764/890
f 4926/2460/891 4928/2461/892 4927/769/892 4925/766/891
f 4928/2461/892 4930/2462/893 4929/770/893 4927/769/892
f 4930/2462/893 4932/2463/894 4931/771/894 4929/770/893
f 4932/2463/894 4934/2464/895 4933/772/895 4931/771/894
f 4934/2464/895 4936/2465/896 4935/755/896 4933/772/895
f 4936/2465/896 4938/2466/897 4937/757/897 4935/755/896
f 4938/2466/897 4940/2467/898 4939/754/898 4937/757/897
f 4940/2467/898 4942/2468/93 4941/760/93 4939/754/898
f 4942/2468/93 4944/2469/94 4943/759/94 4941/760/93
f 4944/2469/94 4946/2470/41 4945/758/41 4943/759/94
f 4946/2470/41 4948/2471/42 4947/753/42 4945/758/41
f 4948/2471/42 4950/2472/93 4949/773/93 4947/753/42
f 4950/2472/93 4838/1290/849 4837/104/849 4949/773/93
f 4952/1212/899 4954/2473/900 4953/2474/900 4951/79/899
f 4954/2473/900 4956/2475/901 4955/2476/901 4953/2474/900
f 4956/2475/901 4958/2477/902 4957/2478/902 4955/2476/901
f 4958/2477/902 4960/2479/903 4959/2480/903 4957/2478/902
f 4960/2479/903 4962/2481/904 4961/2482/904 4959/2480/903
f 4962/2481/904 4964/2483/905 4963/2484/905 4961/2482/904
f 4964/2483/905 4966/2485/906 4965/2486/906 4963/2484/905
f 4966/2485/906 4968/2487/907 4967/2488/907 4965/2486/906
f 4968/2487/907 4970/2489/908 4969/2490/908 4967/2488/907
f 4970/2489/908 4972/2491/909 4971/2492/909 4969/2490/908
f 4972/2491/909 4974/2493/910 4973/2494/910 4971/2492/909
f 4974/2493/910 4976/2495/911 4975/2496/911 4973/2494/910
f 4976/2495/911 4978/2497/912 4977/2498/912 4975/2496/911
f 4978/2497/912 4980/2499/913 4979/2500/913 4977/2498/912
f 4980/2499/913 4982/2501/914 4981/2502/914 4979/2500/913
f 4982/2501/914 4984/2503/915 4983/2504/915 4981/2502/914
f 4984/2503/915 4986/2505/916 4985/2506/916 4983/2504/915
f 4986/2505/916 4988/2507/917 4987/2508/917 4985/2506/916
f 4988/2507/917 4990/2509/918 4989/2510/918 4987/2508/917
f 4990/2509/918 4992/2511/919 4991/2512/919 4989/2510/918
f 4992/2511/919 4994/2513/920 4993/2514/920 4991/2512/919
f 4994/2513/920 4996/2515/921 4995/2516/921 4993/2514/920
f 4996/2515/921 4998/2517/922 4997/2518/922 4995/2516/921
f 4998/2517/922 5000/2519/923 4999/2520/923 4997/2518/922
f 5000/2519/923 5002/2521/924 5001/2522/924 4999/2520/923
f 5002/2521/924 5004/2523/925 5003/2524/925 5001/2522/924
f 5004/2523/925 5006/2525/926 5005/2526/926 5003/2524/925
f 5006/2525/926 5008/2527/927 5007/2528/927 5005/2526/926
f 5008/2527/927 5010/2529/928 5009/2530/928 5007/2528/927
f 5010/2529/928 5012/2531/929 5011/2532/929 5009/2530/928
f 5012/2531/929 5014/2533/930 5013/2534/930 5011/2532/929
f 5014/2533/930 5016/2535/931 5015/2536/931 5013/2534/930
f 5016/2535/931 5018/2537/932 5017/2538/932 5015/2536/931
f 5018/2537/932 5020/2539/933 5019/2540/933 5017/2538/932
f 5020/2539/933 5022/2541/934 5021/2542/934 5019/2540/933
f 5022/2541/934 5024/2543/935 5023/2544/935 5021/2542/934
f 5024/2543/935 5026/2545/936 5025/2546/936 5023/2544/935
f 5026/2545/936 5028/2547/937 5027/2548/937 5025/2546/936
f 5028/2547/937 5030/2549/938 5029/2550/938 5027/2548/937
f 5030/2549/938 5032/2551/939 5031/2552/939 5029/2550/938
f 5032/2551/939 5034/2553/940 5033/2554/940 5031/2552/939
f 5034/2553/940 5036/2555/941 5035/2556/941 5033/2554/940
f 5036/2555/941 5038/2557/942 5037/2558/942 5035/2556/941
f 5038/2557/942 5040/2559/943 5039/2560/943 5037/2558/942
f 5040/2559/943 5042/2561/944 5041/2562/944 5039/2560/943
f 5042/2561/944 5044/2563/945 5043/2564/945 5041/2562/944
f 5044/2563/945 5046/2565/946 5045/2566/946 5043/2564/945
f 5046/2565/946 5048/2567/947 5047/2568/947 5045/2566/946
f 5048/2567/947 5050/2569/948 5049/2570/948 5047/2568/947
f 5050/2569/948 5052/2571/949 5051/2572/949 5049/2570/948
f 5052/2571/949 5054/2573/950 5053/2574/950 5051/2572/949
f 5054/2573/950 5056/2575/951 5055/2576/951 5053/2574/950
f 5056/2575/951 5058/2577/952 5057/2578/952 5055/2576/951
f 5058/2577/952 5060/2579/953 5059/2580/953 5057/2578/952
f 5060/2579/953 5062/2581/954 5061/2582/954 5059/2580/953
f 5062/2581/954 5064/2583/955 5063/2584/955 5061/2582/954
f 5064/2583/955 5066/2585/956 5065/2586/956 5063/2584/955
f 5066/2585/956 5068/2587/957 5067/2588/957 5065/2586/956
f 5068/2587/957 5070/2589/958 5069/2590/958 5067/2588/957
f 5070/2589/958 5072/2591/959 5071/2592/959 5069/2590/958
f 5072/2591/959 5074/1251/960 5073/217/960 5071/2592/959
f 5074/1251/960 5076/2593/961 5075/2594/961 5073/217/960
f 5076/2593/961 5078/2595/962 5077/2596/962 5075/2594/961
f 5078/2595/962 5080/2597/963 5079/2598/963 5077/2596/962
f 5080/2597/963 5082/2599/964 5081/2600/964 5079/2598/963
f 5082/2599/964 5084/2601/965 5083/2602/965 5081/2600/964
f 5084/2601/965 5086/2603/966 5085/2604/966 5083/2602/965
f 5086/2603/966 5088/2605/967 5087/2606/967 5085/2604/966
f 5088/2605/967 5090/2607/968 5089/2608/968 5087/2606/967
f 5090/2607/968 5092/2609/969 5091/2610/969 5089/2608/968
f 5092/2609/969 5094/2611/970 5093/2612/970 5091/2610/969
f 5094/2611/970 5096/2613/971 5095/2614/971 5093/2612/970
f 5096/2613/971 5098/2615/972 5097/2616/972 5095/2614/971
f 5098/2615/972 5100/2617/973 5099/2618/973 5097/2616/972
f 5100/2617/973 5102/2619/974 5101/2620/974 5099/2618/973
f 5102/2619/974 5104/2621/975 5103/2622/975 5101/2620/974
f 5104/2621/975 5106/2623/976 5105/2624/976 5103/2622/975
f 5106/2623/976 5108/2625/977 5107/2626/977 5105/2624/976
f 5108/2625/977 5110/2627/978 5109/2628/978 5107/2626/977
f 5110/2627/978 5112/2629/979 5111/2630/979 5109/2628/978
f 5112/2629/979 5114/2631/980 5113/2632/980 5111/2630/979
f 5114/2631/980 5116/2633/981 5115/2634/981 5113/2632/980
f 5116/2633/981 5118/2635/982 5117/2636/982 5115/2634/981
f 5118/2635/982 5120/2637/983 5119/2638/983 5117/2636/982
f 5120/2637/983 5122/2639/984 5121/2640/984 5119/2638/983
f 5122/2639/984 5124/2641/985 5123/2642/985 5121/2640/984
f 5124/2641/985 5126/2643/986 5125/2644/986 5123/2642/985
f 5126/2643/986 5128/2645/987 5127/2646/987 5125/2644/986
f 5128/2645/987 5130/2647/988 5129/2648/988 5127/2646/987
f 5130/2647/988 5132/2649/989 5131/2650/989 5129/2648/988
f 5132/2649/989 5134/2651/990 5133/2652/990 5131/2650/989
f 5134/2651/990 5136/2653/991 5135/2654/991 5133/2652/990
f 5136/2653/991 5138/2655/992 5137/2656/992 5135/2654/991
f 5138/2655/992 5140/2657/993 5139/2658/993 5137/2656/992
f 5140/2657/993 5142/2659/994 5141/2660/994 5139/2658/993
f 5142/2659/994 5144/2661/995 5143/2662/995 5141/2660/994
f 5144/2661/995 5146/2663/996 5145/2664/996 5143/2662/995
f 5146/2663/996 5148/2665/997 5147/2666/997 5145/2664/996
f 5148/2665/997 5150/2667/998 5149/2668/998 5147/2666/997
f 5150/2667/998 5152/2669/999 5151/2670/999 5149/2668/998
f 5152/2669/999 5154/2671/1000 5153/2672/1000 5151/2670/999
f 5154/2671/1000 5156/2673/1001 5155/2674/1001 5153/2672/1000
f 5156/2673/1001 5158/2675/1002 5157/2676/1002 5155/2674/1001
f 5158/2675/1002 5160/2677/1003 5159/2678/1003 5157/2676/1002
f 5160/2677/1003 5162/2679/1004 5161/2680/1004 5159/2678/1003
f 5162/2679/1004 5164/2681/1005 5163/2682/1005 5161/2680/1004
f 5164/2681/1005 5166/2683/1006 5165/2684/1006 5163/2682/1005
f 5166/2683/1006 5168/2685/1007 5167/2686/1007 5165/2684/1006
f 5168/2685/1007 5170/2687/1008 5169/2688/1008 5167/2686/1007
f 5170/2687/1008 5172/2689/1009 5171/2690/1009 5169/2688/1008
f 5172/2689/1009 5174/2691/1010 5173/2692/1010 5171/2690/1009
f 5174/2691/1010 5176/2693/1011 5175/2694/1011 5173/2692/1010
f 5176/2693/1011 5178/2695/1012 5177/2696/1012 5175/2694/1011
f 5178/2695/1012 5180/2697/1013 5179/2698/1013 5177/2696/1012
f 5180/2697/1013 5182/2699/1014 5181/2700/1014 5179/2698/1013
f 5182/2699/1014 5184/2701/1015 5183/2702/1015 5181/2700/1014
f 5184/2701/1015 5186/2703/1016 5185/2704/1016 5183/2702/1015
f 5186/2703/1016 5188/2705/1017 5187/2706/1017 5185/2704/1016
f 5188/2705/1017 5190/2707/1018 5189/2708/1018 5187/2706/1017
f 5190/2707/1018 5192/2709/1019 5191/2710/1019 5189/2708/1018
f 5192/2709/1019 5194/2711/1020 5193/2712/1020 5191/2710/1019
f 5194/2711/1020 4952/1290/899 4951/104/899 5193/2712/1020
f 5196/1212/94 5198/1727/41 5197/1728/41 5195/79/94
f 5198/1727/41 5200/1735/1021 5199/341/1021 5197/1728/41
f 5200/1735/1021 5202/1740/1022 5201/1741/1022 5199/341/1021
f 5202/1740/1022 5204/1291/1023 5203/375/1023 5201/1741/1022
f 5204/1291/1023 5206/1308/1024 5205/1309/1024 5203/375/1023
f 5206/1308/1024 5208/1760/1025 5207/283/1025 5205/1309/1024
f 5208/1760/1025 5210/1767/1026 5209/1768/1026 5207/283/1025
f 5210/1767/1026 5212/1292/1027 5211/230/1027 5209/1768/1026
f 5212/1292/1027 5214/1779/1028 5213/1780/1028 5211/230/1027
f 5214/1779/1028 5216/1318/1029 5215/244/1029 5213/1780/1028
f 5216/1318/1029 5218/1793/1030 5217/1794/1030 5215/244/1029
f 5218/1793/1030 5220/1293/1031 5219/259/1031 5217/1794/1030
f 5220/1293/1031 5222/1805/1032 5221/1806/1032 5219/259/1031
f 5222/1805/1032 5224/1813/1033 5223/346/1033 5221/1806/1032
f 5224/1813/1033 5226/1327/1034 5225/1328/1034 5223/346/1033
f 5226/1327/1034 5228/1294/1035 5227/222/1035 5225/1328/1034
f 5228/1294/1035 5230/1832/1036 5229/1833/1036 5227/222/1035
f 5230/1832/1036 5232/1838/1037 5231/211/1037 5229/1833/1036
f 5232/1838/1037 5234/1845/1038 5233/1846/1038 5231/211/1037
f 5234/1845/1038 5236/1251/1039 5235/217/1039 5233/1846/1038
f 5236/1251/1039 5238/1859/1040 5237/1860/1040 5235/217/1039
f 5238/1859/1040 5240/1867/1041 5239/372/1041 5237/1860/1040
f 5240/1867/1041 5242/1872/1042 5241/1873/1042 5239/372/1041
f 5242/1872/1042 5244/1295/1043 5243/347/1043 5241/1873/1042
f 5244/1295/1043 5246/1347/223 5245/1348/223 5243/347/1043
f 5246/1347/223 5248/1892/1044 5247/321/1044 5245/1348/223
f 5248/1892/1044 5250/1899/1045 5249/1900/1045 5247/321/1044
f 5250/1899/1045 5252/1296/1046 5251/305/1046 5249/1900/1045
f 5252/1296/1046 5254/1911/1047 5253/1912/1047 5251/305/1046
f 5254/1911/1047 5256/1357/1048 5255/331/1048 5253/1912/1047
f 5256/1357/1048 5258/1925/1049 5257/1926/1049 5255/331/1048
f 5258/1925/1049 5260/1297/1050 5259/260/1050 5257/1926/1049
f 5260/1297/1050 5262/1937/1051 5261/1938/1051 5259/260/1050
f 5262/1937/1051 5264/1945/1052 5263/236/1052 5261/1938/1051
f 5264/1945/1052 5266/1366/1053 5265/1367/1053 5263/236/1052
f 5266/1366/1053 5268/1298/1054 5267/362/1054 5265/1367/1053
f 5268/1298/1054 5270/1964/1055 5269/1965/1055 5267/362/1054
f 5270/1964/1055 5272/1970/1056 5271/274/1056 5269/1965/1055
f 5272/1970/1056 5274/1977/93 5273/1978/93 5271/274/1056
f 5274/1977/93 5196/1290/94 5195/104/94 5273/1978/93
f 5276/1212/1057 5278/2713/1058 5277/2714/1058 5275/79/1057
f 5278/2713/1058 5280/2421/1059 5279/767/1059 5277/2714/1058
f 5280/2421/1059 5282/2715/1060 5281/2716/1060 5279/767/1059
f 5282/2715/1060 5284/2424/1061 5283/761/1061 5281/2716/1060
f 5284/2424/1061 5286/2717/1062 5285/2718/1062 5283/761/1061
f 5286/2717/1062 5288/2427/1063 5287/748/1063 5285/2718/1062
f 5288/2427/1063 5290/2719/1064 5289/2720/1064 5287/748/1063
f 5290/2719/1064 5292/2430/1065 5291/724/1065 5289/2720/1064
f 5292/2430/1065 5294/2721/1066 5293/2722/1066 5291/724/1065
f 5294/2721/1066 5296/2433/1067 5295/730/1067 5293/2722/1066
f 5296/2433/1067 5298/2723/1068 5297/2724/1068 5295/730/1067
f 5298/2723/1068 5300/2436/1069 5299/735/1069 5297/2724/1068
f 5300/2436/1069 5302/2725/1070 5301/2726/1070 5299/735/1069
f 5302/2725/1070 5304/2438/1071 5303/739/1071 5301/2726/1070
f 5304/2438/1071 5306/2727/1072 5305/2728/1072 5303/739/1071
f 5306/2727/1072 5308/2441/1073 5307/720/1073 5305/2728/1072
f 5308/2441/1073 5310/2729/1074 5309/2730/1074 5307/720/1073
f 5310/2729/1074 5312/2444/1075 5311/722/1075 5309/2730/1074
f 5312/2444/1075 5314/1251/1076 5313/217/1076 5311/722/1075
f 5314/1251/1076 5316/2447/1077 5315/740/1077 5313/217/1076
f 5316/2447/1077 5318/2731/1078 5317/2732/1078 5315/740/1077
f 5318/2731/1078 5320/2450/1079 5319/734/1079 5317/2732/1078
f 5320/2450/1079 5322/2733/1080 5321/2734/1080 5319/734/1079
f 5322/2733/1080 5324/2453/1081 5323/727/1081 5321/2734/1080
f 5324/2453/1081 5326/2735/1082 5325/2736/1082 5323/727/1081
f 5326/2735/1082 5328/2455/1083 5327/746/1083 5325/2736/1082
f 5328/2455/1083 5330/2737/1084 5329/2738/1084 5327/746/1083
f 5330/2737/1084 5332/2458/1085 5331/762/1085 5329/2738/1084
f 5332/2458/1085 5334/2739/1086 5333/2740/1086 5331/762/1085
f 5334/2739/1086 5336/2461/1087 5335/769/1087 5333/2740/1086
f 5336/2461/1087 5338/2741/1088 5337/2742/1088 5335/769/1087
f 5338/2741/1088 5340/2464/1089 5339/772/1089 5337/2742/1088
f 5340/2464/1089 5342/2743/1090 5341/2744/1090 5339/772/1089
f 5342/2743/1090 5344/2467/1091 5343/754/1091 5341/2744/1090
f 5344/2467/1091 5346/2745/1092 5345/2746/1092 5343/754/1091
f 5346/2745/1092 5348/2470/93 5347/758/93 5345/2746/1092
f 5348/2470/93 5350/2747/1093 5349/2748/1093 5347/758/93
f 5350/2747/1093 5276/1290/1057 5275/104/1057 5349/2748/1093
f 5352/1212/190 5354/1377/191 5353/1378/191 5351/79/190
f 5354/1377/191 5356/1379/192 5355/1380/192 5353/1378/191
f 5356/1379/192 5358/1381/193 5357/1382/193 5355/1380/192
f 5358/1381/193 5360/1383/194 5359/1384/194 5357/1382/193
f 5360/1383/194 5362/1385/195 5361/1386/195 5359/1384/194
f 5362/1385/195 5364/1387/196 5363/1388/196 5361/1386/195
f 5364/1387/196 5366/1389/197 5365/1390/197 5363/1388/196
f 5366/1389/197 5368/1391/1094 5367/1392/1094 5365/1390/197
f 5368/1391/1094 5370/1393/199 5369/1394/199 5367/1392/1094
f 5370/1393/199 5372/1395/200 5371/1396/200 5369/1394/199
f 5372/1395/200 5374/1397/201 5373/1398/201 5371/1396/200
f 5374/1397/201 5376/1399/202 5375/1400/202 5373/1398/201
f 5376/1399/202 5378/1401/203 5377/1402/203 5375/1400/202
f 5378/1401/203 5380/1403/1095 5379/1404/1095 5377/1402/203
f 5380/1403/1095 5382/1405/205 5381/1406/205 5379/1404/1095
f 5382/1405/205 5384/1407/1096 5383/1408/1096 5381/1406/205
f 5384/1407/1096 5386/1409/207 5385/1410/207 5383/1408/1096
f 5386/1409/207 5388/1411/208 5387/1412/208 5385/1410/207
f 5388/1411/208 5390/1413/209 5389/1414/209 5387/1412/208
f 5390/1413/209 5392/1415/210 5391/1416/210 5389/1414/209
f 5392/1415/210 5394/1417/1097 5393/1418/1097 5391/1416/210
f 5394/1417/1097 5396/1419/212 5395/1420/212 5393/1418/1097
f 5396/1419/212 5398/1421/213 5397/1422/213 5395/1420/212
f 5398/1421/213 5400/1423/214 5399/1424/214 5397/1422/213
f 5400/1423/214 5402/1425/215 5401/1426/215 5399/1424/214
f 5402/1425/215 5404/1427/1098 5403/1428/1098 5401/1426/215
f 5404/1427/1098 5406/1429/217 5405/1430/217 5403/1428/1098
f 5406/1429/217 5408/1431/218 5407/1432/218 5405/1430/217
f 5408/1431/218 5410/1433/219 5409/1434/219 5407/1432/218
f 5410/1433/219 5412/1435/220 5411/1436/220 5409/1434/219
f 5412/1435/220 5414/1437/221 5413/1438/221 5411/1436/220
f 5414/1437/221 5416/1439/222 5415/1440/222 5413/1438/221
f 5416/1439/222 5418/1441/223 5417/1442/223 5415/1440/222
f 5418/1441/223 5420/1443/224 5419/1444/224 5417/1442/223
f 5420/1443/224 5422/1445/225 5421/1446/225 5419/1444/224
f 5422/1445/225 5424/1447/226 5423/1448/226 5421/1446/225
f 5424/1447/226 5426/1449/227 5425/1450/227 5423/1448/226
f 5426/1449/227 5428/1451/228 5427/1452/228 5425/1450/227
f 5428/1451/228 5430/1453/229 5429/1454/229 5427/1452/228
f 5430/1453/229 5432/1455/230 5431/1456/230 5429/1454/229
f 5432/1455/230 5434/1457/231 5433/1458/231 5431/1456/230
f 5434/1457/231 5436/1459/232 5435/1460/232 5433/1458/231
f 5436/1459/232 5438/1461/233 5437/1462/233 5435/1460/232
f 5438/1461/233 5440/1463/234 5439/1464/234 5437/1462/233
f 5440/1463/234 5442/1465/235 5441/1466/235 5439/1464/234
f 5442/1465/235 5444/1467/236 5443/1468/236 5441/1466/235
f 5444/1467/236 5446/1469/237 5445/1470/237 5443/1468/236
f 5446/1469/237 5448/1471/238 5447/1472/238 5445/1470/237
f 5448/1471/238 5450/1473/239 5449/1474/239 5447/1472/238
f 5450/1473/239 5452/1475/240 5451/1476/240 5449/1474/239
f 5452/1475/240 5454/1477/241 5453/1478/241 5451/1476/240
f 5454/1477/241 5456/1479/242 5455/1480/242 5453/1478/241
f 5456/1479/242 5458/1481/243 5457/1482/243 5455/1480/242
f 5458/1481/243 5460/1483/244 5459/1484/244 5457/1482/243
f 5460/1483/244 5462/1485/245 5461/1486/245 5459/1484/244
f 5462/1485/245 5464/1487/246 5463/1488/246 5461/1486/245
f 5464/1487/246 5466/1489/247 5465/1490/247 5463/1488/246
f 5466/1489/247 5468/1491/248 5467/1492/248 5465/1490/247
f 5468/1491/248 5470/1493/249 5469/1494/249 5467/1492/248
f 5470/1493/249 5472/1495/250 5471/1496/250 5469/1494/249
f 5472/1495/250 5474/1497/251 5473/1498/251 5471/1496/250
f 5474/1497/251 5476/1499/252 5475/1500/252 5473/1498/251
f 5476/1499/252 5478/1501/253 5477/1502/253 5475/1500/252
f 5478/1501/253 5480/1503/254 5479/1504/254 5477/1502/253
f 5480/1503/254 5482/1505/1099 5481/1506/1099 5479/1504/254
f 5482/1505/1099 5484/1507/1100 5483/1508/1100 5481/1506/1099
f 5484/1507/1100 5486/1509/257 5485/1510/257 5483/1508/1100
f 5486/1509/257 5488/1511/258 5487/1512/258 5485/1510/257
f 5488/1511/258 5490/1513/259 5489/1514/259 5487/1512/258
f 5490/1513/259 5492/1515/260 5491/1516/260 5489/1514/259
f 5492/1515/260 5494/1517/261 5493/1518/261 5491/1516/260
f 5494/1517/261 5496/1519/262 5495/1520/262 5493/1518/261
f 5496/1519/262 5498/1521/263 5497/1522/263 5495/1520/262
f 5498/1521/263 5500/1523/264 5499/1524/264 5497/1522/263
f 5500/1523/264 5502/1525/265 5501/1526/265 5499/1524/264
f 5502/1525/265 5504/1527/266 5503/1528/266 5501/1526/265
f 5504/1527/266 5506/1529/267 5505/1530/267 5503/1528/266
f 5506/1529/267 5508/1531/268 5507/1532/268 5505/1530/267
f 5508/1531/268 5510/1533/269 5509/1534/269 5507/1532/268
f 5510/1533/269 5512/1535/270 5511/1536/270 5509/1534/269
f 5512/1535/270 5514/1537/271 5513/1538/271 5511/1536/270
f 5514/1537/271 5516/1539/1101 5515/1540/1101 5513/1538/271
f 5516/1539/1101 5518/1541/273 5517/1542/273 5515/1540/1101
f 5518/1541/273 5520/1543/274 5519/1544/274 5517/1542/273
f 5520/1543/274 5522/1545/275 5521/1546/275 5519/1544/274
f 5522/1545/275 5524/1547/1102 5523/1548/1102 5521/1546/275
f 5524/1547/1102 5526/1549/277 5525/1550/277 5523/1548/1102
f 5526/1549/277 5528/1551/278 5527/1552/278 5525/1550/277
f 5528/1551/278 5530/1553/279 5529/1554/279 5527/1552/278
f 5530/1553/279 5532/1555/280 5531/1556/280 5529/1554/279
f 5532/1555/280 5534/1557/281 5533/1558/281 5531/1556/280
f 5534/1557/281 5536/1559/282 5535/1560/282 5533/1558/281
f 5536/1559/282 5538/1561/283 5537/1562/283 5535/1560/282
f 5538/1561/283 5540/1563/284 5539/1564/284 5537/1562/283
f 5540/1563/284 5542/1565/285 5541/1566/285 5539/1564/284
f 5542/1565/285 5544/1567/286 5543/1568/286 5541/1566/285
f 5544/1567/286 5546/1569/287 5545/1570/287 5543/1568/286
f 5546/1569/287 5548/1571/288 5547/1572/288 5545/1570/287
f 5548/1571/288 5550/1573/289 5549/1574/289 5547/1572/288
f 5550/1573/289 5552/1575/290 5551/1576/290 5549/1574/289
f 5552/1575/290 5554/1577/291 5553/1578/291 5551/1576/290
f 5554/1577/291 5556/1579/292 5555/1580/292 5553/1578/291
f 5556/1579/292 5558/1581/293 5557/1582/293 5555/1580/292
f 5558/1581/293 5560/1583/294 5559/1584/294 5557/1582/293
f 5560/1583/294 5562/1585/295 5561/1586/295 5559/1584/294
f 5562/1585/295 5564/1587/296 5563/1588/296 5561/1586/295
f 5564/1587/296 5566/1589/297 5565/1590/297 5563/1588/296
f 5566/1589/297 5568/1591/298 5567/1592/298 5565/1590/297
f 5568/1591/298 5570/1593/299 5569/1594/299 5567/1592/298
f 5570/1593/299 5572/1595/300 5571/1596/300 5569/1594/299
f 5572/1595/300 5574/1597/1103 5573/1598/1103 5571/1596/300
f 5574/1597/1103 5576/1599/302 5575/1600/302 5573/1598/1103
f 5576/1599/302 5578/1601/1104 5577/1602/1104 5575/1600/302
f 5578/1601/1104 5580/1603/1105 5579/1604/1105 5577/1602/1104
f 5580/1603/1105 5582/1605/1106 5581/1606/1106 5579/1604/1105
f 5582/1605/1106 5584/1607/306 5583/1608/306 5581/1606/1106
f 5584/1607/306 5586/1609/307 5585/1610/307 5583/1608/306
f 5586/1609/307 5588/1611/1107 5587/1612/1107 5585/1610/307
f 5588/1611/1107 5590/1613/1108 5589/1614/1108 5587/1612/1107
f 5590/1613/1108 5592/1615/310 5591/1616/310 5589/1614/1108
f 5592/1615/310 5594/1617/311 5593/1618/311 5591/1616/310
f 5594/1617/311 5596/1619/312 5595/1620/312 5593/1618/311
f 5596/1619/312 5598/1621/1109 5597/1622/1109 5595/1620/312
f 5598/1621/1109 5600/1623/314 5599/1624/314 5597/1622/1109
f 5600/1623/314 5602/1625/1110 5601/1626/1110 5599/1624/314
f 5602/1625/1110 5604/1627/1111 5603/1628/1111 5601/1626/1110
f 5604/1627/1111 5606/1629/1112 5605/1630/1112 5603/1628/1111
f 5606/1629/1112 5608/1631/318 5607/1632/318 5605/1630/1112
f 5608/1631/318 5610/1633/319 5609/1634/319 5607/1632/318
f 5610/1633/319 5612/1635/320 5611/1636/320 5609/1634/319
f 5612/1635/320 5614/1637/321 5613/1638/321 5611/1636/320
f 5614/1637/321 5616/1639/322 5615/1640/322 5613/1638/321
f 5616/1639/322 5618/1641/323 5617/1642/323 5615/1640/322
f 5618/1641/323 5620/1643/1113 5619/1644/1113 5617/1642/323
f 5620/1643/1113 5622/1645/325 5621/1646/325 5619/1644/1113
f 5622/1645/325 5624/1647/326 5623/1648/326 5621/1646/325
f 5624/1647/326 5352/1290/190 5351/104/190 5623/1648/326
f 5626/1212/327 5628/1649/328 5627/1650/328 5625/79/327
f 5628/1649/328 5630/1651/329 5629/1652/329 5627/1650/328
f 5630/1651/329 5632/1653/330 5631/1654/330 5629/1652/329
f 5632/1653/330 5634/1655/331 5633/1656/331 5631/1654/330
f 5634/1655/331 5636/1657/332 5635/1658/332 5633/1656/331
f 5636/1657/332 5638/1659/1114 5637/1660/1114 5635/1658/332
f 5638/1659/1114 5640/1661/334 5639/1662/334 5637/1660/1114
f 5640/1661/334 5642/1663/1115 5641/1664/1115 5639/1662/334
f 5642/1663/1115 5644/1665/336 5643/1666/336 5641/1664/1115
f 5644/1665/336 5646/1667/337 5645/1668/337 5643/1666/336
f 5646/1667/337 5648/1669/338 5647/1670/338 5645/1668/337
f 5648/1669/338 5650/1671/1116 5649/1672/1116 5647/1670/338
f 5650/1671/1116 5652/1673/104 5651/1674/104 5649/1672/1116
f 5652/1673/104 5654/1675/341 5653/1676/341 5651/1674/104
f 5654/1675/341 5656/1677/1117 5655/1678/1117 5653/1676/341
f 5656/1677/1117 5658/1679/1118 5657/1680/1118 5655/1678/1117
f 5658/1679/1118 5660/1681/1119 5659/1682/1119 5657/1680/1118
f 5660/1681/1119 5662/1683/345 5661/1684/345 5659/1682/1119
f 5662/1683/345 5664/1685/346 5663/1686/346 5661/1684/345
f 5664/1685/346 5666/1687/347 5665/1688/347 5663/1686/346
f 5666/1687/347 5668/1689/348 5667/1690/348 5665/1688/347
f 5668/1689/348 5670/1691/349 5669/1692/349 5667/1690/348
f 5670/1691/349 5672/1693/350 5671/1694/350 5669/1692/349
f 5672/1693/350 5674/1695/351 5673/1696/351 5671/1694/350
f 5674/1695/351 5676/1697/352 5675/1698/352 5673/1696/351
f 5676/1697/352 5678/1699/353 5677/1700/353 5675/1698/352
f 5678/1699/353 5680/1701/1120 5679/1702/1120 5677/1700/353
f 5680/1701/1120 5682/1703/355 5681/1704/355 5679/1702/1120
f 5682/1703/355 5684/1705/356 5683/1706/356 5681/1704/355
f 5684/1705/356 5686/1707/357 5685/1708/357 5683/1706/356
f 5686/1707/357 5688/1709/358 5687/1710/358 5685/1708/357
f 5688/1709/358 5690/1711/359 5689/1712/359 5687/1710/358
f 5690/1711/359 5692/1713/1121 5691/1714/1121 5689/1712/359
f 5692/1713/1121 5694/1715/361 5693/1716/361 5691/1714/1121
f 5694/1715/361 5696/1717/362 5695/1718/362 5693/1716/361
f 5696/1717/362 5698/1719/363 5697/1720/363 5695/1718/362
f 5698/1719/363 5626/1290/327 5625/104/327 5697/1720/363
f 5700/1212/1122 5702/2749/1123 5701/2750/1123 5699/79/1122
f 5702/2749/1123 5704/2751/1124 5703/2752/1124 5701/2750/1123
f 5704/2751/1124 5706/2753/1125 5705/2754/1125 5703/2752/1124
f 5706/2753/1125 5708/2755/1126 5707/2756/1126 5705/2754/1125
f 5708/2755/1126 5710/2757/1127 5709/2758/1127 5707/2756/1126
f 5710/2757/1127 5712/2759/1128 5711/2760/1128 5709/2758/1127
f 5712/2759/1128 5714/2071/1129 5713/2072/1129 5711/2760/1128
f 5714/2071/1129 5716/2761/1130 5715/2762/1130 5713/2072/1129
f 5716/2761/1130 5718/2763/1131 5717/2764/1131 5715/2762/1130
f 5718/2763/1131 5720/2765/1132 5719/2766/1132 5717/2764/1131
f 5720/2765/1132 5722/2767/1133 5721/2768/1133 5719/2766/1132
f 5722/2767/1133 5724/2769/1134 5723/2770/1134 5721/2768/1133
f 5724/2769/1134 5726/2771/1135 5725/2772/1135 5723/2770/1134
f 5726/2771/1135 5728/2077/1136 5727/1161/1136 5725/2772/1135
f 5728/2077/1136 5730/2773/1137 5729/2774/1137 5727/1161/1136
f 5730/2773/1137 5732/2775/1138 5731/2776/1138 5729/2774/1137
f 5732/2775/1138 5734/2777/1139 5733/2778/1139 5731/2776/1138
f 5734/2777/1139 5736/2779/1140 5735/2780/1140 5733/2778/1139
f 5736/2779/1140 5738/2781/1141 5737/2782/1141 5735/2780/1140
f 5738/2781/1141 5740/2783/1142 5739/2784/1142 5737/2782/1141
f 5740/2783/1142 5742/2084/1143 5741/2085/1143 5739/2784/1142
f 5742/2084/1143 5744/2785/1144 5743/2786/1144 5741/2085/1143
f 5744/2785/1144 5746/2787/1145 5745/2788/1145 5743/2786/1144
f 5746/2787/1145 5748/2789/1146 5747/2790/1146 5745/2788/1145
f 5748/2789/1146 5750/2791/1147 5749/2792/1147 5747/2790/1146
f 5750/2791/1147 5752/2793/1148 5751/2794/1148 5749/2792/1147
f 5752/2793/1148 5754/2795/1149 5753/2796/1149 5751/2794/1148
f 5754/2795/1149 5756/2090/1150 5755/1151/1150 5753/2796/1149
f 5756/2090/1150 5758/2797/1151 5757/2798/1151 5755/1151/1150
f 5758/2797/1151 5760/2799/1152 5759/2800/1152 5757/2798/1151
f 5760/2799/1152 5762/2801/1153 5761/2802/1153 5759/2800/1152
f 5762/2801/1153 5764/2803/1154 5763/2804/1154 5761/2802/1153
f 5764/2803/1154 5766/2805/1155 5765/2806/1155 5763/2804/1154
f 5766/2805/1155 5768/2807/1156 5767/2808/1156 5765/2806/1155
f 5768/2807/1156 5770/2097/1157 5769/2098/1157 5767/2808/1156
f 5770/2097/1157 5772/2809/1158 5771/2810/1158 5769/2098/1157
f 5772/2809/1158 5774/2811/1159 5773/2812/1159 5771/2810/1158
f 5774/2811/1159 5776/2813/1160 5775/2814/1160 5773/2812/1159
f 5776/2813/1160 5778/2815/1161 5777/2816/1161 5775/2814/1160
f 5778/2815/1161 5780/2817/1162 5779/2818/1162 5777/2816/1161
f 5780/2817/1162 5782/2819/1163 5781/2820/1163 5779/2818/1162
f 5782/2819/1163 5784/2103/1164 5783/1146/1164 5781/2820/1163
f 5784/2103/1164 5786/2821/1165 5785/2822/1165 5783/1146/1164
f 5786/2821/1165 5788/2823/1166 5787/2824/1166 5785/2822/1165
f 5788/2823/1166 5790/2825/1167 5789/2826/1167 5787/2824/1166
f 5790/2825/1167 5792/2827/1168 5791/2828/1168 5789/2826/1167
f 5792/2827/1168 5794/2829/1169 5793/2830/1169 5791/2828/1168
f 5794/2829/1169 5796/2831/1170 5795/2832/1170 5793/2830/1169
f 5796/2831/1170 5798/1251/1171 5797/217/1171 5795/2832/1170
f 5798/1251/1171 5800/2833/1172 5799/2834/1172 5797/217/1171
f 5800/2833/1172 5802/2835/1173 5801/2836/1173 5799/2834/1172
f 5802/2835/1173 5804/2837/1174 5803/2838/1174 5801/2836/1173
f 5804/2837/1174 5806/2839/1175 5805/2840/1175 5803/2838/1174
f 5806/2839/1175 5808/2841/1176 5807/2842/1176 5805/2840/1175
f 5808/2841/1176 5810/2843/1177 5809/2844/1177 5807/2842/1176
f 5810/2843/1177 5812/2116/1178 5811/1165/1178 5809/2844/1177
f 5812/2116/1178 5814/2845/1179 5813/2846/1179 5811/1165/1178
f 5814/2845/1179 5816/2847/1180 5815/2848/1180 5813/2846/1179
f 5816/2847/1180 5818/2849/1181 5817/2850/1181 5815/2848/1180
f 5818/2849/1181 5820/2851/1182 5819/2852/1182 5817/2850/1181
f 5820/2851/1182 5822/2853/1183 5821/2854/1183 5819/2852/1182
f 5822/2853/1183 5824/2855/1184 5823/2856/1184 5821/2854/1183
f 5824/2855/1184 5826/2121/1185 5825/2122/1185 5823/2856/1184
f 5826/2121/1185 5828/2857/1186 5827/2858/1186 5825/2122/1185
f 5828/2857/1186 5830/2859/1187 5829/2860/1187 5827/2858/1186
f 5830/2859/1187 5832/2861/1188 5831/2862/1188 5829/2860/1187
f 5832/2861/1188 5834/2863/1189 5833/2864/1189 5831/2862/1188
f 5834/2863/1189 5836/2865/1190 5835/2866/1190 5833/2864/1189
f 5836/2865/1190 5838/2867/1191 5837/2868/1191 5835/2866/1190
f 5838/2867/1191 5840/2129/1192 5839/1185/1192 5837/2868/1191
f 5840/2129/1192 5842/2869/1193 5841/2870/1193 5839/1185/1192
f 5842/2869/1193 5844/2871/1194 5843/2872/1194 5841/2870/1193
f 5844/2871/1194 5846/2873/1195 5845/2874/1195 5843/2872/1194
f 5846/2873/1195 5848/2875/1196 5847/2876/1196 5845/2874/1195
f 5848/2875/1196 5850/2877/1197 5849/2878/1197 5847/2876/1196
f 5850/2877/1197 5852/2879/1198 5851/2880/1198 5849/2878/1197
f 5852/2879/1198 5854/2134/1199 5853/2135/1199 5851/2880/1198
f 5854/2134/1199 5856/2881/1200 5855/2882/1200 5853/2135/1199
f 5856/2881/1200 5858/2883/1201 5857/2884/1201 5855/2882/1200
f 5858/2883/1201 5860/2885/1202 5859/2886/1202 5857/2884/1201
f 5860/2885/1202 5862/2887/1203 5861/2888/1203 5859/2886/1202
f 5862/2887/1203 5864/2889/1204 5863/2890/1204 5861/2888/1203
f 5864/2889/1204 5866/2891/1205 5865/2892/1205 5863/2890/1204
f 5866/2891/1205 5868/2142/1206 5867/1190/1206 5865/2892/1205
f 5868/2142/1206 5870/2893/1207 5869/2894/1207 5867/1190/1206
f 5870/2893/1207 5872/2895/1208 5871/2896/1208 5869/2894/1207
f 5872/2895/1208 5874/2897/1209 5873/2898/1209 5871/2896/1208
f 5874/2897/1209 5876/2899/1210 5875/2900/1210 5873/2898/1209
f 5876/2899/1210 5878/2901/1211 5877/2902/1211 5875/2900/1210
f 5878/2901/1211 5880/2903/1212 5879/2904/1212 5877/2902/1211
f 5880/2903/1212 5882/2147/1213 5881/2148/1213 5879/2904/1212
f 5882/2147/1213 5884/2905/1214 5883/2906/1214 5881/2148/1213
f 5884/2905/1214 5886/2907/1215 5885/2908/1215 5883/2906/1214
f 5886/2907/1215 5888/2909/1216 5887/2910/1216 5885/2908/1215
f 5888/2909/1216 5890/2911/1217 5889/2912/1217 5887/2910/1216
f 5890/2911/1217 5892/2913/1218 5891/2914/1218 5889/2912/1217
f 5892/2913/1218 5894/2915/1219 5893/2916/1219 5891/2914/1218
f 5894/2915/1219 5700/1290/1122 5699/104/1122 5893/2916/1219
f 5896/1212/1220 5898/2917/1221 5897/2918/1221 5895/79/1220
f 5898/2917/1221 5900/1649/1222 5899/1650/1222 5897/2918/1221
f 5900/1649/1222 5902/2919/1223 5901/2920/1223 5899/1650/1222
f 5902/2919/1223 5904/1651/1224 5903/1652/1224 5901/2920/1223
f 5904/1651/1224 5906/2921/1225 5905/2922/1225 5903/1652/1224
f 5906/2921/1225 5908/1653/1226 5907/1654/1226 5905/2922/1225
f 5908/1653/1226 5910/2923/1227 5909/2924/1227 5907/1654/1226
f 5910/2923/1227 5912/1655/1228 5911/1656/1228 5909/2924/1227
f 5912/1655/1228 5914/2925/1229 5913/2926/1229 5911/1656/1228
f 5914/2925/1229 5916/1657/1230 5915/1658/1230 5913/2926/1229
f 5916/1657/1230 5918/2927/1231 5917/2928/1231 5915/1658/1230
f 5918/2927/1231 5920/1659/1232 5919/1660/1232 5917/2928/1231
f 5920/1659/1232 5922/2929/1233 5921/2930/1233 5919/1660/1232
f 5922/2929/1233 5924/1661/1234 5923/1662/1234 5921/2930/1233
f 5924/1661/1234 5926/2931/1235 5925/2932/1235 5923/1662/1234
f 5926/2931/1235 5928/1663/1236 5927/1664/1236 5925/2932/1235
f 5928/1663/1236 5930/2933/1237 5929/2934/1237 5927/1664/1236
f 5930/2933/1237 5932/1665/1238 5931/1666/1238 5929/2934/1237
f 5932/1665/1238 5934/2935/1239 5933/2936/1239 5931/1666/1238
f 5934/2935/1239 5936/1667/1240 5935/1668/1240 5933/2936/1239
f 5936/1667/1240 5938/2937/1241 5937/2938/1241 5935/1668/1240
f 5938/2937/1241 5940/1669/1242 5939/1670/1242 5937/2938/1241
f 5940/1669/1242 5942/2939/1243 5941/2940/1243 5939/1670/1242
f 5942/2939/1243 5944/1671/1244 5943/1672/1244 5941/2940/1243
f 5944/1671/1244 5946/2941/1245 5945/2942/1245 5943/1672/1244
f 5946/2941/1245 5948/1673/1246 5947/1674/1246 5945/2942/1245
f 5948/1673/1246 5950/2943/1247 5949/2944/1247 5947/1674/1246
f 5950/2943/1247 5952/1675/1248 5951/1676/1248 5949/2944/1247
f 5952/1675/1248 5954/2945/1249 5953/2946/1249 5951/1676/1248
f 5954/2945/1249 5956/1677/1250 5955/1678/1250 5953/2946/1249
f 5956/1677/1250 5958/2947/1251 5957/2948/1251 5955/1678/1250
f 5958/2947/1251 5960/1679/1252 5959/1680/1252 5957/2948/1251
f 5960/1679/1252 5962/2949/1253 5961/2950/1253 5959/1680/1252
f 5962/2949/1253 5964/1681/1254 5963/1682/1254 5961/2950/1253
f 5964/1681/1254 5966/2951/1255 5965/2952/1255 5963/1682/1254
f 5966/2951/1255 5968/1683/1256 5967/1684/1256 5965/2952/1255
f 5968/1683/1256 5970/1251/1257 5969/217/1257 5967/1684/1256
f 5970/1251/1257 5972/1685/1258 5971/1686/1258 5969/217/1257
f 5972/1685/1258 5974/2953/1259 5973/2954/1259 5971/1686/1258
f 5974/2953/1259 5976/1687/1260 5975/1688/1260 5973/2954/1259
f 5976/1687/1260 5978/2955/1261 5977/2956/1261 5975/1688/1260
f 5978/2955/1261 5980/1689/1262 5979/1690/1262 5977/2956/1261
f 5980/1689/1262 5982/2957/1263 5981/2958/1263 5979/1690/1262
f 5982/2957/1263 5984/1691/1264 5983/1692/1264 5981/2958/1263
f 5984/1691/1264 5986/2959/1265 5985/2960/1265 5983/1692/1264
f 5986/2959/1265 5988/1693/1266 5987/1694/1266 5985/2960/1265
f 5988/1693/1266 5990/2961/1267 5989/2962/1267 5987/1694/1266
f 5990/2961/1267 5992/1695/1268 5991/1696/1268 5989/2962/1267
f 5992/1695/1268 5994/2963/1269 5993/2964/1269 5991/1696/1268
f 5994/2963/1269 5996/1697/1270 5995/1698/1270 5993/2964/1269
f 5996/1697/1270 5998/2965/1271 5997/2966/1271 5995/1698/1270
f 5998/2965/1271 6000/1699/1272 5999/1700/1272 5997/2966/1271
f 6000/1699/1272 6002/2967/1273 6001/2968/1273 5999/1700/1272
f 6002/2967/1273 6004/1701/1274 6003/1702/1274 6001/2968/1273
f 6004/1701/1274 6006/2969/1275 6005/2970/1275 6003/1702/1274
f 6006/2969/1275 6008/1703/1276 6007/1704/1276 6005/2970/1275
f 6008/1703/1276 6010/2971/1277 6009/2972/1277 6007/1704/1276
f 6010/2971/1277 6012/1705/1011 6011/1706/1011 6009/2972/1277
f 6012/1705/1011 6014/2973/1278 6013/2974/1278 6011/1706/1011
f 6014/2973/1278 6016/1707/1279 6015/1708/1279 6013/2974/1278
f 6016/1707/1279 6018/2975/1280 6017/2976/1280 6015/1708/1279
f 6018/2975/1280 6020/1709/1281 6019/1710/1281 6017/2976/1280
f 6020/1709/1281 6022/2977/1282 6021/2978/1282 6019/1710/1281
f 6022/2977/1282 6024/1711/1283 6023/1712/1283 6021/2978/1282
f 6024/1711/1283 6026/2979/1284 6025/2980/1284 6023/1712/1283
f 6026/2979/1284 6028/1713/1285 6027/1714/1285 6025/2980/1284
f 6028/1713/1285 6030/2981/1286 6029/2982/1286 6027/1714/1285
f 6030/2981/1286 6032/1715/1287 6031/1716/1287 6029/2982/1286
f 6032/1715/1287 6034/2983/1288 6033/2984/1288 6031/1716/1287
f 6034/2983/1288 6036/1717/1289 6035/1718/1289 6033/2984/1288
f 6036/1717/1289 6038/2985/1290 6037/2986/1290 6035/1718/1289
f 6038/2985/1290 6040/1719/1291 6039/1720/1291 6037/2986/1290
f 6040/1719/1291 6042/2987/1292 6041/2988/1292 6039/1720/1291
f 6042/2987/1292 5896/1290/1220 5895/104/1220 6041/2988/1292
f 6044/1212/1293 6046/2989/1294 6045/2990/1294 6043/79/1293
f 6046/2989/1294 6048/2991/469 6047/2992/469 6045/2990/1294
f 6048/2991/469 6050/2993/1295 6049/2994/1295 6047/2992/469
f 6050/2993/1295 6052/2995/1296 6051/2996/1296 6049/2994/1295
f 6052/2995/1296 6054/1292/1297 6053/230/1297 6051/2996/1296
f 6054/1292/1297 6056/2997/1298 6055/2998/1298 6053/230/1297
f 6056/2997/1298 6058/2999/1299 6057/3000/1299 6055/2998/1298
f 6058/2999/1299 6060/3001/1300 6059/3002/1300 6057/3000/1299
f 6060/3001/1300 6062/3003/1301 6061/3004/1301 6059/3002/1300
f 6062/3003/1301 6064/1294/1302 6063/222/1302 6061/3004/1301
f 6064/1294/1302 6066/3005/1303 6065/3006/1303 6063/222/1302
f 6066/3005/1303 6068/3007/1304 6067/3008/1304 6065/3006/1303
f 6068/3007/1304 6070/3009/1305 6069/3010/1305 6067/3008/1304
f 6070/3009/1305 6072/3011/1306 6071/3012/1306 6069/3010/1305
f 6072/3011/1306 6074/1295/1307 6073/347/1307 6071/3012/1306
f 6074/1295/1307 6076/3013/1308 6075/3014/1308 6073/347/1307
f 6076/3013/1308 6078/3015/1309 6077/3016/1309 6075/3014/1308
f 6078/3015/1309 6080/3017/1310 6079/3018/1310 6077/3016/1309
f 6080/3017/1310 6082/3019/1311 6081/3020/1311 6079/3018/1310
f 6082/3019/1311 6084/1297/1312 6083/260/1312 6081/3020/1311
f 6084/1297/1312 6086/3021/1313 6085/3022/1313 6083/260/1312
f 6086/3021/1313 6088/3023/1314 6087/3024/1314 6085/3022/1313
f 6088/3023/1314 6090/3025/1315 6089/3026/1315 6087/3024/1314
f 6090/3025/1315 6092/3027/539 6091/3028/539 6089/3026/1315
f 6092/3027/539 6044/1290/1293 6043/104/1293 6091/3028/539
